customer_id,name,email,city,signup_date
1,Enrico Guicciardini-Corbo,hguglielmi@example.org,Nervi,2026-04-05
2,Ida Leonardi,gaglianotonia@example.net,Progresso,2025-05-27
3,Margherita Polizzi-Basso,morgagnimicheletto@example.net,Gratteri,2025-04-24
4,Germana Monaco,sokoloveugenia@example.org,Alpicella,2025-11-18
5,Pasquale Innocenti,alussu@example.net,Champdepraz,2025-01-30
6,Sole Gibilisco,jovinellimargherita@example.net,Eores,2024-08-02
7,Luca Catalano,pietronosiglia@example.org,Monteverdi Marittimo,2026-07-03
8,Sig.ra Gabriella Troisi,annetta58@example.com,Alteta,2024-09-01
9,Diana Saffi,spallanzanialberto@example.com,Masate,2026-02-10
10,Donatello Babati,ifermi@example.net,Olevano Romano,2024-02-29
11,Sig. Ottavio Mazzocchi,bettinaprodi@example.net,Villar Focchiardo,2026-06-26
12,Arsenio Ludovisi-Storladi,farinaadele@example.com,Pizzo Marina,2025-02-19
13,Sophia Einaudi,amletopiovani@example.com,Borgo Sassoferrato,2025-12-22
14,Romolo Alonzi,riccimarcantonio@example.com,Boscoreale,2025-12-03
15,Luisa Baracca,masmundo@example.net,Castelnuovo Del Garda,2026-04-21
16,Dott. Anita Scarpetta,argentogiacomo@example.net,Jerzu,2025-07-03
17,Goffredo Rosiello,ferdinando09@example.com,Allume,2026-08-29
18,Ignazio Gagliano,mazzantifausto@example.com,San Giovanni Li Greci,2023-09-23
19,Maria Mozart-Bellucci,alderanobova@example.com,Succiso,2025-08-27
20,Massimo Pederiva,gabriele19@example.com,Pietrapiana,2024-01-15
21,Martina Gonzaga,michelangelo60@example.org,Savignano Stazione,2024-07-11
22,Benvenuto Nicolucci,fgarrone@example.com,Sant'Angelo Le Fratte,2026-09-21
23,Severino Cuda,vbianchini@example.net,Mirandola,2024-10-25
24,Ettore Garibaldi,gioelelanfranchi@example.net,Vieyes,2024-01-30
25,Ornella Roccabonella,sandro81@example.org,Arigliano,2025-10-20
26,Angelina Baglioni,eraldo22@example.org,Saturnana,2024-04-01
27,Stefani Chinnici,ranierirubbia@example.net,San Michele Di Serino,2025-12-02
28,Dott. Priscilla Bodoni,tatiana39@example.org,Prags,2024-08-01
29,Imelda Squarcione,ynaccari@example.com,Valdagno,2023-11-06
30,Lucia Bresciani-Bettoni,gastone28@example.org,Nusco,2024-02-07
31,Raffaellino Gentili-Simeoni,smonte@example.com,Bozzana,2025-10-25
32,Ciro Trupiano,kluna@example.net,Bibola,2024-02-20
33,Arnaldo Borroni,stefanopriuli@example.org,San Mauro Torinese,2024-06-14
34,Nadia Malatesta,ovadiaeliana@example.net,Villa Bissone,2025-03-24
35,Lisa Micca,giovanna42@example.com,Angeli Di Rosora,2026-08-18
36,Alessia Carriera,grazianocombi@example.net,Leni,2026-03-13
37,Antonina Modugno,renaultlodovico@example.org,Marmore,2025-03-08
38,Dott. Ciro Sraffa,pininfarinatullio@example.net,Teglio Veneto,2025-10-03
39,Amico Badoglio-Zampa,michelagaltarossa@example.net,Lentate Sul Seveso,2026-04-02
40,Paulina Antonacci,angelinagoldstein@example.net,Marling,2025-06-20
41,Stefani Cafarchia-Piccinni,morena68@example.org,Fiumefreddo Di Sicilia,2024-12-19
42,Sig. Gioele Buonauro,letizia79@example.org,Valledolmo,2026-05-02
43,Sig.ra Rosa Migliaccio,luciaruggieri@example.org,Porto Fuori,2024-02-12
44,Rita Cusano,pburcardo@example.org,Drapia,2025-01-15
45,Caterina Castioni,telemaco50@example.org,Papanice,2025-09-21
46,Ferdinando Bottigliero-Milanesi,castionicorrado@example.org,Vernasca,2024-09-06
47,Dott. Romina Pavone,coardioreste@example.net,Persano,2023-10-12
48,Flora Fuseli,calcedonio16@example.net,Sailetto,2024-03-23
49,Dott. Fabrizia Togliatti,vittoriosanti@example.com,Castellonorato,2025-01-22
50,Gaspare Siffredi,borgheseraffaellino@example.org,Montebello Della Battaglia,2025-05-04
51,Gioacchino Almagià-Marrone,briccialdiruggiero@example.net,Pontelongo,2025-12-07
52,Dott. Baldassare Giannuzzi,stellabianchini@example.org,Marina Di Vietri,2024-03-27
53,Galasso Mazzanti,kfantozzi@example.net,Solero,2024-04-14
54,Dolores Doria,atenulfcelentano@example.com,Pozzi,2025-11-08
55,Dott. Pasquale Salata,rtoscanini@example.org,Leggiuno,2024-04-11
56,Dott. Vittoria Donà,sgentili@example.org,Agliano,2025-12-30
57,Sig.ra Isa Liguori,antonellopedrazzini@example.com,Casate,2026-04-01
58,Michelangelo Scarponi,dianacilibrasi@example.net,Giuliopoli,2025-02-19
59,Amanda Gagliardi,leopoldocagnotto@example.org,Acciano,2026-08-24
60,Bianca Ritacca,ariavittadello@example.net,Plan D'Introd,2023-10-09
61,Maura Pisaroni,zspanevello@example.com,Kortsch,2024-08-12
62,Giacomo Persico,marcantoniobacosi@example.com,Spicchio,2026-02-18
63,Antonella Innocenti,fabiacombi@example.net,Preitoni,2024-08-12
64,Vincentio Nicolini,flaviofinzi@example.net,Piccarello,2026-06-21
65,Dott. Letizia Salieri,deleddaberenice@example.com,Varco Sabino,2025-09-15
66,Gioele Pigafetta,donnacagnin@example.org,Saletto Di Vigodarzere,2024-07-31
67,Lodovico Agnesi,angelocuriel@example.net,San Pier Marina,2024-08-16
68,Amanda Sagnelli,andreozzijolanda@example.com,Stanghella,2026-04-11
69,Benito Gritti,amondadori@example.com,Calvanico,2025-05-19
70,Sonia Sauro-Lercari,nturchetta@example.org,Centergross,2025-07-19
71,Sig. Gaspare Montecchi,pbixio@example.net,Casacanditella,2023-12-31
72,Michelotto Corcos,dgargallo@example.com,Montacuto,2026-06-20
73,Stefania Lettiere,matildavergerio@example.com,Fossato Di Vico Stazione,2024-11-21
74,Vanessa Dellucci,ninetta96@example.net,Gradoli,2025-10-15
75,Caterina Gottardi,robertamattarella@example.org,Cipressa,2024-03-12
76,Rossana Battisti,pizzoadele@example.net,Rocchetta Di Vara,2024-05-20
77,Dina Golino,santeorlando@example.org,Castelnuovo Di San Pio Delle Camere,2026-01-26
78,Sig. Coriolano Chindamo,pasquale52@example.org,Redona,2026-01-11
79,Valentina Sabatini,lettieredante@example.net,Arsie',2024-01-24
80,Sophia Bacosi,ilariazacco@example.org,Pracando,2024-10-22
81,Diana Perini,donatello68@example.org,Sandon,2023-11-02
82,Arturo Trapanese,renatamorandini@example.com,Rocchetta Sant'Antonio Stazione,2026-03-19
83,Tonia Udinesi,costanzipier@example.com,Corna Imagna,2026-03-14
84,Rossana Spanevello,benvenuto95@example.net,Weißenbach,2026-03-28
85,Gaspare Cavalcanti,aria52@example.org,Masiera,2025-09-28
86,Angelo Comolli,fabrizibenvenuto@example.org,Nocera Superiore,2023-12-07
87,Dott. Stefani Piccio,almagiaeraldo@example.com,Brindisi Casale,2024-12-20
88,Giorgia Telesio,matilda56@example.com,San Carlo D'Ascoli,2024-01-27
89,Irma Ferrari,dbabbo@example.org,Monterone,2025-05-28
90,Vincenza Venturi,nmarino@example.com,Rio Marina,2026-01-02
91,Saverio Bosio,vsalvemini@example.com,Chieuti,2026-08-01
92,Ramona Toso,hugo67@example.net,Valle Di Murialdo,2026-09-07
93,Gioacchino Pedersoli-Interiano,marissaacerbi@example.com,Molvena,2025-07-26
94,Leopoldo Camiscione-Tamburini,rdonini@example.org,Selvapiana,2025-07-23
95,Romina Comencini,ruggeriantonio@example.org,Monte Terminillo,2024-04-26
96,Lucrezia Giannuzzi,ugalilei@example.org,Borgo Panigale,2024-09-30
97,Pellegrino Errani,laracattaneo@example.net,Martina Franca,2025-09-02
98,Camilla Ceschi,flora70@example.net,Teti,2024-04-11
99,Ninetta Spallanzani,marinettistefania@example.org,Platania,2024-04-20
100,Dott. Rodolfo Argenti,mezzettagiampaolo@example.com,Franzensfeste,2025-06-17
101,Gianfrancesco Mozart,mazzinimario@example.net,Cirello,2026-03-01
102,Livio Scarfoglio,giustino69@example.net,San Colombano Belmonte,2025-05-29
103,Benedetto Draghi,mpassalacqua@example.net,Castello Del Lago,2023-11-12
104,Guarino Salata,mbabati@example.org,Trana,2026-03-25
105,Gemma Caetani,agostinoantonacci@example.net,Camerana,2023-10-29
106,Graziella Beccheria,angelicafederici@example.net,Borgnano,2025-06-06
107,Corrado Prodi,mozartgirolamo@example.org,Roseto Degli Abruzzi,2025-06-29
108,Enzo Verdone,sergiusasmundo@example.org,Ahrntal,2026-07-17
109,Livia Cesarotti,rolando46@example.org,Cassano Allo Ionio,2024-08-20
110,Galasso Caccioppoli,ginomontanari@example.com,Cagnano,2025-11-04
111,Delfino Barillaro,gmantegazza@example.net,San Pietro Del Gallo,2026-02-06
112,Dott. Simone Ferragamo,hmontesano@example.net,Settecannoli,2026-01-05
113,Laureano Zoppetti,stornatore@example.org,Gargazzone,2024-09-05
114,Gian Foà,arsenio83@example.com,Taisten,2025-12-17
115,Nanni Colletti,ippazio12@example.org,Isorelle,2026-08-10
116,Romeo Renault-Salvini,pina60@example.net,Avigliana,2024-11-13
117,Natalia Ferrara,gbarbarigo@example.org,San Sossio Baronia,2024-10-27
118,Tina Mennea,fedeleparisi@example.org,Avelengo,2026-09-01
119,Eva Fermi,giuliettapareto@example.net,Conca Casale,2024-09-28
120,Vittoria Sonnino,milofilangieri@example.com,Sorbo,2026-08-14
121,Mattia Saracino,borromeoflavio@example.com,Vigliano,2025-11-19
122,Sig.ra Germana Inzaghi,matilda13@example.net,Casiacco,2025-09-24
123,Ugo Giusti,eraldo89@example.org,Gallo Bolognese,2026-01-02
124,Umberto Pisaroni-Modigliani,brunovolterra@example.com,Poggio Mirteto Scalo,2024-04-13
125,Pasquale Salata,erespighi@example.org,Villefranche,2023-10-09
126,Margherita Rensi,gionata53@example.net,Carisolo,2025-04-06
127,Monica Chiaramonte,santinomonti@example.com,Sant'Angelo A Scala,2025-11-28
128,Mario Visconti-Bonatti,amandaparmitano@example.org,San Martino In Passiria,2025-02-28
129,Emma Balbi,gpometta@example.net,Santi Cosma E Damiano,2025-05-31
130,Patrizio Badoer,goffredo95@example.com,Torre Pellice,2024-04-09
131,Emma Vergassola,borzomipietro@example.org,Cappella,2024-07-03
132,Nino Broschi,bettina62@example.org,Illegio,2026-06-01
133,Gioacchino Vidoni,mferraris@example.org,Le Regine,2026-04-07
134,Piermaria Semitecolo,marina54@example.com,Brindisi Montagna,2024-05-25
135,Angelina Toscanini,imelda11@example.org,Forca Di Valle,2025-04-06
136,Ivan Ferrante,nedda04@example.net,Madonna Di Pietravolta,2025-11-25
137,Carlo Cendron,rosacastioni@example.net,Padenghe Sul Garda,2024-07-14
138,Antonello Vigorelli,wcafarchia@example.net,Opera,2025-03-24
139,Sig.ra Annunziata Donini,ansaldoveneziano@example.net,Florinas,2025-10-24
140,Dott. Paoletta Bixio,luccianoromana@example.org,Cercino,2026-06-22
141,Valerio Leopardi,ramazzottibeppe@example.com,Castelbello Ciardes,2024-12-11
142,Rossana Vergassola,kcerutti@example.com,Casalmorano,2024-03-12
143,Angelina Gadda-Briccialdi,dinagemito@example.com,La Villa,2026-04-10
144,Claudio Cugia,adeleantonioni@example.com,Regnana,2025-12-18
145,Lucrezia Granatelli,comenciniernesto@example.com,Pollein,2024-09-14
146,Giulietta Babbo,mverdi@example.net,Pieve Di Compresseto,2026-08-13
147,Irma Ricolfi,vsanudo@example.net,Castelletto Stura,2024-05-29
148,Valentina Cheda,ricolfiludovico@example.net,Bigarello,2024-07-27
149,Lauretta Traversa,battistigraziella@example.com,Meri',2025-04-20
150,Elena Mazzanti,melissa95@example.com,Fratte Di Sassofeltrio,2024-11-26
151,Sabatino Venier,mazzacuratigemma@example.com,Oliveri,2025-01-08
152,Elladio Antonini,bignamiansaldo@example.org,Colonia Arnaldi,2025-08-09
153,Orlando Cundari,dossettisylvia@example.org,Oschiri,2024-08-26
154,Mattia Gilardoni-Viviani,yligorio@example.net,Paina,2026-07-17
155,Piermaria Bettoni,gtedesco@example.com,San Francesco Al Campo,2025-04-01
156,Hugo Maffei-Serlupi,isa57@example.com,Boccia Al Mauro,2024-01-17
157,Cecilia Treccani-Trussardi,gianvecchiovalentina@example.net,Licciana Nardi,2024-06-10
158,Dott. Giorgia Sauro,righihugo@example.net,Beregazzo,2025-02-06
159,Sig. Alphons Surian,tonia34@example.com,Tripoli,2023-11-07
160,Iolanda Passalacqua,nconte@example.net,Gratteri,2025-05-16
161,Pellegrino Ficino,cecilia15@example.net,Lezzeno,2024-02-15
162,Carlo Rossetti,massimoariosto@example.org,La Carnia,2024-06-22
163,Dott. Ettore Mascheroni,qalighieri@example.net,Montegrosso D'Asti Stazione,2024-07-27
164,Pasquale Saracino,virginiavalguarnera@example.com,Orta Nova,2026-04-06
165,Lucrezia Cuomo,mchigi@example.com,Groppo,2026-08-09
166,Rosaria Campano,sbertoli@example.org,Pozzolo,2023-11-24
167,Anita Parri,oporcellato@example.net,Mergnano San Savino,2024-04-10
168,Dott. Rosina Modugno,mediciadelmo@example.org,Buja,2025-07-09
169,Tonia Lussu,vincentio97@example.net,Pinasca,2024-12-08
170,Alessandra Dibiasi,dandololaura@example.org,Villaggio Del Pescatore,2025-09-07
171,Dott. Enzio Comboni,pignattistefania@example.net,Assago,2025-05-11
172,Carla Morabito-Dovara,epininfarina@example.com,Forlì,2024-11-28
173,Agnolo Bergoglio,rolandociani@example.com,Ceniga,2024-04-24
174,Serafina Duodo,bassimario@example.net,Episcopia,2024-08-16
175,Sig. Ugo Vecoli,carmeloalbertini@example.net,Solero,2026-08-20
176,Arturo Speri,xspallanzani@example.com,Prarostino,2025-09-04
177,Pasqual Palazzo,serenatanzini@example.net,Beroide,2023-10-02
178,Antonella Ovadia,patrizia35@example.org,San Sostene Marina,2024-04-28
179,Lisa Castiglione,victoria02@example.net,Carezza Al Lago,2025-04-28
180,Ernesto Dalla,inzaghilaureano@example.net,Robella,2024-11-18
181,Rolando Deledda,aulentilauretta@example.org,Settefrati,2025-06-09
182,Dott. Roberta Beffa,ivoeco@example.org,Valmaggia,2025-08-07
183,Rosina Ceravolo-Malacarne,trentinimonica@example.com,Resana,2025-10-16
184,Filippa Romano,michela34@example.org,Daiano,2025-05-04
185,Vincenza Manzoni-Montecchi,wfischetti@example.org,Pian Dei Ratti,2026-03-29
186,Cirillo Ferrucci-Manzoni,dandreozzi@example.com,Panocchia,2024-05-26
187,Dott. Gabriele Forza,satrianiamadeo@example.com,Le Mosse,2026-02-25
188,Sylvia Schiavone,mpiazzi@example.net,Gizzeria,2025-01-15
189,Dott. Napoleone Ariasso,gliverotti@example.net,Sepicciano,2025-09-22
190,Stella Pellico-Gramsci,brunogastone@example.net,La Comina,2025-08-12
191,Adelasia Pratesi,santebarillaro@example.com,Sicili',2026-08-16
192,Dott. Rita Castioni,vcollina@example.org,Saltaus,2024-11-30
193,Fernanda Cimini,gcaruso@example.org,Tessello,2026-07-04
194,Gianpietro Michelangeli,ccuzzocrea@example.com,Bojon,2024-04-24
195,Ermenegildo Tropea-Bruscantini,ennio07@example.net,Rovere' Veronese,2025-01-06
196,Dott. Tatiana Forza,metellaamleto@example.org,Quart,2026-07-27
197,Stefania Beccheria-Sobrero,pina56@example.org,Montecrestese,2025-07-02
198,Annibale Salandra,grisonigraziella@example.net,Buseto Palizzolo,2024-04-22
199,Laura Opizzi,linapaltrinieri@example.net,Ripattoni,2026-04-23
200,Alfredo Rizzo,evangelista97@example.com,Bertiolo,2026-05-26
201,Telemaco Disdero-Puccini,melinatoso@example.org,Cossirano,2026-06-10
202,Sig.ra Paoletta Baroffio,daniele27@example.org,Pregasina,2023-12-02
203,Bartolomeo Zecchini,fabiacarullo@example.com,Beduzzo,2023-12-31
204,Veronica Turchi,gcilibrasi@example.org,Palazzo Canavese,2025-10-19
205,Dott. Camilla Toninelli,fortunata58@example.org,Sesto Calende,2024-04-14
206,Bianca Smirnoff,elupo@example.net,Forino,2026-07-17
207,Agnolo Merisi,melina73@example.net,Pietracamela,2024-09-16
208,Marisa Dellucci,sriccardi@example.org,Borgo Podgora,2024-10-28
209,Sophia Porcellato,tizianazanichelli@example.com,Novara Di Sicilia,2025-11-25
210,Graziella Cassarà,emilionadi@example.com,Untervintl,2024-06-02
211,Maria Antonucci,livio45@example.com,Tralia,2024-04-08
212,Sergius Tropea,intermineiantonello@example.org,Frassinello Monferrato,2025-02-16
213,Marcella Luna,giampaolo15@example.com,Canali,2026-03-12
214,Dott. Licia Fantini,chiarapizziol@example.net,Monteroduni,2024-03-23
215,Gastone Aulenti,pontecorvomatteo@example.net,San Cosimo Alla Macchia,2025-01-03
216,Livia Mondaini,melania92@example.net,Perano,2024-10-12
217,Gioacchino Pulci-Schiavone,tzetticci@example.com,Eraclea Mare,2024-06-07
218,Annunziata Gianinazzi,paulina17@example.com,Celico,2025-01-02
219,Paola Cociarelli-Petralli,fabiosismondi@example.com,Chiauci,2026-08-20
220,Luchino Spadafora,jginese@example.com,Torella Dei Lombardi,2025-10-31
221,Vittoria Tamborini,jacopochiappetta@example.net,Conche,2023-11-10
222,Gaspare Russo,cassandratuzzolino@example.com,San Carlo,2025-09-25
223,Sig.ra Eugenia Ossani,liannucci@example.com,Roccafiorita,2024-04-28
224,Dott. Sylvia Filzi,paolapausini@example.com,Terlago,2024-02-02
225,Federica Guariento,giuseppe97@example.net,Ripacandida,2025-10-29
226,Sig. Pasquale Branciforte,lvalmarana@example.net,Rosignano Solvay,2026-08-03
227,Dott. Cecilia Toscani,vanessapersico@example.net,San Pietro D'Olba,2023-10-26
228,Gianni Lettiere-Sobrero,mblasi@example.com,Stornarella,2025-12-11
229,Isabella Cassarà-Oliboni,nico96@example.net,Lanzara,2025-02-25
230,Raimondo Rienzo-Moccia,lauretta16@example.net,Tolari,2025-06-12
231,Paola Prodi,luchinofanucci@example.com,Forenza,2024-06-15
232,Ignazio Rocca,teresa23@example.net,Santa Maria La Fossa,2025-12-01
233,Luisa Pincherle,mcasini@example.net,Volturino,2026-08-23
234,Sig. Alberto Pelli,venancio24@example.org,Peri,2025-01-29
235,Damiano Conti,uliguori@example.com,Gorreto,2025-08-15
236,Sig. Alderano Argurio,lamberto07@example.org,Sala Comacina,2026-09-06
237,Antonina Correr,grassolauretta@example.com,Capo Coda Cavallo,2026-09-02
238,Costanzo Gaito,sorrentinogirolamo@example.org,Neviano,2026-03-16
239,Sig.ra Raffaella Berrè,pisaniadriano@example.net,Castelfirmiano,2024-04-17
240,Dott. Ruggero Cattaneo,xpometta@example.org,San Pietro Di Feletto,2024-04-16
241,Nedda Valentino-Tosi,kcarullo@example.net,Serravalle All'Adige,2024-08-19
242,Angelo Cimini,badoerfulvio@example.org,Orvieto Stazione,2025-11-13
243,Piersanti Comencini,federicamaglio@example.com,Oberau/Bozen,2025-12-01
244,Leone Lopresti,dtartaglia@example.org,Torrevecchia Pia,2025-01-15
245,Evangelista Ariasso,ifilangieri@example.org,Arena,2024-06-03
246,Elisa Sokolov,cabrinimarta@example.net,Fesca,2024-06-13
247,Tonia Parini,gianpietro21@example.org,Capracotta,2025-05-18
248,Rossana Abate,rubertodaniele@example.org,Galliate,2026-01-09
249,Dott. Franco Rocca,niccolozecchini@example.net,Casez,2025-12-10
250,Aurora Dalla,uraimondi@example.com,Valle San Nicolao,2024-03-04
251,Sig.ra Melina Salvini,croth@example.net,Ginestreto,2026-08-15
252,Flora Gibilisco,salighieri@example.org,Santo Stino Di Livenza,2023-11-17
253,Antonia Loredan,pieroemo@example.com,Fagnigola,2024-01-25
254,Clelia Persico,flavio48@example.net,Castelnuovo Scrivia,2024-02-29
255,Sergius Pignatti,fmorellato@example.org,Ognio,2025-04-18
256,Sig. Lazzaro Fieramosca,griselda22@example.net,Bellosguardo,2024-01-19
257,Benito Salandra,alessia02@example.org,Piscinola,2023-12-03
258,Lazzaro Tognazzi,giorgio90@example.com,Bulciago,2025-04-27
259,Sig. Benedetto Gelli,ignazioriccardi@example.com,Sanfatucchio,2024-05-14
260,Gianfranco Gagliardi-Papetti,fortunata43@example.net,Tergu,2024-06-04
261,Dott. Ezio Tebaldi,cirilloficino@example.com,Migazzone,2025-01-10
262,Dott. Anita Pizzetti,xpuccini@example.net,Miglianico,2024-11-10
263,Fredo Tagliafierro,lucarelligiovanna@example.com,Montefranco In Venosta,2025-03-31
264,Annetta Samele,fiammagrifeo@example.org,Collelungo Sabino,2025-04-28
265,Giuliana Sforza,teresaberre@example.com,Tarsc,2025-04-26
266,Lara Sonnino,tbersani@example.com,Marzolara,2026-03-05
267,Sig.ra Luciana Barcaccia,laura80@example.net,Lauria,2026-05-08
268,Sig.ra Livia Cheda,rnavarria@example.org,Germagno,2026-04-22
269,Sig.ra Camilla Bajamonti,sante42@example.net,Triggianello,2023-12-13
270,Arnaldo Letta,barbaraantonioni@example.com,Cignone,2025-02-02
271,Dott. Evangelista Longhena,priscilla93@example.org,Novi Di Modena,2024-09-10
272,Monica Travaglia-Bonino,gtomasetti@example.org,Sterpito Di Sotto,2024-07-16
273,Virginia Cociarelli-Cabibbo,martinabernardini@example.com,Fegino,2023-10-02
274,Gastone Prodi,rlombardo@example.org,Sterpito Di Sopra,2024-02-13
275,Lilla Matteotti,wdoglioni@example.com,Perrero,2025-08-05
276,Giuliana Padovano,ccuratoli@example.org,Cantalupo,2025-01-01
277,Dott. Vito Trillini,martino01@example.org,Ponte A Poppi,2026-01-07
278,Bruno Bacosi,bevilacquaflavio@example.org,Barrali,2023-09-22
279,Patrizio Rossi,gustavo87@example.com,Santa Maria La Bruna,2026-01-07
280,Sig. Pierluigi Palmisano,tsalgari@example.net,Piscinas,2023-11-20
281,Ernesto Lussu,biagiomorucci@example.net,Migliarina,2023-11-13
282,Federica Boiardo,stucchiorlando@example.net,Agnedo,2024-01-16
283,Dott. Michela Guidotti,carrierafiorenzo@example.net,Lomagna,2025-03-05
284,Greca Zeffirelli,toldosabatino@example.com,Monticello Di Fara,2025-01-16
285,Ludovica Meucci,tiepoloruggero@example.com,Valvasone Arzene,2023-10-24
286,Corrado Nordio,hvalier@example.org,Muraglione,2026-07-14
287,Graziella Cuomo,tabate@example.net,Fabbrica Curone,2025-07-02
288,Gianmarco Collodi,monduzziroman@example.com,Terenten,2023-10-05
289,Sole Trobbiani,pbosurgi@example.org,Olivella,2025-01-22
290,Sebastiano Cannizzaro,basadonnadonna@example.com,Cavalese,2026-08-20
291,Eleanora Gilardoni-Terragni,dpalumbo@example.net,Sant'Ottilia In Renon,2025-10-07
292,Ferdinando Frescobaldi,mauriliocallegaro@example.net,Filetto,2026-08-16
293,Flavia Gentili,galileiteresa@example.net,Novagli,2026-01-22
294,Dott. Donato Tarantino,gguidone@example.net,Montafia,2024-03-10
295,Nadia Torlonia,domenicomortati@example.org,Onifai,2025-04-03
296,Morena Salandra,temistocle15@example.com,Rezzonico,2025-06-28
297,Morena Mercantini,donnavercelloni@example.com,Sinagra,2024-12-07
298,Sig. Giacinto Fornaciari,eleanoraantonello@example.com,Reggio,2026-05-08
299,Rolando Montessori,cugiaclaudio@example.net,Morrone Del Sannio,2024-03-05
300,Giorgia Bombieri-Nicoletti,ucagnotto@example.org,Filicaia,2026-03-13
301,Ranieri Mantegazza,mirco13@example.com,Cremenaga,2025-06-02
302,Rodolfo Frescobaldi,schiavochiara@example.org,Runco,2025-08-11
303,Rocco Riccardi,garibaldiannunziata@example.com,Lido Di Campomarino,2023-10-23
304,Dott. Daniele Bianchi,giannettirosa@example.net,Urio,2026-01-31
305,Angelo Malacarne,rolando82@example.org,Croviana,2025-12-07
306,Fabio Tiepolo,fiorino95@example.com,Monte San Pietrangeli,2025-01-19
307,Marissa Boitani,ksatta@example.net,Spotorno,2024-12-28
308,Bianca Marsili,vergaamanda@example.com,Milici,2026-07-10
309,Marisa Gullotta-Bottaro,fabio37@example.net,Madonna Delle Bozzole,2026-08-17
310,Alina Jilani,lisafederici@example.com,Gerbo,2024-11-25
311,Sig. Lucio Acerbi,travagliacorrado@example.net,Terenzo,2023-09-23
312,Costanzo Tencalla,wpagliaro@example.org,Roccacerro,2025-02-03
313,Sig.ra Amalia Lussu,giosuecaironi@example.com,Buscate,2025-06-19
314,Sig. Pietro Zaccardo,ernestocianciolo@example.com,Casamarciano,2024-04-06
315,Luigina Montanelli,govonigeronimo@example.org,Forno Di Fiemme,2024-09-29
316,Lolita Dandolo,giulianarienzo@example.com,Borghetto Di Vara,2025-05-13
317,Serena Bernini,sbernardi@example.com,Moncucco Torinese,2024-06-15
318,Stefano Olivetti,carlogaleati@example.org,Campli,2026-07-18
319,Fiamma Antonetti,mariapavarotti@example.net,Tramutola,2025-03-07
320,Gabriella Cicilia,sylviagagliano@example.net,Bosco Caggione,2026-05-10
321,Lucrezia Castelli,tebaldifredo@example.org,Casalzuigno,2025-05-01
322,Gianfrancesco Babato,querinigiovanni@example.com,Moggio,2026-06-28
323,Dott. Arnulfo Ferrazzi,guarnerilucio@example.net,Senna Lodigiana,2025-06-26
324,Sig.ra Giuliana Guarato,nigglifilippa@example.net,Celleno,2025-08-18
325,Dott. Lamberto Micca,dungaretti@example.com,Cavaglia',2025-09-17
326,Aldo Zito,lmaspero@example.net,Pieve A Nievole,2025-01-23
327,Annibale Murri,milenavillarosa@example.org,Furlo,2025-04-17
328,Armando Bignami,gmazzini@example.org,Fontanellato,2024-11-24
329,Serena Pedersoli,cocciansaldo@example.com,Wahlen,2026-06-02
330,Roberta Satta,carlo07@example.org,Montemagno,2025-07-28
331,Piersanti Marini,ottaviomascheroni@example.net,Ficarazzi,2026-08-21
332,Paulina Verri,npasqua@example.org,Vernole,2026-02-22
333,Gianluca Tozzo-Vigliotti,atartini@example.org,Paliano,2024-10-07
334,Lucia Gucci-Ciampi,tgiannone@example.com,Torrano,2024-06-12
335,Gianpietro Lollobrigida,mariana86@example.org,Tadasuni,2025-06-29
336,Gioachino Pisacane,agrimani@example.net,Turi,2025-07-06
337,Martino Nosiglia-Gotti,fscialpi@example.net,Stimigliano Stazione,2024-11-21
338,Adelasia Travaglia,alberto02@example.net,Tocchi,2025-04-04
339,Nicola Giammusso-Brancaccio,zaccagninieraldo@example.net,Carceri,2025-09-22
340,Claudio Fabrizi,carosoneamanda@example.com,Piazza Armerina,2024-05-26
341,Loretta Trupiano,zaccardopiergiuseppe@example.net,Bairo,2026-06-18
342,Ubaldo Missoni,menneapomponio@example.org,Monte Roberto,2025-02-01
343,Michela Cerquiglini,mocciagioachino@example.com,Castel Di Lama Stazione,2024-01-18
344,Osvaldo Beccaria-Cantimori,tizianaiacovelli@example.org,San Martino Spadafora,2025-07-10
345,Jolanda Benussi,gsolimena@example.org,Feronia,2025-06-09
346,Antonia Prodi,gianvecchiolauretta@example.net,Badolato Marina,2026-06-28
347,Nicolò Blasi,salvi54@example.org,Monteroni D'Arbia,2026-06-24
348,Elvira Giulietti,priscillamercalli@example.org,Oliveri,2025-12-02
349,Romana Vivaldi,gionata04@example.net,Cedrate,2026-01-30
350,Dario Tomaselli,fattorigiampaolo@example.com,Cumia,2025-03-19
351,Greco Tognazzi-Badoglio,farnesevittorio@example.org,Lu Lioni,2025-11-18
352,Antonia Merisi-Mimun,ntrillini@example.org,Idro,2026-08-06
353,Dott. Federica Scarlatti,gemma62@example.org,Maccaretolo,2025-02-12
354,Giorgio Mondaini,omarcacci@example.com,Sant'Egidio Del Monte Albino,2026-01-09
355,Simone Tognazzi,ymodigliani@example.com,Locatello,2025-01-19
356,Ezio Cignaroli,lucianabocca@example.org,Bergolo,2026-01-24
357,Marina Mogherini,dughi@example.com,Nociglia,2026-06-04
358,Orazio Righi,nedda23@example.com,Laganadi,2026-05-15
359,Donatella Semitecolo,etta93@example.net,Lombriasco,2026-09-21
360,Stefania Lancisi-Gemito,salvatore57@example.com,Baragiano Scalo,2025-12-22
361,Dina Morandini,guarneripiergiuseppe@example.net,Cavaria Con Premezzo,2024-11-27
362,Angelina Nugnes-Fermi,anita50@example.org,Oberplars,2023-10-18
363,Lando Camicione,massimilianopulci@example.net,Milanino,2024-12-15
364,Rossana Comencini,gasperiflavia@example.net,Sant'Andrea Del Garigliano,2025-11-23
365,Gioachino Fiorucci,ignaziomazzocchi@example.com,Fara In Sabina,2026-07-25
366,Angelo Letta,bertonipaulina@example.org,Vergemoli,2026-03-05
367,Orlando Boaga,giulia25@example.org,Santa Lucia Di Collecorvino,2024-07-06
368,Pasqual Paltrinieri-Pergolesi,barbarigogirolamo@example.com,Santa Maria Della Rovere,2026-06-29
369,Gabriella Belletini,bbellucci@example.org,Tavernelle,2026-02-13
370,Nicolò Contrafatto,hbianchi@example.com,Drenchia,2026-01-19
371,Arnulfo Stefanelli,pedronidina@example.com,Stazione Masotti,2026-02-14
372,Tonia Tuzzolino,montecchicoluccio@example.org,Avigliana,2024-09-01
373,Dott. Tiziana Lettiere,michelangelogentilini@example.com,Torgnon,2026-06-21
374,Antonio Ciani,benedettoprada@example.com,Formica,2025-10-30
375,Viridiana Cocci,ceruttililiana@example.com,San Mauro Pascoli,2026-06-13
376,Adele Broggini,aspruccialderano@example.net,Mileo,2024-05-24
377,Sig. Ivo Sforza,castionienrico@example.net,In Via Brancaccio,2024-09-15
378,Telemaco Cossiga,gelsomina25@example.net,Rovello Porro,2023-10-21
379,Graziella Cheda,angelospinelli@example.org,Borgone Susa,2025-12-07
380,Bianca Martinelli,elmogeraci@example.com,Paestum,2025-02-21
381,Aria Mazzocchi,rosalia11@example.org,Biancareddu,2025-02-07
382,Carmelo Carducci,biagio65@example.org,Vito,2025-01-21
383,Gabriella Fioravanti,lando64@example.net,Velletri,2024-01-17
384,Lamberto Conte,hgrasso@example.net,Ceresole Reale,2023-12-11
385,Cassandra Babati-Costanzi,baldassareargento@example.net,Silvella,2024-09-02
386,Francesca Iannucci,agnolocappelli@example.net,Katharinaberg,2026-09-05
387,Ruggiero Bruno,fioppi@example.net,Tobia,2024-06-07
388,Lodovico Modugno-Emanuelli,fattoripasquale@example.com,Fraine,2024-02-07
389,Natalia Toscanini,benvenutomonaco@example.net,Foiano Della Chiana,2026-09-19
390,Dott. Stefani Schiavo,uvercelloni@example.net,Grassano,2026-05-13
391,Carolina Cattaneo,antonino55@example.net,Montegrotto Terme,2025-10-30
392,Rita Manacorda,udepero@example.net,Fiorenzuola D'Arda,2026-08-10
393,Adelmo Borromeo-Calarco,offredicamilla@example.com,Marano Veneziano,2024-10-28
394,Rosa Andreotti-Fuseli,wtiepolo@example.org,Carinola,2025-06-04
395,Piermaria Sforza,yinterminei@example.net,Pimonte,2024-05-10
396,Ramona Magrassi,boitanigianpaolo@example.org,San Martino Sul Fiora,2023-09-30
397,Ranieri Bernetti,roman65@example.org,Oropa,2024-12-04
398,Sig. Napoleone Fattori,filippoorengo@example.org,Corpo Di Cava,2026-08-10
399,Agostino Tremonti-Guariento,bramanteletizia@example.net,Castellina In Chianti,2025-05-09
400,Eva Taliercio-Infantino,soniamazzini@example.org,Seit,2024-09-15
401,Sonia Iacovelli,palazzonina@example.com,Massello,2026-02-21
402,Lilla Mantegna,onioloretta@example.net,Guidonia Montecelio,2023-11-16
403,Mercedes Bergoglio-Rocca,isabella61@example.com,Malvagna,2026-02-20
404,Gaetano Ricciardi,rtotino@example.net,Gubbio,2025-04-10
405,Dott. Nanni Renier,fnitto@example.net,Perdaxius,2024-09-15
406,Michele Ottino,usurian@example.com,Cortile,2023-11-07
407,Elisa Rensi-Palladio,hpetrucelli@example.org,Sirtori,2025-06-24
408,Goffredo Franceschi,rceri@example.net,Val Rezzo,2025-02-19
409,Melissa Innocenti,ludovica07@example.com,San Pietro In Volta,2024-04-13
410,Goffredo Medici,ezio88@example.com,San Martino Stella,2024-02-11
411,Ludovica Chechi,mercatiadriano@example.com,Castrolibero,2025-06-09
412,Ornella Cortese,liverottilaureano@example.com,Paulilatino,2026-01-20
413,Michelangelo Ceri,botticelliangelica@example.com,San Giacomo D'Acri,2026-02-06
414,Sig.ra Evangelista Trotta,valentina28@example.net,Vigonzone,2026-06-21
415,Mattia Tomasetti,alessandro66@example.org,Cavora',2024-12-17
416,Isa Ciampi,iinterminei@example.com,Farnetta,2025-07-07
417,Romana Calarco,gelsominacollina@example.com,Usmate Velate,2024-03-02
418,Rembrandt Stradivari-Gelli,baccio85@example.net,Garniga Terme,2023-12-26
419,Vittoria Lussu,eugeniatuzzolino@example.net,Bazzano Inferiore,2024-01-06
420,Adele Muti,napoleonemalaparte@example.org,Ghivizzano,2026-09-18
421,Stefani Procacci,orlandooliboni@example.org,Pietraperzia,2026-09-04
422,Camilla Canil,sergiusbertoli@example.com,Gagliole,2025-10-23
423,Filippa Solari,greca77@example.com,Bagnaia,2024-02-11
424,Fabia Taccola-Romano,ritaccageronimo@example.net,Santa Maria In Punta,2024-07-07
425,Puccio Ludovisi,grimanifernanda@example.com,Radein,2025-07-15
426,Rosa Udinesi,cundarifabia@example.net,Tai Di Cadore,2025-09-21
427,Sig. Matteo Praga,nrossetti@example.net,Chieuti Scalo,2024-02-15
428,Luigina Fracci,fcollodi@example.net,La Moschella,2024-05-31
429,Arturo Sbarbaro,raffaellomissoni@example.org,Rovagnate,2026-03-24
430,Alfio Cremonesi,idatomasetti@example.com,Martiniana Po,2024-06-27
431,Sig.ra Alessandra Malacarne,fedeletomaselli@example.org,Mandria,2024-06-11
432,Sig.ra Melina Querini,boccacciomaurizio@example.com,Castel De' Conti,2025-01-22
433,Dott. Giampaolo Germano,giorgettigianmarco@example.org,Zaccheo,2024-03-16
434,Michela Cusano,monicellipatrizia@example.net,Castanea,2025-07-28
435,Dott. Gianmarco Bottaro,trillinipriscilla@example.net,Bandito,2025-11-02
436,Fabrizia Iannucci,federica36@example.net,Monte Cerignone,2025-12-16
437,Paulina Vigliotti,papettigemma@example.net,Lancusi,2024-12-11
438,Gloria Bocca,hmarino@example.net,Madonna Del Piano,2024-09-05
439,Temistocle Salgari,enrico96@example.com,Salvirola,2024-01-24
440,Berenice Mozart,vlovato@example.com,Meldola,2024-05-08
441,Ramona Detti,aparri@example.net,Treppo Carnico,2024-11-28
442,Dott. Gianluigi Eco,azichichi@example.net,Borgata Mezzanone,2025-07-29
443,Sig. Aldo Stradivari,gionata35@example.com,Dozza Di Zoldo,2025-03-08
444,Dott. Sylvia Valguarnera,pbarcaccia@example.org,Montello,2025-04-30
445,Carlo Bianchini,brunellogabriele@example.net,Mompiano,2026-08-11
446,Vincenza Badoglio,ciro35@example.net,Nurri,2024-12-13
447,Maura Altera,dossigriselda@example.org,Zumaglia,2023-11-02
448,Alberto Liguori,grecomontecchi@example.org,Misitano Inferiore,2025-06-15
449,Iolanda Pratesi,spadaforapasqual@example.com,Villarotta,2025-07-28
450,Dott. Fabrizio Bruno,golinoazeglio@example.net,Lipari,2025-11-19
451,Anita Papafava-Argan,eleanora77@example.org,Valganna,2023-10-26
452,Fulvio Contrafatto,nrenault@example.com,Farra D'Alpago,2024-12-04
453,Raimondo Fagotto,szarlino@example.com,Castiglione Messer Raimondo,2025-08-22
454,Ferdinando Totino-Fantoni,piermaria17@example.net,Rigutino,2024-09-28
455,Sig. Leopoldo Paolini,jnibali@example.com,Pruno,2024-09-09
456,Hugo Moccia,pnecci@example.net,Baselice,2024-04-06
457,Dott. Vito Mortati,gabriella23@example.com,Canaro,2025-11-05
458,Elena Fantozzi,cpedroni@example.com,Gargagnago,2023-11-07
459,Marissa Pinamonte,fargentero@example.org,Buggerru,2025-11-20
460,Gaetano Ravaglioli,ivantrotta@example.net,Cirie',2025-05-18
461,Licia Lucciano-Cugia,teresa71@example.com,Pompeano,2024-04-25
462,Flora Gangemi,ksalieri@example.com,Barghe,2023-12-20
463,Sig. Maurilio Scarpetta,qorlando@example.net,Servigliano,2025-06-03
464,Rita Chechi,ettorecolumbo@example.org,Colonna,2026-09-15
465,Sig. Dario Tremonti,giovannasanudo@example.com,Granarolo Dell'Emilia,2024-02-17
466,Annetta Ziani-Cherubini,amico25@example.net,Cocuruzzo,2026-05-03
467,Piergiuseppe Manacorda,virginiaturchi@example.org,Isola Di Palanzano,2024-05-04
468,Lauretta Iacobucci-Garrone,margheritariccati@example.com,Cassano Spinola,2023-10-24
469,Lorenzo Curiel,wtrobbiani@example.net,Montelabbate,2024-04-01
470,Angelica Peranda,rossanabadoer@example.com,Santa Maria Di Sala,2025-05-28
471,Pierluigi Filippelli,giadadetti@example.org,Grottolella,2026-09-13
472,Melania Marzorati,piermariagiannone@example.org,Santo Padre Delle Perriere,2026-05-07
473,Virginia Mondadori,giancarlo18@example.net,Valmorbia,2025-03-06
474,Virgilio Calbo,solimenagaetano@example.org,Castiraga Vidardo,2026-06-10
475,Raffaella Gelli,trobbianipina@example.net,Marcon,2023-09-24
476,Augusto Chittolini,tonitanzini@example.org,Bazzano,2025-02-16
477,Ludovica Turchi-Ferraris,benedettocaccioppoli@example.net,Morro Reatino,2026-02-09
478,Olga Ostinelli,nicotafuri@example.com,Bassano In Teverina,2026-08-06
479,Telemaco Costalonga,ktomei@example.org,Scoglitti,2026-05-23
480,Renata Gargallo,ebaggio@example.org,Racines,2026-05-14
481,Lara Smirnoff,agregori@example.com,Acquaficara,2025-09-28
482,Dott. Roberta Soffici,polizzisimonetta@example.net,Bubbio,2025-12-11
483,Flavio Morucci,guido09@example.net,Mariana Mantovana,2024-10-15
484,Fernanda Serraglio-Bonolis,ogulotta@example.com,Noceto,2026-08-07
485,Camilla Amaldi,mirko33@example.com,Trappa,2023-11-27
486,Dionigi Ruberto,stefano10@example.org,Terlizzi,2024-05-07
487,Irma Goldoni-Zarlino,cirobarese@example.net,Verres,2025-04-12
488,Lidia Abba,marangonimarina@example.com,Brembate,2024-09-17
489,Stefania Traversa,donativittoria@example.com,Monteromano,2024-01-21
490,Piero Santoro,silvestristefani@example.org,Ferrazze,2025-08-19
491,Sylvia Gabrieli,jagostinelli@example.com,Palmas Arborea,2026-07-27
492,Sig.ra Ludovica Benigni,kferragamo@example.com,Ollastra,2026-01-28
493,Silvestro Cerquiglini,annalisa54@example.org,Orcenico Inferiore,2023-10-02
494,Eliana Gentili,tcagnotto@example.org,Alvito,2025-07-15
495,Sig.ra Virginia Ricolfi,ornellasalandra@example.org,Cancello Di Ferrovia,2024-10-31
496,Sig. Rembrandt Borromeo,rinaldimartino@example.org,Lippiano,2026-01-16
497,Carla Pisaroni,cagnintorquato@example.org,Floresta,2026-07-01
498,Gianfrancesco Nordio,monica93@example.com,Abazia Di Sulmona,2025-11-19
499,Lucia Rossi,olgacanali@example.com,Pontedassio,2026-09-13
500,Alina Salata,durante39@example.org,Fluminimaggiore,2025-04-14
501,Sig. Eraldo Nolcini,vtebaldi@example.com,Capena,2025-11-25
502,Stefano Argentero-Zamorani,erraniangelo@example.net,Pecetto Di Valenza,2024-04-24
503,Gemma Zampa,raimondo22@example.com,Lo Stradone,2024-10-08
504,Luca Tassoni,boiardodiana@example.org,Carrozziere,2026-03-12
505,Sig. Lamberto Leonetti,wpugliese@example.net,Lussello,2025-03-01
506,Ermanno Pisano,tassoserena@example.com,San Cosma,2024-12-20
507,Dante Einaudi,germanoagnolo@example.net,Bellosguardo,2026-07-11
508,Sophia Ortese,baroffiogianpaolo@example.com,Casteggio,2025-07-11
509,Loretta Ruberto,chiara69@example.net,Cerreto D'Asti,2024-02-22
510,Matteo Mantegazza,lsoffici@example.org,Lacco Ameno,2026-02-16
511,Dott. Arnulfo Garozzo,carliconcetta@example.com,Furci,2026-06-22
512,Lauretta Ficino-Mimun,giacobbealtera@example.net,Il Rosi,2025-10-21
513,Pina Cuomo-Bertoni,oreste16@example.net,Puos D'Alpago,2024-11-12
514,Caterina Toselli,wletta@example.com,Lariano,2026-07-26
515,Marissa Spinelli,adrianoveltroni@example.org,Pontida,2026-03-28
516,Valerio Bosurgi,giampaolopetrucci@example.net,Monastier Di Treviso,2024-10-21
517,Sig. Mirco Ferragni,piero26@example.org,Carpinelli,2026-05-10
518,Romeo Morosini,wquerini@example.com,Vimercate,2024-12-21
519,Sig.ra Rosa Beccheria,gabriella72@example.net,Soragna,2026-03-09
520,Amedeo Agnesi,greco21@example.net,Pettinengo,2024-09-08
521,Gilberto Canetta-Babato,lcasarin@example.org,Beltiglio,2025-06-02
522,Aria Roero,nina61@example.org,Avolasca,2025-11-15
523,Eleanora Corcos-Pepe,michelebaggio@example.net,Croci Di Calenzano,2023-10-18
524,Martina Jovinelli,pierluigi56@example.com,Barbarasco,2026-05-26
525,Letizia Norbiato,ddovara@example.com,Andreis,2026-02-11
526,Sig.ra Amalia Passalacqua,foscariroman@example.net,Gorle,2026-04-25
527,Raffaello Fattori-Renier,raffaellino85@example.org,Castelfranco Piandiscò,2024-11-06
528,Arturo Pizzo,staglienodaria@example.org,Saracena,2024-01-15
529,Beppe Faggiani,vigliottimicheletto@example.net,Ampezzo,2025-02-17
530,Gustavo Comeriato-Chiappetta,mtamburi@example.net,Cuceglio,2024-06-12
531,Livio Crispi,ivecellio@example.com,Giovo Ligure,2024-01-27
532,Lilla Carli-Farnese,roncallialfio@example.org,Smirra,2026-02-02
533,Valeria Ferrara,zcorcos@example.org,Oltre Brenta,2024-04-20
534,Veronica Sabatini,ricciotti37@example.org,Brenna,2026-03-14
535,Letizia Tasso,ruggiero84@example.net,San Pier Marina,2025-12-23
536,Luigina Trincavelli,sandimariano@example.net,Aviano,2025-12-10
537,Milo Valentino,soniamorlacchi@example.org,Petralia Soprana,2026-09-09
538,Donato Speri-Briccialdi,pavoneanita@example.com,Torricella,2026-06-18
539,Fabia Fiorucci,xmanunta@example.net,Pietralunga,2026-06-14
540,Ferdinando Spadafora,agostinogentili@example.com,Stellanello,2026-09-15
541,Serena Prodi,scialpigirolamo@example.net,Tregozzano,2025-06-22
542,Dott. Giosuè Lattuada,liliana38@example.org,Marciaso,2025-08-07
543,Toni Angiolello,epietrangeli@example.org,Custoza,2024-03-20
544,Dott. Marina Capuana,tognazzietta@example.com,Scomigo,2024-01-07
545,Silvio Romiti-Crespi,virginiabalbo@example.net,Pisoniano,2026-01-17
546,Temistocle Vespa,griseldaludovisi@example.com,Aquila Di Arroscia,2024-11-08
547,Clelia Vercelloni,silvestrococci@example.org,Ferrazze,2024-03-21
548,Dott. Raffaellino Filangieri,bplatini@example.org,Ponzo',2026-07-14
549,Sig.ra Ramona Fiorucci,barraccoflavia@example.com,Villaverla,2023-12-24
550,Gelsomina Sokolov,lvalguarnera@example.com,Barbarano Vicentino,2026-08-20
551,Lucia Zabarella-Argenti,saveriogramsci@example.org,Roio Piano,2025-06-14
552,Viridiana Nolcini,biagioferraris@example.com,Ronzo,2023-12-13
553,Anita Ponti,nadiatognazzi@example.org,Lido Di Classe,2026-02-09
554,Lucio Alfonsi,antonina98@example.com,Alberone,2024-01-11
555,Fulvio Zamengo,cabrinilazzaro@example.net,Polia,2024-12-19
556,Sylvia Brenna,niscoromnigionata@example.net,Cascina Elisa,2025-06-05
557,Agostino Poerio,veronica21@example.com,Medea,2025-04-05
558,Giuliano Donà,llopresti@example.com,Oyace,2023-12-10
559,Amedeo Omma,imonduzzi@example.net,San Polo D'Enza,2026-01-02
560,Eugenia Natta-Canevascini,vincentio80@example.com,Romano Canavese,2026-03-22
561,Atenulf Nonis,speruzzi@example.net,Canale Fontanigorda,2023-10-04
562,Paulina Luciani,alteraaurora@example.net,Fiuggi,2025-09-01
563,Rosaria Orlando,francobernardi@example.org,Pieve Di Compresseto,2024-04-21
564,Ninetta Filzi,tproietti@example.net,San Martino Buon Albergo,2024-11-19
565,Dott. Giacomo Modiano,ninettacicala@example.org,Airole,2024-03-12
566,Michelotto Bottaro-Malipiero,federiciaurora@example.net,Acquasparta,2026-03-30
567,Raffaellino Querini-Camicione,ruggierimonica@example.org,Marino Del Tronto,2024-06-03
568,Paride Brenna,grazianoseddio@example.org,Ca' De' Fabbri,2026-03-04
569,Sig. Roberto Sansoni,armanibiagio@example.org,Grotteria,2026-03-24
570,Ermes Monicelli,nordionino@example.org,Santo Stefano Roero,2025-11-17
571,Sig. Napoleone Tebaldi,geronimo32@example.com,Soliera,2025-05-17
572,Giovanna Beccheria,condoleoarmando@example.org,Villa Bartolomea,2024-12-26
573,Giulia Rusticucci,xbiagi@example.org,Villa San Vincenzo,2024-06-12
574,Baldassare Bossi,garzoniflora@example.org,Sant'Ottilia In Renon,2026-04-03
575,Martino Volta,ornella13@example.com,Chiassa,2026-06-05
576,Raffaello Pincherle,martino58@example.net,Sbarre,2025-04-11
577,Sig.ra Marisa Ziani,pietro82@example.net,Caglio,2026-05-17
578,Mariano Giorgetti,qborghese@example.com,Corropoli,2025-09-08
579,Dott. Paoletta Tomei,dariacostanzi@example.net,Cortanze,2023-11-20
580,Tina Folliero,fulviopadovano@example.com,Sant'Angelo In Vado,2025-08-15
581,Dott. Liberto Zarlino,giacomocicala@example.net,Casalbuttano,2024-08-27
582,Donatello Rizzoli,xcundari@example.org,San Giorgio A Cremano,2023-11-26
583,Renata Tresoldi,galassochiesa@example.com,Roccaverano,2023-11-07
584,Sig.ra Mercedes Bettin,duseadele@example.net,Sizzano,2025-05-03
585,Benedetto Ludovisi,grisonibiagio@example.net,Borca Di Cadore,2024-12-11
586,Zaira Tutino,elmochiaramonte@example.org,Fener,2026-09-10
587,Viridiana Spinelli,biancaleone@example.net,San Martino In Casies,2024-02-05
588,Roberto Trincavelli,magrassigiampaolo@example.com,Colbuccaro,2023-11-18
589,Cipriano Lupo,collodipaoletta@example.net,Pieve A Presciano,2026-04-30
590,Lucrezia Impastato,canevascinisimone@example.org,Fiumefreddo Bruzio,2024-01-22
591,Alina Casagrande,filippo93@example.org,Safforze,2024-03-16
592,Umberto Foconi,endrizzinicolo@example.net,Montione,2025-12-25
593,Cipriano Cutuli,saveriozaccardo@example.org,Sessano Del Molise,2025-07-03
594,Lina Nugnes,ottoneemo@example.org,Galloro,2024-01-18
595,Dott. Flavia Delle,baresegianpaolo@example.org,Fordongianus,2026-03-28
596,Sig.ra Adelasia Conti,greca52@example.org,Casalguidi,2025-04-13
597,Germana Maggioli,susannapigafetta@example.org,Basagliapenta,2024-01-28
598,Tonino Battisti,letizia34@example.com,Tarsc,2024-10-26
599,Concetta Sinisi-Marini,romana91@example.org,Cresta,2025-04-23
600,Nina Armani,ariamarini@example.net,Villarazzo,2024-12-13
601,Baldassare Traversa,ermannocantimori@example.com,Staletti,2023-11-11
602,Giuliano Grifeo,mario27@example.org,Nuditta,2024-10-26
603,Alberico Fuseli,evangelista99@example.org,Orio Al Serio,2026-02-15
604,Lamberto Aloisio-Volterra,ncainero@example.org,Postiglione,2024-12-13
605,Elena Chittolini,guido31@example.com,Ronsecco,2024-01-07
606,Rosa Sismondi,trevesgian@example.org,Bellizzi,2026-08-28
607,Stefania Venier,benedettopiccinni@example.com,Torre Orsaia,2023-11-08
608,Leone Cabrini-Gucci,silvio41@example.org,Riedelsberg,2026-03-04
609,Margherita Pinamonte,francomanunta@example.net,Verzella,2025-11-26
610,Paoletta Fagiani,lilla22@example.org,Antagnod,2026-05-13
611,Milena Carpaccio,tozzileopoldo@example.net,Belveglio,2023-10-23
612,Costantino Matteotti-Nolcini,eliana43@example.com,Susegana,2024-08-27
613,Giacinto Squarcione,utartini@example.net,Pascomonti,2024-02-25
614,Baccio Metella,raffaello82@example.com,Megliadino San Fidenzio,2023-10-01
615,Rosario Boito,evangelista33@example.net,Telfes,2026-04-12
616,Romana Durante,pistolettoteresa@example.com,Cavoretto,2026-02-14
617,Vanessa Rossi-Carriera,gianluigi30@example.org,Campobasso,2024-06-17
618,Rosaria Pugliese-Pisaroni,milocerutti@example.org,Meduna Di Livenza,2024-08-20
619,Fedele Gilardoni-Orsini,orestebiagiotti@example.com,Usigliano,2025-11-11
620,Maura Trapani,virgiliovisconti@example.net,Scrima,2024-08-21
621,Baldassare Versace,romeomoneta@example.com,Coiano,2025-07-01
622,Dott. Orazio Viviani,borranilazzaro@example.com,Pacentro,2023-12-13
623,Dott. Stefania Pometta,ftanzini@example.com,Quaregna,2024-10-26
624,Sig. Giampiero Comencini,pierluigi20@example.com,Arborio,2025-05-11
625,Sig.ra Vincenza Ginese,filangierifulvio@example.com,Veneri,2026-06-07
626,Fiorino Notarbartolo-Norbiato,allegra62@example.com,Azzinano,2024-05-08
627,Dott. Marina Zamorani,trezzinigeronimo@example.com,Pernumia,2025-08-19
628,Filippa Trussardi,saverioerrani@example.net,Montesicuro,2026-01-28
629,Melina Filippelli,qvecellio@example.org,Wiesen,2023-12-01
630,Giovanni Paolini,augustobranciforte@example.org,Castione De' Baratti,2025-03-02
631,Stefania Bergoglio,ninetta22@example.org,Traversagna,2026-08-05
632,Rosalia Muti,sdulbecco@example.org,Bormio,2026-06-05
633,Saverio Paganini,zichichigioele@example.net,Vicenza,2024-02-22
634,Pierina Zaguri,kmurri@example.org,Olmo,2025-02-11
635,Sig.ra Romana Pietrangeli,follierololita@example.com,Terradura,2025-08-10
636,Gianna Cugia,tbranciforte@example.net,Lughezzano,2026-01-01
637,Gioele Omma,vivianivanessa@example.com,Bojon,2025-01-22
638,Baccio Malpighi-Comisso,coardirosalia@example.org,Boltiere,2024-12-25
639,Cristina Lopresti,fabrizia56@example.net,Caslino D'Erba,2025-12-09
640,Leone Torricelli,qmorabito@example.com,Tormeno,2025-04-10
641,Tatiana Sinisi,qinfantino@example.com,Villa Di Baggio,2025-09-16
642,Carla Pederiva,mariano48@example.com,Pozzi,2026-01-01
643,Alessia Tarantino,silvia41@example.org,Caltana,2024-02-18
644,Federica Bellò,tullio69@example.net,San Clemente,2025-07-24
645,Sig.ra Camilla Gozzano,giosuezampa@example.com,Camaldoli,2024-03-14
646,Ottavio Pacomio-Travaglia,mmissoni@example.org,Corinaldo,2025-06-23
647,Nedda Gaiatto,pavarottialfredo@example.net,Colere,2024-04-30
648,Giosuè Scarpetta,ufinzi@example.net,Granata,2023-10-10
649,Ansaldo Filzi,luisa43@example.org,Montabone,2025-11-24
650,Sig.ra Diana Bellò,panzeraignazio@example.org,Chiareggio,2025-03-28
651,Calogero Toldo,piergiorgio09@example.net,Garda,2025-06-24
652,Eliana Bandello-Munari,gilbertoabba@example.org,Scalo Teverina,2025-06-08
653,Adelasia Marazzi,ernestonibali@example.org,Cagli,2026-08-04
654,Maura Nibali-Pergolesi,giorgiocatenazzi@example.net,Gioia Tauro,2025-08-27
655,Graziella Paruta-Ferretti,paulina61@example.org,Guarda Ferrarese,2025-08-28
656,Luchino Mascagni,ippazioendrizzi@example.net,Basilicagoiano,2025-01-07
657,Carolina Bonatti,zantonetti@example.net,Bertinoro,2025-10-28
658,Valentina Ammaniti,nico48@example.org,San Mauro Pascoli,2025-02-23
659,Livia Turchi,jcoardi@example.com,Vaneze Di Bondone,2024-07-19
660,Maria Bulzoni,hfaugno@example.com,Villaretto,2024-09-19
661,Olga Tognazzi,riccibaldassare@example.net,Sottocastello,2025-01-09
662,Lisa Bergoglio-Iannucci,ricciarditiziana@example.com,Mercatale Valdarno,2025-02-03
663,Maurizio Ubaldi-Bernardini,lazzaro57@example.net,Abbadia Lariana,2025-10-30
664,Francesca Ceri,mdandolo@example.net,Roncadelle,2025-04-05
665,Sebastiano Pisano,nicola66@example.net,Villaorba,2024-12-05
666,Gustavo Tresoldi,leonardo58@example.com,Pico,2026-03-04
667,Vincenza Jilani,priscilla84@example.com,Sogliano Al Rubicone,2026-01-12
668,Annamaria Piacentini,federicacamiscione@example.net,Mercatale,2026-05-16
669,Gianluca Cainero,upulci@example.net,Ortona,2023-12-09
670,Sig.ra Carla Garibaldi,dianatagliafierro@example.com,Varallo,2025-07-16
671,Bianca Forza,pgentilini@example.com,Poggiola,2026-06-11
672,Gino Gadda-Roccabonella,natalia83@example.com,Pago Del Vallo Di Lauro,2025-09-30
673,Gianna Modigliani,marisaparini@example.org,Fossone,2025-08-15
674,Claudio Chinnici-Tanzini,federicobroggini@example.org,Agosta,2024-08-02
675,Corrado Amaldi,ranieri67@example.com,Rometta Marea,2024-07-26
676,Rolando Baggio,gianna34@example.org,Cellatica,2025-02-08
677,Dott. Gabriella Catenazzi,pompeoprada@example.org,Donada,2026-03-31
678,Sig.ra Serena Boccaccio,darianugnes@example.org,Capralba,2023-12-20
679,Nina Infantino,arnaldoagostini@example.com,Pederoa,2025-07-13
680,Dott. Bartolomeo Tarchetti,mirco64@example.org,Pizzoferrato,2025-12-09
681,Dott. Puccio Fallaci,soranzomassimiliano@example.com,Paupisi,2023-10-24
682,Loredana Mantegazza,jmodugno@example.com,Ca' Di Ianzo,2025-01-16
683,Lara Bernardini,tina98@example.org,Induno Olona,2024-05-17
684,Aria Antonucci,faustobuscetta@example.org,Pesco Sannita,2025-05-21
685,Lauretta Barsanti-Borromeo,gianpaoloturchetta@example.net,Montefegatesi,2024-09-17
686,Nina Donarelli-Barozzi,angeloroth@example.com,Ercolano,2025-01-18
687,Concetta Turrini,pgiulietti@example.org,Rassina,2025-07-31
688,Bartolomeo Sommaruga,qbosurgi@example.net,Angoli,2025-10-26
689,Calcedonio Rensi,giada09@example.org,Monte Amiata,2024-01-27
690,Ramona Errigo,fabrizimicheletto@example.net,Borgo Cervaro,2025-10-14
691,Arnulfo Lupo,tatianabasso@example.org,Santi Angeli Del Montello,2024-04-19
692,Sig.ra Lilla Panatta,ornella31@example.net,Camellino,2025-04-20
693,Leone Babato,marroneruggero@example.com,Bocale,2025-10-21
694,Vanessa Procacci,ygiammusso@example.org,St.Jakob Bei Boze,2025-07-29
695,Filippo Bonatti,xcanevascini@example.org,Cimetta,2023-09-27
696,Luisa Littizzetto,ugoariasso@example.com,Malpaga,2024-01-19
697,Claudio Cavalcanti-Riccati,gferrante@example.org,Pescarolo,2026-07-23
698,Giuseppina Quasimodo-Bellini,eugenia65@example.net,Verocai,2026-06-14
699,Jacopo Scarfoglio,panfilotravaglio@example.net,Fosse,2025-06-27
700,Anita Mercalli,fiamma35@example.com,Mugnai,2025-08-18
701,Claudia Boaga,edoardo98@example.com,Cardeto,2024-09-03
702,Antonia Botticelli-Dibiasi,antoniobonomo@example.org,San Giovanni In Valle Aurina,2024-02-25
703,Sig.ra Claudia Guinizzelli,sabatinoborgia@example.org,Marina Julia,2026-01-26
704,Gloria Treccani,lbianchini@example.com,San Sostene,2025-11-17
705,Maria Stoppani,gentiliniantonietta@example.org,Lovoleto,2025-10-18
706,Cirillo Migliaccio,petruccirenzo@example.org,Zungri,2025-12-24
707,Federica Abba,arnaldo50@example.com,Monte San Martino,2024-07-21
708,Ubaldo Malacarne,danilo33@example.net,Pozzo Alto,2023-10-21
709,Giulietta Panicucci,giosueopizzi@example.com,Inveruno,2023-10-14
710,Clelia Aporti,crespiagnolo@example.net,San Liberato,2025-10-01
711,Dott. Guido Barracco,gioelegaggini@example.com,Domusnovas,2026-08-06
712,Jolanda Guarana,gramscielisa@example.com,Osteria Bianca,2024-02-25
713,Antonino Priuli,fbartoli@example.net,Pineta,2024-06-02
714,Fredo Magrassi,usaracino@example.org,Sestu,2024-06-27
715,Licia Trillini,nmondadori@example.net,Besozzo,2024-05-29
716,Fiorino Carriera-Baggio,nugnesloretta@example.com,Pontone,2023-12-21
717,Isa Angiolello,cirobriccialdi@example.org,Cepagatti,2025-07-16
718,Sig.ra Mariana Salvo,flora05@example.com,Casine,2024-05-10
719,Dario Fioravanti,gioacchino20@example.net,Castelrotto,2026-02-01
720,Ivo Satriani,giacobbe43@example.org,San Ferdinando Di Puglia,2026-07-05
721,Ettore Curatoli,adrianazanazzo@example.com,Candidoni,2026-03-06
722,Nicoletta Giovine,emarangoni@example.net,Platten,2024-03-31
723,Gian Ruggeri,geracisabatino@example.net,Raffaellina,2025-04-10
724,Sole Salieri,fpascarella@example.org,Villar,2025-07-13
725,Claudia Vercelloni,gianluigisolimena@example.net,Trecella,2026-04-27
726,Michele Branciforte,durante43@example.net,Pietracamela,2025-05-26
727,Ornella Ovadia,silvestro78@example.org,Montisola,2025-04-21
728,Ida Giannone,schicchiezio@example.com,Santa Tecla,2024-08-02
729,Viridiana Bonolis-Rienzo,vbajardi@example.org,Covigliaio,2024-03-14
730,Vittoria Mennea-Tamburello,rocco18@example.org,Carvacco,2026-07-01
731,Vanessa Turchi,ferrazzinicolo@example.org,Fornace,2026-06-08
732,Puccio Saraceno,benito10@example.org,Ossi,2025-01-03
733,Azeglio Avogadro,palazzogianfrancesco@example.net,Corica,2024-03-20
734,Sig.ra Romana Einaudi,leone99@example.net,Soverato Marina,2024-09-30
735,Mattia Satta,drensi@example.org,Cazzago Brabbia,2026-02-18
736,Ruggero Marconi,toninotrebbi@example.net,Piancastagnaio,2026-01-27
737,Adele Molesini,gfischetti@example.org,Sordevolo,2024-06-23
738,Gianluigi Cuda,guarnerimariano@example.org,Bossea,2025-03-28
739,Amadeo Comeriato,martina43@example.com,Casale,2026-02-15
740,Adele Comeriato,luca16@example.net,Pietrapaola Stazione,2026-05-04
741,Dott. Concetta Adinolfi,tuzzolinoangelica@example.net,Odolo,2025-07-04
742,Sig.ra Jolanda Petrucelli,sandra91@example.net,Cartabbia,2024-12-19
743,Maria Tamborini-Polani,vpizziol@example.com,Sala Di Caserta,2026-01-08
744,Donatello Bartoli-Guarato,ubaldovilladicani@example.org,Migheli,2026-07-07
745,Luciano Falloppio,foconilolita@example.net,Palu',2026-02-04
746,Paulina Bassi-Cafarchia,casagrandemaurizio@example.com,Adegliacco,2026-08-16
747,Napoleone Vento-Tropea,yalbertini@example.net,Gagliano Castelferrato,2024-07-03
748,Anita Babbo,roman92@example.com,Gambolo',2026-05-28
749,Luchino Fantini-Tamburello,barbara45@example.org,Ticineto,2024-02-06
750,Dott. Vito Martucci,piergiuseppe19@example.net,Mozzano,2024-09-05
751,Zaira Verdi,pietro09@example.org,Villammare,2023-12-27
752,Ippazio Orsini,ccherubini@example.org,Pieveottoville,2024-11-25
753,Gianfrancesco Faranda,romeoromagnoli@example.org,Palestro,2023-10-26
754,Ruggiero Marenzio,jschiaparelli@example.com,Castelnuovo Di Conza,2024-04-21
755,Agostino Paolini,angelica36@example.net,Musiara Inferiore,2024-08-23
756,Bianca Vespucci,fiammaaulenti@example.net,San Pietro A Patierno,2025-09-11
757,Vincenza Trentin,daniele82@example.com,Bossea,2026-07-31
758,Gloria Boitani,palladioenrico@example.net,Minerbio,2025-12-11
759,Eugenia Mercati,tscarpetta@example.com,Ville Sur Nus,2024-11-14
760,Carolina Monduzzi,obattaglia@example.com,Ciro',2026-02-09
761,Daniele Boaga,faustofabbri@example.org,Pietracupa,2026-05-25
762,Romina Sismondi,lucrezia22@example.org,Walte,2024-11-10
763,Fabrizio Brunello,ugo02@example.com,Sambuca,2024-03-29
764,Girolamo Bocca,xnolcini@example.org,Penon,2025-09-24
765,Alberico Bompiani-Antonacci,trapanesealberto@example.org,Bovalino Marina,2025-01-18
766,Dott. Aldo Brancaccio,michelettomolesini@example.org,Sasso D'Ombrone,2024-06-03
767,Sig.ra Giuliana Bertoni,folettimichela@example.net,Montaldo Di Mondovi',2024-12-03
768,Caterina Guglielmi-Pignatti,casellatidurante@example.org,Salsominore,2026-04-07
769,Pierangelo Maccanelli,sabatinigabriele@example.org,Alanno,2025-05-22
770,Loredana Luna,panfiloserlupi@example.net,Ponte,2025-03-06
771,Flora Brenna,gioacchinosalvini@example.net,Corbetta,2025-10-10
772,Giuseppina Peruzzi-Cuzzocrea,elvira17@example.net,Santi Angeli Del Montello,2025-03-02
773,Gianluigi Cutuli,romaniadanza@example.net,Santa Giustina Val Di Lecca,2026-08-23
774,Beatrice Pizzo,cbarillaro@example.org,Fortogna,2025-03-31
775,Romina Cassarà,achille56@example.com,Pila Sul Gromolo,2024-11-16
776,Salvi Scialpi,orsinigianpaolo@example.net,Coccolia,2025-08-06
777,Temistocle Bersani,barberinigiuliano@example.net,La Comina,2025-04-08
778,Sandra Antonelli,oresteberre@example.org,Crandola Valsassina,2026-05-06
779,Dott. Laura Curci,victoriaottino@example.net,Quaglietta,2025-11-23
780,Dott. Silvia Salvini,cocciagnolo@example.com,Macari,2024-03-09
781,Edoardo Gullotta-Antonioni,carmelo33@example.com,Vado,2025-12-16
782,Sig. Milo Udinesi,ktassoni@example.net,Onno,2025-02-23
783,Sig. Costanzo Andreotti,spinolaricciotti@example.com,Carassai,2025-11-26
784,Marcantonio Tozzo,alfiosansoni@example.net,Montegiordano Marina,2026-09-17
785,Vittorio Cassarà,baldassarepugliese@example.com,Roncello,2024-04-28
786,Atenulf Nonis-Fuseli,tzola@example.org,Vallesella,2023-11-30
787,Alina Nicoletti,elena02@example.com,Lucernate,2024-11-04
788,Mariana Giannelli,mrighi@example.net,Rocca D'Evandro,2025-07-30
789,Sig. Leonardo Boccherini,papettiaria@example.com,Ortueri,2025-10-24
790,Stefano Tomasetti-Redi,barcaccialeone@example.net,Castelnuovo Bocca D'Adda,2025-01-11
791,Matteo Castioni,zetticcidaria@example.com,Collepietro,2024-02-07
792,Sig.ra Michela Cignaroli,ilaria64@example.net,Rocchetta Ligure,2025-12-04
793,Licia Torlonia,irmaiacovelli@example.com,San Fruttuoso,2024-09-29
794,Daria Draghi-Berengario,venezianocoluccio@example.com,Santa Severina,2025-10-08
795,Giuseppe Maspero,zgozzi@example.net,Camignone,2026-04-30
796,Alessandra Gasperi,delfinodurante@example.org,Torrone,2025-09-19
797,Gemma Ottino,giancarlo95@example.net,Barchi Di Asola,2025-09-11
798,Daniele Zabarella,xparri@example.com,Venturina,2023-12-02
799,Sante Paolini,enzo80@example.net,Guardavalle,2026-04-21
800,Armando Ostinelli,scarpettavenancio@example.org,Cavenago D'Adda,2025-04-26
801,Serena Pedersoli,cesare29@example.org,Altavilla Milicia,2025-07-19
802,Dott. Valeria Lercari,chiara28@example.com,Frassino Mantovano,2024-09-21
803,Pierluigi Gagliardi,ggiannone@example.net,Forno Di Omegna,2026-01-12
804,Nicola Faugno,lambertopratesi@example.net,Olmo Gentile,2024-04-11
805,Antonia Pizzetti,badoertonia@example.com,Pregasina,2024-03-10
806,Viridiana Manolesso,scamiscione@example.net,Vinovo,2024-04-22
807,Adriana Bazzi-Ferragni,giuseppetraetta@example.com,Roccaranieri,2025-01-22
808,Nicoletta Quasimodo,jmennea@example.org,Niscemi,2024-09-03
809,Filippa Telesio,qgualtieri@example.com,Bozzano,2024-12-29
810,Salvi Sermonti,patrizio72@example.com,Canonica,2024-07-25
811,Luciana Naccari,massimilianocampise@example.org,Brognoligo,2025-02-27
812,Pompeo Leoncavallo,luigina91@example.net,Vecchiazzano,2023-12-05
813,Toni Mascheroni-Gentilini,isabella02@example.net,Gadoni,2026-08-29
814,Ricciotti Fagiani,vincenza39@example.org,Ozieri,2023-12-08
815,Dott. Lorenzo Vespa,cpizzo@example.com,Sali Vercellese,2024-04-10
816,Bettina Comencini,gentileschiflora@example.com,Trodio,2023-10-31
817,Virginia Iannelli,virgiliofulvio@example.net,Marmentino,2026-02-24
818,Tiziana Aulenti,luigi76@example.com,Capo Di Sorrento,2025-11-28
819,Dott. Stefania Ferretti,girolamocasaleggio@example.net,Pieve Modolena,2023-11-04
820,Sabatino Infantino,padovanogiulietta@example.org,San Dana,2025-09-13
821,Nina Sagredo,eva87@example.org,Alzano Scrivia,2024-12-01
822,Ottone Marcacci,bonolispompeo@example.com,Amorosi,2025-04-07
823,Morena Gritti-Benigni,briccialdigiacomo@example.net,Roccabruna,2025-10-13
824,Tonia Liverotti,ibarcella@example.org,Guiglia,2024-06-18
825,Elladio Proietti,raffaello95@example.org,Alife,2025-05-06
826,Amalia Ferrara-Broggini,angelo58@example.org,Trezzo Tinella,2025-11-21
827,Monica Dossetti,costanzifederica@example.net,Vittoria,2025-04-18
828,Giovanni Russo,martinellihugo@example.net,Zucche,2024-07-12
829,Severino Vergerio,luigina07@example.org,Tonnara Di Bonagia,2024-04-26
830,Amalia Boldù,graziellacattaneo@example.org,Rocchetta Sant'Antonio Stazione,2024-04-14
831,Stefania Grimani,patrizia44@example.org,Baronissi,2026-01-30
832,Fabrizia Contrafatto,monicelliadelmo@example.net,Massalengo,2026-01-03
833,Biagio Romiti,gioeleluxardo@example.com,Schabs,2025-04-05
834,Angelina Castioni,bettina40@example.com,Teverola,2026-06-28
835,Angelina Sauro,edoardoterragni@example.org,Fondo,2026-02-03
836,Silvio Borghese,alessandro26@example.net,Santhia',2024-02-13
837,Liliana Gilardoni-Impastato,matilda39@example.com,Santo Iona,2025-01-31
838,Ivan Grifeo,gpassalacqua@example.net,Olmo,2026-02-21
839,Licia Scarpa-Contrafatto,saverio61@example.net,Fornelli,2024-05-06
840,Gianpaolo Lattuada-Agostini,camillafornaciari@example.net,St. Nikolaus/Kaltern,2025-05-19
841,Nadia Mimun,wmajewski@example.com,Barbara,2024-10-03
842,Dott. Ubaldo Trussardi,vtotino@example.net,Sanluri Stato,2024-10-06
843,Dott. Lisa Argento,isaudinese@example.net,Santo Stefano Di Zimella,2023-11-08
844,Giovanna Lombardo,lodovicogaleati@example.org,Nomaglio,2025-05-21
845,Dante Trillini,pascarelladiana@example.com,Bettole Sesia,2024-05-07
846,Marissa Verri,rembrandtrossetti@example.net,Isca Marina,2025-12-12
847,Alessio Pagliaro,lucio44@example.org,Giarre,2024-04-02
848,Rembrandt Solimena,ucostalonga@example.net,Sepino,2024-02-28
849,Delfino Mascagni-Filogamo,melina94@example.net,San Polo D'Enza,2025-10-25
850,Alessio Toldo-Scarpa,contimelina@example.net,Ponzone,2024-05-04
851,Paoletta Mozart,rguinizzelli@example.net,Maiori,2026-05-04
852,Luciana Golgi-Lanfranchi,jmurialdo@example.com,Cusio,2025-04-22
853,Sig. Giampaolo Spanevello,barillarodiana@example.com,Civitella D'Agliano,2024-10-04
854,Stefani Guariento,ivoboiardo@example.com,Cintano,2024-12-04
855,Annunziata Caccioppoli,faliergiulietta@example.com,Fobello,2025-07-27
856,Alessio Munari,ytamburi@example.com,Calamecca,2025-02-25
857,Erika Rosmini,elladiotaccola@example.org,Stazzema,2025-05-18
858,Fulvio Mimun,rosaria06@example.com,Schalders,2026-08-14
859,Dott. Bianca Pertini,ubaldiloretta@example.org,Farfa,2023-12-29
860,Sig. Temistocle Chechi,maffeipomponio@example.org,Valliera,2024-04-09
861,Aria Vanvitelli-Bernardi,mauro73@example.com,Mongnod,2025-08-02
862,Lucrezia Pagnotto,errigoansaldo@example.net,Castelmareri,2025-09-04
863,Ranieri Caironi,bianca82@example.org,Vernazza,2024-05-12
864,Sandro Errani,bduse@example.net,Montelera,2024-05-16
865,Anita Andreotti,vittoriobadoglio@example.com,Mestriago,2024-02-24
866,Luigi Alboni,lolita85@example.net,Coriano Veronese,2024-04-07
867,Sig.ra Ramona Zola,qtasso@example.org,Tornano,2026-08-30
868,Nedda Argentero,evamantegna@example.net,Adelfia Canneto,2024-04-02
869,Cesare Mazzocchi-Longhena,tonino48@example.net,Murgia,2024-07-12
870,Paolo Balbo,mgadda@example.net,Castelsantangelo Sul Nera,2026-02-11
871,Michele Musatti,metellalina@example.com,Casarile,2025-09-26
872,Piero Cappelli,ddalla@example.org,Siniscola,2026-06-08
873,Fredo Canova,michelotto38@example.com,San Nullo,2026-08-28
874,Giorgia Mazzini-Babato,sgargallo@example.net,Castelluccio Cosentino,2025-09-16
875,Piergiuseppe Zanazzo,semitecoloteresa@example.org,Cozzano,2024-07-20
876,Tonia Balla,pierpaoloricolfi@example.net,Rupecanina,2026-06-17
877,Roberto Scarpa,xbrichese@example.com,Sella Di Corno,2025-02-22
878,Sig. Amadeo Satriani,ipizzamano@example.net,San Maurizio Al Lambro,2026-02-25
879,Nino Bonaventura,ochigi@example.org,Molini Di Tenna,2025-07-11
880,Giuseppina Piazzi,evangelista28@example.net,Corvara,2025-04-11
881,Maria Vasari,lodovicobignardi@example.net,Colledimezzo,2025-07-15
882,Ida Taccola,varanosusanna@example.com,San Pietro Valdastico,2024-04-15
883,Renata Salvo-Mancini,rosinagoldstein@example.com,Montemarano,2026-04-03
884,Aurora Nicolini-Ceci,zaccardomercedes@example.net,Salemi,2026-06-09
885,Guarino Cilea,dagnesi@example.org,Corte De' Cortesi,2025-01-04
886,Romana Marrone-Oliboni,paolatorricelli@example.org,Vidardo,2024-02-05
887,Sig.ra Annamaria Modigliani,giancarlo80@example.net,Carentino,2026-07-04
888,Sig. Giulio Golino,cludovisi@example.net,Settecrociari,2024-10-22
889,Etta Belletini,scociarelli@example.org,Budoia,2026-02-09
890,Maria Zecchini,ptravia@example.org,Feriolo,2025-07-11
891,Liberto Gangemi-Cignaroli,gianfrancescogigli@example.net,Brumano,2026-05-17
892,Gioacchino Capecchi,nicovolta@example.org,Sammichele Di Bari,2026-01-13
893,Gianmarco Bignardi,rembrandt65@example.org,Oppeano,2024-04-27
894,Sig. Temistocle Ferrata,vivianifortunata@example.com,Pian Del Lago,2024-10-27
895,Lorenzo Onisto,claudiogelli@example.net,Monastir,2024-01-20
896,Massimo Acerbi,pcamiscione@example.net,Timparello,2023-10-11
897,Ruggero Argurio,mirco75@example.com,Sant'Eusebio,2024-07-18
898,Dott. Amanda Segrè,zfinotto@example.com,Acquasanta,2024-01-23
899,Clelia Nicolini,wserraglio@example.com,San Mauro Di Saline,2025-01-19
900,Dott. Orlando Camiscione,giovannapapetti@example.org,Otranto,2024-01-29
901,Alfio Gadda,gilbertoemo@example.com,Pusiano,2025-03-23
902,Dario Berengario,cluzi@example.com,Valdottavo,2025-07-25
903,Giacinto Lattuada,sbarbaromicheletto@example.org,Malpensata,2025-05-09
904,Dott. Piermaria Camicione,icafarchia@example.com,Vigo Rendena,2026-04-21
905,Bartolomeo Ziani,napolitanololita@example.net,Arborea,2026-05-21
906,Dott. Giovanna Odescalchi,usantorio@example.net,Bagolino,2025-10-13
907,Vito Serao,armandotaliercio@example.com,Pira Maseda,2025-06-05
908,Aurora Boccioni-Borrani,nbarsanti@example.com,Armento,2024-10-30
909,Rosina Piane,gioffre01@example.org,Cadegliano Viconago,2023-11-26
910,Francesca Bevilacqua,falconefranco@example.com,Montelanico,2024-12-30
911,Piergiorgio Pugliese,baraccabiagio@example.net,Fiumata,2025-07-09
912,Bettina Leoncavallo,giampaolo08@example.com,Canavaccio,2025-06-18
913,Antonio Carpaccio-Vitturi,federigoolivetti@example.com,Bovisio,2025-03-04
914,Dott. Amedeo Lanfranchi,murricecilia@example.org,Villa D'Orri,2023-12-03
915,Olga Vercelloni,fiorenzo55@example.net,Vicchio,2026-09-14
916,Michela Gangemi,giampiero30@example.org,Ternate,2024-05-26
917,Marta Galtarossa,vespuccianita@example.com,San Gennaro Vesuviano,2024-06-25
918,Roberto Disdero,lamberto51@example.org,Pescara,2026-07-04
919,Teresa Pagliaro,mfoscari@example.org,Corniglia,2026-02-20
920,Sig.ra Bianca Conte,puccio95@example.com,Litta Parodi,2026-09-02
921,Marta Ritacca,ranieri68@example.org,Bolbeno,2025-07-25
922,Natalia Grasso-Catenazzi,adelasia36@example.net,Brindisi Casale,2025-04-07
923,Marta Gravina-Maglio,adamo34@example.org,Baiso,2026-07-18
924,Lauretta Disdero,agnesimarcella@example.com,Andreotta Di Castrolibero,2024-12-10
925,Sig. Fedele Maderna,pirelliedoardo@example.com,Riese Pio X,2025-03-01
926,Silvio Vespa,bernardinisantino@example.com,Tocco Caudio,2025-09-20
927,Maura Pozzecco,ruggierocremonesi@example.com,Bellisio Solfare,2026-02-23
928,Galasso Combi,rocco38@example.org,Ranzanico,2023-12-23
929,Rosa Fabrizi,antonio77@example.com,Serra D'Aiello,2026-01-05
930,Ubaldo Tornatore,kbajamonti@example.com,Valbondione,2024-04-30
931,Sandro Rapisardi,efusani@example.com,Azzano Mella,2024-05-28
932,Cristina Roncalli,msegni@example.com,Vado Ligure,2024-09-08
933,Gionata Caetani,ermanno33@example.com,Castello Di Querceto,2024-12-07
934,Gelsomina Camuccini,giannicorcos@example.net,San Vito Di Altivole,2026-09-13
935,Ricciotti Lombardo,ranieri93@example.net,Raccuja,2024-04-23
936,Lucia Mocenigo,antonuccicipriano@example.net,Monte Terminillo,2024-02-08
937,Sig. Giancarlo Paolucci,nvendetti@example.net,Panchia',2025-07-27
938,Baccio Alighieri-Pacomio,pompeo57@example.org,Rossano,2024-03-10
939,Franco Visconti,bersaniamleto@example.net,Cesa,2024-03-04
940,Romina Montalcini,ricciotticorcos@example.org,Scalea,2025-05-03
941,Dott. Cecilia Leblanc,qferrabosco@example.net,Trezzone,2024-01-01
942,Berenice Saraceno,tterragni@example.com,Su Cologone,2026-05-02
943,Saverio Stefanelli,pianegiovanna@example.org,Sant'Egidio,2026-02-04
944,Santino Gasperi,cattaneobeppe@example.org,Quarto Dei Mille,2024-03-30
945,Dina Canali,stefanosegni@example.org,Rio Marina,2025-10-19
946,Elladio Ruggeri,bvanvitelli@example.org,Chiaserna,2025-05-08
947,Filippa Vitturi,tonia33@example.org,Ponticino,2025-10-09
948,Jacopo Squarcione,pozzeccoetta@example.net,Quaderni,2025-09-19
949,Dott. Germana Gadda,raimondocuriel@example.org,Monte Cavallo,2025-10-01
950,Stella Torlonia,benvenuto19@example.com,Francavilla Fontana,2025-06-02
951,Sig.ra Gloria Legnante,iveneziano@example.net,San Colombano Belmonte,2024-12-30
952,Sebastiano Cimarosa,cristinagiannelli@example.org,Negrisia,2024-06-19
953,Sophia Duodo,cecilia85@example.net,Santa Lucia Di Serino,2025-10-12
954,Dott. Nadia Foa,biannucci@example.net,Campo Di Pietra Di Salgareda,2025-12-31
955,Camillo Bajamonti-Ajello,cantimorieliana@example.org,In Via Dalmazia,2025-06-23
956,Saverio Renier,antonelloromolo@example.com,Comelico Superiore,2026-03-30
957,Nico Rosiello-Chechi,eugenia17@example.org,Mesola,2024-04-22
958,Severino Boccherini,collodivincenza@example.com,Caldarette,2024-07-11
959,Claudio Alfieri,antoniopace@example.org,San Sosio,2025-04-10
960,Paloma Cicilia,leopoldosollima@example.net,Borgo Flora,2026-07-24
961,Sebastiano Montessori,danilo26@example.org,Monastir,2024-12-23
962,Lauretta Angeli,valentina03@example.org,Trecroci,2024-06-06
963,Delfino Dallara,faustotozzo@example.net,Puianello,2024-03-21
964,Rosaria Vitturi,emiliocasadei@example.com,Compiobbi,2025-09-03
965,Dott. Michelotto Montalti,adelasia80@example.net,Pantelleria Aeroporto,2024-09-30
966,Sig. Gianpietro Battaglia,mchittolini@example.com,San Pier D'Isonzo,2024-07-11
967,Aldo Gozzi,fiorinosantoro@example.org,Madonna Del Carmine,2026-08-19
968,Sophia Catenazzi,martinofoscari@example.org,Misserio,2026-01-01
969,Liliana Gramsci,bsermonti@example.com,Mongardino,2024-08-24
970,Mauro Flaiano,vincentio57@example.net,Albiano D'Ivrea,2026-07-31
971,Eva Quasimodo,elviragradenigo@example.net,Rivarotta,2024-06-01
972,Cassandra Fieramosca,irma93@example.com,Robecco D'Oglio,2024-09-21
973,Sig. Rembrandt Gabba,wmartucci@example.org,Torregaveta,2023-11-09
974,Fabio Gatto,terragniseverino@example.org,Gobbera,2026-02-17
975,Alessandra Marenzio,lombardigiada@example.com,Licata,2023-10-17
976,Ermes Cipolla-Russo,pisanogianfranco@example.com,Centocroci,2024-10-26
977,Eraldo Rinaldi,fiorenzosalgari@example.com,Magliano Alfieri,2025-05-06
978,Pierpaolo Niggli-Giorgetti,ludovicatrupiano@example.com,Verzegnis,2024-03-12
979,Fabia Bosurgi,faustobajamonti@example.org,Montegrino Valtravaglia,2025-01-02
980,Michele Guglielmi-Mercati,morenanicolini@example.net,Venaus,2023-10-02
981,Rita Abbagnale,golgichiara@example.org,Caronia,2026-05-01
982,Dott. Pompeo Fuseli,giuliana76@example.org,Scanno,2026-06-11
983,Sole Gemito,marianiscoromni@example.org,Boccaleone,2025-11-11
984,Ugo Pavarotti,calcedoniosauro@example.com,Gavassa,2025-08-30
985,Alberico Boldù,zpavarotti@example.com,Bagno A Ripoli,2025-01-26
986,Filippa Bosurgi,eraldofusani@example.org,Anghebeni Di Vallarsa,2026-04-12
987,Dante Bignami,pizzobartolomeo@example.net,Hone,2025-07-22
988,Vittoria Valmarana,amandamorricone@example.org,Narcao,2026-09-12
989,Milena Broschi,sonia61@example.net,Sacrofano,2024-01-07
990,Adriano Ludovisi,smodugno@example.org,Santo Stefano Di Torricella Sicura,2024-11-03
991,Nicoletta Franceschi,margheritaplatini@example.net,Saiano,2025-07-03
992,Tiziana Broggini,eloredan@example.org,Torrio Sopra,2025-09-14
993,Biagio Gozzano,angelina34@example.com,Monte Di Malo,2024-09-06
994,Carolina Bellò,valerio71@example.org,Invorio,2024-02-14
995,Ninetta Prada,giuseppina24@example.com,Binasco,2024-11-05
996,Massimiliano Traetta,nicovarano@example.net,Piazza,2026-08-31
997,Natalia Villarosa,kramazzotti@example.org,Plati',2026-07-16
998,Marcella Filzi,donatella99@example.com,Villaggio San Marco,2025-05-20
999,Martino Bossi,ermesliguori@example.net,Caggiano,2023-09-22
1000,Arturo Monaco-Zanazzo,orsiniarsenio@example.com,Santo Stefano Di Camastra,2025-01-19
1001,Ezio Comencini,elvira78@example.org,Dego,2025-08-23
1002,Fabrizia Segrè,annunziata85@example.net,Brentonico,2026-07-15
1003,Priscilla Paolucci,yruggeri@example.net,Albions,2025-01-22
1004,Ricciotti Abba-Prada,dverri@example.com,Montecastrilli,2025-02-23
1005,Calogero Antonello-Draghi,iannellipierpaolo@example.com,Praticello,2025-10-27
1006,Luisa Palladio-Bembo,evangelistatognazzi@example.com,San Piero A Ponti,2025-01-08
1007,Dott. Ignazio Siffredi,mauraleoncavallo@example.com,Seneghe,2024-05-15
1008,Dott. Maria Durante,giosuebrunello@example.com,Turania,2024-03-08
1009,Guglielmo Pisano-Pincherle,enzomercalli@example.org,Galliate Lombardo,2026-02-23
1010,Fabio Govoni,lilla57@example.com,Incoronata,2024-08-31
1011,Dott. Costantino Cristoforetti,tremontisalvi@example.org,Sezze Scalo,2026-04-13
1012,Greco Legnante,vcalvo@example.net,Pezzo Di Villa San Giovanni,2026-06-02
1013,Fabrizia Lerner,cvittadello@example.net,Sant'Elpidio Morico,2026-04-25
1014,Beatrice Fagiani,ermanno16@example.org,Santo Marino,2024-02-25
1015,Paolo Nicolini-Chinnici,ksalvemini@example.net,Trivento,2024-03-10
1016,Anita Lattuada-Fallaci,antonellorighi@example.org,Casino Levizzano,2024-09-13
1017,Giorgio Gozzano-Ziani,qpaoletti@example.org,Castiglione D'Ossola,2024-12-11
1018,Rosaria Mascagni,antonietta68@example.org,Mezzana Corti,2025-03-07
1019,Sig. Raffaele Casaleggio,tullio92@example.org,Valgrisenche,2024-04-21
1020,Gioacchino Tomasetti,marina59@example.net,Cassina Rizzardi,2026-05-30
1021,Dott. Raimondo Draghi,ccivaschi@example.net,Marzaglia,2025-12-22
1022,Dott. Natalia Bompiani,alfio45@example.net,Partschins,2026-06-27
1023,Dario Gualtieri-Cremonesi,maria64@example.net,San Michele Di Pratola Serra,2024-08-09
1024,Antonio Cavanna,ermanno32@example.net,Statale,2025-03-23
1025,Sig.ra Serafina Tencalla,azegliomarangoni@example.net,Cusercoli,2023-12-01
1026,Erika Ruggieri,iberlusconi@example.com,Wolfsgruben,2024-12-21
1027,Graziano Pausini,giuliacipolla@example.net,San Lorenzo Maggiore,2025-02-17
1028,Antonella Mantegna,lisatosto@example.com,Aosta,2026-01-20
1029,Flavia Nicoletti,sylviapolani@example.net,Sagrado,2025-02-06
1030,Liberto Bernini,ronaldo51@example.org,Dussoi,2025-12-03
1031,Adelasia Ferragni,adriananitti@example.com,Capolago,2025-10-29
1032,Gianfrancesco Molesini,donatellagemito@example.org,Magomadas,2025-04-14
1033,Giovanna Grassi-Cuzzocrea,gioffrepolesel@example.com,Fabiano,2025-07-22
1034,Vincentio Pirandello,antonellavanvitelli@example.com,Gaeta,2025-01-26
1035,Rita Savorgnan,enzonorbiato@example.net,Ostra,2024-06-11
1036,Bianca Gabbana,mariana24@example.org,Masella,2025-12-05
1037,Arturo Malipiero,calcedonioserraglio@example.org,Puntaldia,2024-02-02
1038,Gianpietro Ferrata-Vianello,gabriele52@example.net,Galdo Cilento,2024-04-22
1039,Lina Fusani,raffaellotonisto@example.net,Vetrego,2026-03-16
1040,Stefano Tamburini,ninettamondadori@example.net,Valtopina,2024-02-01
1041,Flavio Callegari,marcantonioruffini@example.org,Ferla,2026-08-06
1042,Giampaolo Galvani,rossana12@example.com,Ferriera,2025-01-10
1043,Carolina Aloisio-Pelli,qcaffarelli@example.net,Forno Alpi Graie,2024-04-29
1044,Lucrezia Pertini,dvolterra@example.net,Anoia Superiore,2025-05-25
1045,Vito Dossi,fcagnotto@example.org,Villabella,2026-05-13
1046,Galasso Cimini,boeziopriscilla@example.net,Ariano Irpino,2024-10-28
1047,Maura Broschi,fibonaccigiulio@example.com,Serbadone,2024-09-18
1048,Gianfrancesco Fieramosca-Tosi,mbattisti@example.com,Moglia,2025-12-22
1049,Dott. Gianna Giammusso,clelia16@example.net,Nizza Di Sicilia,2024-02-11
1050,Dott. Amanda Bellò,binteriano@example.org,Stazione Valmozzola,2025-11-22
1051,Silvio Seddio,wmodiano@example.net,Laatsch,2026-08-21
1052,Achille Bossi,ulerner@example.org,Bondeno,2024-12-22
1053,Dott. Jolanda Gramsci,antonellospanevello@example.net,Roccatagliata,2026-09-21
1054,Ronaldo Luxardo,liana36@example.com,Mongnod,2026-07-03
1055,Francesco Benigni,severinoagazzi@example.net,Vicoboneghisio,2024-08-09
1056,Tonino Volterra,alfredopisaroni@example.com,Celle Di Bulgheria,2024-10-22
1057,Sig. Ettore Berlusconi,correrluciana@example.net,Vallemare Di Cepagatti,2025-08-05
1058,Sylvia Randazzo-Sauro,qfieramosca@example.net,Sant'Oliva Di Pontecorvo,2025-12-21
1059,Federico Contarini,tassoagostino@example.org,Polizzello,2024-10-10
1060,Raffaella Cagnin,michelaritacca@example.com,Tovo San Giacomo,2025-01-26
1061,Gaspare Colletti,sante03@example.net,Intragna,2025-04-03
1062,Paulina Brancaccio,ippaziolamborghini@example.net,Arena,2026-04-24
1063,Martino Manunta,luchino02@example.org,Bagnolo Del Salento,2026-07-24
1064,Dott. Nina Cadorna,milo28@example.org,Monte San Giovanni Campano,2025-09-15
1065,Sig. Leone Pulci,tullioantonello@example.org,Martignano,2024-09-19
1066,Nicolò Iannotti-Letta,petruzzilodovico@example.com,Magno,2024-04-22
1067,Amalia Giannone,kgemito@example.net,Sili',2026-02-25
1068,Sig.ra Liana Carpaccio,dovaragioachino@example.org,San Benedetto,2024-01-11
1069,Sig.ra Isa Ferragni,lucreziabrenna@example.org,Fuscaldo,2023-11-12
1070,Vincenza Vespucci,sibiliaciro@example.net,Mongiove,2024-04-01
1071,Tiziano Gabbana-Vecellio,auroraovadia@example.com,Statte,2025-08-06
1072,Monica Gullotta-Ossani,filippacugia@example.com,Fastello,2025-07-02
1073,Silvio Flaiano,necciangelica@example.net,Adelfia Montrone,2024-01-24
1074,Vito Bulzoni,leone08@example.org,Forette,2024-02-08
1075,Baccio Gucci,piermaria66@example.org,Zingone Di Trezzano Sul Naviglio,2025-01-06
1076,Evangelista Rienzo,dsollima@example.net,Strembo,2026-07-28
1077,Baldassare Pasqua-Rensi,kchechi@example.com,Brunello,2026-07-11
1078,Donatella Littizzetto,rgregori@example.com,Casamari,2025-08-02
1079,Dott. Fabia Lovato,lcaironi@example.org,Montechiaro Denice,2024-09-07
1080,Rita Metella-Mogherini,amadeoudinese@example.net,Venco',2026-08-12
1081,Sig.ra Dina Granatelli,serenaboito@example.org,Brazzacco,2025-10-10
1082,Sig. Pierangelo Borrani,nbergoglio@example.com,Tricerro,2023-11-20
1083,Sig. Costantino Dalla,benedettigiacobbe@example.net,Locate Varesino,2023-11-28
1084,Lucrezia Marzorati,adelmo98@example.org,Promano,2024-08-06
1085,Gioachino Agnesi,fedeleboaga@example.com,Santa Venerina,2024-09-23
1086,Fortunata Lancisi,tabba@example.net,Boca,2025-06-09
1087,Graziella Antonacci,giuliano97@example.net,Telgate,2025-10-05
1088,Rita Nibali-Farinelli,cossigavictoria@example.org,Santuario Di Savona,2026-09-10
1089,Cassandra Surian,sberlusconi@example.com,Cornegliano Laudense,2026-03-07
1090,Guarino Morabito,froth@example.net,Torza,2026-04-29
1091,Nino Ravaglioli-Cignaroli,lviola@example.net,Isola Del Cantone,2024-10-24
1092,Vanessa Sagnelli,nicogonzaga@example.com,Auer,2023-10-08
1093,Nina Burcardo,wodescalchi@example.com,Pavia,2024-07-08
1094,Dario Cutuli,sandracremonesi@example.org,San Martino Del Lago,2024-05-10
1095,Gino Gentilini,niccolo84@example.com,Pievesestina,2026-08-16
1096,Aurora Gravina,pseddio@example.org,San Michele Dei Mucchietti,2026-01-24
1097,Amleto Randazzo-Scarpetta,olgagatto@example.com,Rabla',2023-10-31
1098,Ivo Botticelli,monica06@example.org,Ronco Biellese,2025-06-18
1099,Vanessa Baresi-Castiglione,idapiccio@example.com,Ubiale,2025-05-05
1100,Serena Soprano,siffrediantonia@example.org,Cepagatti,2025-09-06
1101,Chiara Abatantuono,tascaparide@example.com,Pozzale,2024-06-03
1102,Sig.ra Mariana Berlusconi,murrigreca@example.org,Novoledo,2025-06-18
1103,Caterina Tomei,stellacarullo@example.net,Locogrande,2024-12-18
1104,Guarino Abbagnale,paloma61@example.com,La Gala,2024-08-30
1105,Lando Giolitti-Armani,villarosamatteo@example.net,Celso,2025-01-30
1106,Rolando Marzorati,adelepavarotti@example.com,Ponte Giurino,2024-06-09
1107,Leone Baggio,antonellorienzo@example.com,Monleale,2024-06-03
1108,Ida Segni,barberinimelania@example.com,Asiago,2025-12-05
1109,Dott. Tonia Luzi,giacomobalotelli@example.org,Vogogna,2025-12-22
1110,Patrizio Bajardi,mimunstella@example.org,San Giuseppe Di Cassola,2024-01-12
1111,Sig.ra Griselda Antonello,roberto61@example.com,Molino Del Piano,2025-05-06
1112,Concetta Crespi,piccinnidanilo@example.net,Laurenzana,2023-12-23
1113,Dott. Laura Lussu,loredanamonaco@example.org,Vologno Di Sotto,2025-10-05
1114,Leonardo Basadonna,onavone@example.net,Romano D'Ezzelino,2024-06-21
1115,Filippo Rismondo,fnugnes@example.com,Valle San Floriano,2026-05-29
1116,Atenulf Zamorani-Fallaci,umarini@example.com,Confienza,2023-10-08
1117,Vanessa Zacchia-Donarelli,barcacciagloria@example.com,Firenzuola,2025-07-10
1118,Renata Fogazzaro,tbombieri@example.com,Izano,2025-09-22
1119,Durante Panicucci,isabella05@example.com,Ledro,2025-04-24
1120,Sonia Roero,vcoardi@example.com,Overì,2025-07-31
1121,Leonardo Corcos,federico48@example.com,Lumarzo,2024-10-17
1122,Pierpaolo Maderna,pierangelo54@example.com,Campil,2024-10-20
1123,Iolanda Soprano,bianca98@example.net,St. Ulrich/Urtijei,2026-02-07
1124,Mario Ottino,sgori@example.net,Fognano,2025-04-03
1125,Baldassare Serraglio,lbresciani@example.com,Roreto,2024-03-21
1126,Angelo Alfieri-Taliercio,bernardiniantonio@example.net,Pineto,2024-04-30
1127,Giustino Parini,toniafederici@example.org,Parma,2025-09-21
1128,Pasqual Taliercio,pferretti@example.org,Pile,2024-05-18
1129,Nicoletta Pagliaro,alessia02@example.net,Castelvecchio Pascoli,2025-11-19
1130,Annetta Greco,tinarespighi@example.com,Favaro,2023-12-03
1131,Gianpietro Tuzzolino,loretta20@example.org,Vinchiana,2026-04-27
1132,Elladio Praga,mazzacuratigiorgia@example.net,Plati',2026-07-14
1133,Nico Pagnotto,marangonifausto@example.com,Motta San Giovanni,2026-04-04
1134,Sig.ra Bianca Pertile,movadia@example.org,Castelli,2024-10-12
1135,Martino Argurio,fabio50@example.net,Pratrivero,2025-01-28
1136,Isabella Pontecorvo-Pozzecco,caterina23@example.org,Casone Carpinelli,2025-01-18
1137,Giorgia Donarelli,canettarossana@example.org,Canonica D'Adda,2024-02-03
1138,Veronica Sorrentino,valentina88@example.org,Frangar,2026-03-02
1139,Dott. Annalisa Bernardi,borroniansaldo@example.com,Ghiare Di Corniglio,2026-04-20
1140,Paoletta Viola,hmorellato@example.org,Roveredo,2026-02-25
1141,Giulio Bartoli,tsabbatini@example.org,Luns,2026-09-17
1142,Pierangelo Luria,buscettarosalia@example.org,Fasani,2025-09-02
1143,Marisa Castellitto-Bignami,finzitelemaco@example.com,Treppo Carnico,2024-08-19
1144,Antonella Zabarella,marcantonio10@example.net,Carrufo,2023-10-21
1145,Stefania Gradenigo,imelda23@example.org,Montevitozzo,2024-09-17
1146,Claudio Muti-Giulietti,antoniolegnante@example.net,Isola Di Palanzano,2024-01-12
1147,Lara Agazzi-Regge,vittorio90@example.com,Campodazzo,2026-02-03
1148,Sig. Gioffre Boccaccio,botticellivaleria@example.net,Pieve Di Compresseto,2023-10-10
1149,Cesare Venditti,giuliatresoldi@example.com,Dozza Di Zoldo,2025-06-11
1150,Sig. Mariano Parri,monteverdiisa@example.net,Filaga,2024-10-15
1151,Dott. Guglielmo Perini,sebastiano34@example.net,Cervatto,2023-12-22
1152,Amadeo Cicala,ranierischiavone@example.org,Pacitti,2024-09-20
1153,Aurora Boaga,grazianogalilei@example.net,Gallicano,2024-03-15
1154,Tina Boiardo,montanarigioele@example.com,Fellicarolo,2025-02-27
1155,Lucia Tolentino,azeglio18@example.com,Castelnovetto,2025-07-05
1156,Dott. Tiziano Ottino,cassandraoscuro@example.org,Schianno,2024-01-14
1157,Vincenza Ferrabosco,beppe67@example.com,Fogliano Redipuglia,2024-11-13
1158,Isa Sbarbaro,dcarriera@example.com,Baselga Del Bondone,2025-01-07
1159,Sig. Gianmarco Franceschi,allegracamanni@example.org,Cissone,2023-11-14
1160,Marta Calgari,elviraferrara@example.org,Tottubella,2025-09-11
1161,Maurilio Boccaccio,enricogiacometti@example.org,Salza Irpina,2026-08-14
1162,Victoria Petrucelli,damianozanazzo@example.com,Cortile San Martino,2026-08-29
1163,Donna Berrè,magrassilicia@example.com,Villanova Monteleone,2024-07-25
1164,Gelsomina Gibilisco,ecadorna@example.org,Monte Romano,2025-05-06
1165,Ruggero Lippomano-Manolesso,alighieritoni@example.net,Nove,2024-08-10
1166,Elmo Cannizzaro-Nitti,combigustavo@example.net,Gagliano Aterno,2026-03-19
1167,Francesca Rubbia-Maffei,bixioroman@example.com,Lascari Scalo,2025-05-18
1168,Gilberto Bulzoni,fabiacasellati@example.org,Cusignana,2023-10-24
1169,Gianpaolo Agazzi,leopoldoblasi@example.net,Castelsilano,2026-05-01
1170,Renata Lippomano,annunziata46@example.net,San Colombano,2026-06-04
1171,Alessandra Pellegrini,loredanaspinelli@example.net,Sacca,2025-09-21
1172,Dott. Maura Vismara,alessandro68@example.com,Porto Salvo,2025-09-17
1173,Dott. Sonia Esposito,acanil@example.com,Soprabolzano,2023-11-12
1174,Martina Falcone-Draghi,massimilianochittolini@example.net,Zevio,2024-11-28
1175,Greca Rossetti,falloppiogiorgia@example.net,Mareta,2023-10-03
1176,Armando Monicelli-Interminelli,cbaggio@example.com,Lecce Nei Marsi,2024-04-15
1177,Pasquale Chiappetta-Parmitano,vfiorucci@example.org,Poirino,2026-06-15
1178,Sig.ra Imelda Delle,caterina99@example.net,Mignano Monte Lungo,2025-06-27
1179,Amleto Bembo,dcolumbo@example.com,Torre Mozza,2026-08-29
1180,Giulia Savorgnan,fracciferdinando@example.org,Mompeo,2023-11-16
1181,Letizia Onisto,priscillafattori@example.net,Stravignino,2025-06-28
1182,Sig. Mauro Marinetti,saverio69@example.com,Cassano Valcuvia,2024-07-31
1183,Amadeo Falier,manolessoisabella@example.net,Tuturano,2025-11-28
1184,Marcello Oscuro,rcicilia@example.org,Castelletto Stura,2026-05-13
1185,Sig. Delfino Comboni,rvigorelli@example.net,Caprona,2025-12-17
1186,Giada Ferrata,sebastianogabbana@example.org,Lubriano,2026-06-28
1187,Sig. Patrizio Basso,augustoferrabosco@example.net,Rodengo Saiano,2024-04-09
1188,Ansaldo Pertile,fpirelli@example.org,Olmo Di Martellago,2024-04-18
1189,Torquato Moneta,rbonolis@example.com,Collevalenza,2026-06-25
1190,Rosaria Beffa,fcoardi@example.com,Vada,2025-03-25
1191,Sig. Federico Solari,gioffre27@example.org,Teti,2026-01-12
1192,Flavia Cagnin,torengo@example.org,Ponticelli,2024-09-05
1193,Raffaellino Saragat,barziniottone@example.org,Pombia,2025-08-31
1194,Bianca Anichini-Murri,michela46@example.com,Montecatini Alto,2026-06-18
1195,Livia Marini,enzonitto@example.net,Ischia Trentina,2025-06-22
1196,Raffaello Fiorucci-Foconi,crisafullisergius@example.net,Cerisola,2024-03-04
1197,Nico Moccia,orestebramante@example.org,Portonovo,2026-09-19
1198,Pasqual Canetta-Vespa,caffarellirita@example.net,Mussomeli,2024-01-09
1199,Guarino Argento,wgentili@example.net,Fornacella,2024-07-15
1200,Cristina Marsili,renaultdanilo@example.net,Spigno Monferrato,2025-08-09
1201,Nadia Foscari,atrussardi@example.net,Nera Montoro,2025-02-13
1202,Berenice Nitti,ritaccaermanno@example.com,Palse,2024-12-19
1203,Dott. Antonio Santi,romeo03@example.net,Quartiano,2025-10-02
1204,Luigina Ferrata,aria69@example.net,Almenno San Bartolomeo,2024-02-13
1205,Cecilia Baglioni,odescalchiezio@example.org,San Morello,2024-04-18
1206,Elisa Martinelli-Randazzo,beppe94@example.org,Savogna D'Isonzo,2023-09-29
1207,Calogero Cagnin-Cugia,comencinisusanna@example.net,Maerne,2024-03-12
1208,Gabriele Camuccini,dcignaroli@example.org,Marsiliana,2025-12-02
1209,Biagio Tamburello,loredana97@example.org,Apricena,2025-08-26
1210,Stefani Ossola-Renault,gioelecagnotto@example.net,Genova,2024-07-05
1211,Ranieri Maffei,antonelliippazio@example.com,Capalbio,2023-12-31
1212,Pierpaolo Ciani,jloredan@example.net,Scandeluzza,2025-11-01
1213,Adamo Carriera-Iadanza,amedeo58@example.org,San Nicola La Strada,2023-09-25
1214,Sabatino Pellico,lcallegari@example.net,Neviglie,2026-03-14
1215,Vincenza Donini,jacopocasadei@example.com,Borgo Sabotino,2024-05-04
1216,Dott. Roman Gargallo,giulio30@example.com,Abbadia Alpina,2025-09-30
1217,Imelda Lucciano,bcutrufo@example.org,Rinaggiu,2024-08-14
1218,Loredana Donini,libertociani@example.org,Scacciano,2023-10-19
1219,Natalia Montalcini,ymedici@example.org,Ubersetto,2025-05-20
1220,Martino Baracca,biancalucciano@example.com,Baia Domizia,2025-01-31
1221,Antonella Silvestri,gentilinibruno@example.com,St. Leonhard,2025-11-25
1222,Lucia Soranzo,hsalgari@example.org,S'Ena Sa Chitta,2024-03-09
1223,Sig.ra Loredana Monte,jovinellilauretta@example.com,Anacapri,2025-12-15
1224,Imelda Piacentini-Federici,hugo25@example.com,Monteleone,2026-07-03
1225,Emilio Morpurgo,sandra15@example.com,San Martino Vallata,2023-12-05
1226,Paulina Ferragni,npalazzo@example.net,Pontito,2024-07-27
1227,Sig. Agnolo Pepe,mircogozzi@example.com,Corte De' Cortesi,2024-03-20
1228,Elvira Tarantino,passalacquavictoria@example.org,Tiser,2024-05-25
1229,Valerio Battaglia-Ubaldi,qtoldo@example.net,Meransen,2025-01-03
1230,Lina Casadei,fagianigiuseppe@example.org,St. Martin in Passeier,2024-02-07
1231,Annetta Paltrinieri,onapolitano@example.com,Agrustos,2024-03-11
1232,Alessandra Errani,ybenussi@example.net,Camporosso In Valcanale,2023-11-22
1233,Rita Govoni,iferretti@example.com,Cuzzago,2026-09-21
1234,Sig.ra Irma Scarfoglio,borzomitemistocle@example.com,Ponte Rio Di Monterado,2026-07-29
1235,Dott. Giuliana Comolli,camilloscarpa@example.net,Cusano Mutri,2024-05-19
1236,Giampiero Canevascini,ermes75@example.com,Villalba,2026-09-18
1237,Vittoria Belletini,argenterogiovanni@example.org,Magaro,2024-09-04
1238,Sig.ra Roberta Vianello,rothgriselda@example.com,Cursi,2025-09-19
1239,Bernardo Chittolini,znibali@example.net,Chiusi Scalo,2024-05-06
1240,Dott. Emma Bossi,orsinimaurizio@example.net,Talatsch,2025-10-02
1241,Corrado Leopardi,sjilani@example.com,Nicotera,2024-01-19
1242,Alessia Semitecolo,priscilla47@example.com,Silandro,2024-04-09
1243,Dott. Anita Papetti,eziosagnelli@example.org,Lierna,2024-11-05
1244,Dott. Veronica Bajamonti,pfioravanti@example.net,Casalbuttano,2025-09-25
1245,Nedda Baggio,evaostinelli@example.org,Biancareddu,2025-08-09
1246,Lazzaro Morellato,melinabroschi@example.com,Comuneglia,2024-04-20
1247,Giovanna Campanella,gullottaolga@example.com,Santu Lussurgiu,2025-10-31
1248,Dott. Zaira Pacetti,saracenonicolo@example.net,Cascine Gandini,2024-07-17
1249,Aurora Branciforte,eravaglioli@example.com,Crespino Del Lamone,2024-07-14
1250,Atenulf Balla,biagiovisintini@example.org,Glurns,2026-03-31
1251,Ida Interminei,malacarnefabio@example.org,Selva Di Val Gardena,2026-05-05
1252,Veronica Finetti,antonellosperi@example.com,Valle Di Casies,2024-10-01
1253,Mirko Mezzetta,graziano53@example.org,Parghelia,2025-04-25
1254,Sig.ra Caterina Callegari,filippo04@example.org,Tiridduli,2025-10-08
1255,Giuseppe Zacco,sermontimario@example.com,Casemolino,2023-10-06
1256,Cecilia Castiglione,ppolizzi@example.net,San Giovanni Lipioni,2024-04-07
1257,Barbara Ceri,jbettin@example.com,Valla',2025-11-28
1258,Roberto Simeoni,tcristoforetti@example.com,Stintino,2025-05-18
1259,Enrico Leblanc,argenteroalderano@example.org,Colleatterrato Alto,2026-05-12
1260,Sig. Flavio Conte,umbertogremese@example.com,Cureggio,2024-05-20
1261,Pomponio Bresciani,lucianocagnotto@example.com,Boscochiaro,2026-05-20
1262,Armando Saffi,miloerrani@example.com,Santa Ninfa,2023-09-23
1263,Enzio Canetta,libertoaccardo@example.com,Colonna,2026-02-17
1264,Hugo Cugia,tonino63@example.com,Prali,2025-08-06
1265,Temistocle Venier,lussumichele@example.com,Bitti,2025-01-30
1266,Antonino Bocca,alessandro74@example.net,Boglietto,2025-07-14
1267,Dott. Federica Tomasetti,eraldoalmagia@example.com,Oliosi,2026-06-28
1268,Evangelista Sokolov,teresa74@example.com,Codena,2025-10-04
1269,Sig. Alberico Sermonti,lucarelligianna@example.net,San Massimo,2025-02-27
1270,Paola Petruzzi,semitecolojolanda@example.com,Terrenove Bambina,2025-05-24
1271,Luigina Ravaglioli,hbova@example.net,Cittaducale,2026-07-09
1272,Sig. Donato Mascagni,edoardo76@example.com,Stroncone,2024-03-05
1273,Ermes Battisti,acerquiglini@example.net,Gfrill,2024-07-26
1274,Sig. Orlando Trussardi,ppraga@example.com,Riparbella,2026-04-18
1275,Dott. Ferdinando Guarana,ugo51@example.org,Barza,2025-10-19
1276,Massimo Petrucelli-Natta,gussoniorazio@example.org,Romagnano Al Monte,2026-08-13
1277,Annunziata Gremese,cecilia76@example.org,Grunuovo,2026-01-25
1278,Dott. Puccio Donarelli,fallaciannalisa@example.net,S. Lugano,2025-10-01
1279,Alfredo Udinese,hmetella@example.com,Rocca Canavese,2026-02-21
1280,Sig. Emilio Cantimori,mmanolesso@example.net,Jerago Con Orago,2025-01-22
1281,Sig. Alfio Contarini,visintiniannalisa@example.net,Cinto Euganeo,2024-11-05
1282,Sig.ra Simonetta Federico,cbalbi@example.com,Vernasca,2025-01-07
1283,Antonello Fo-Bandello,mtosi@example.net,Pratella,2023-11-21
1284,Ludovico Bompiani,evigliotti@example.net,Cleulis,2023-11-28
1285,Dott. Erika Gadda,wdesio@example.org,Santa Venera,2024-10-28
1286,Carla Valmarana,leonettigianpietro@example.net,Pistolesa,2023-12-31
1287,Guglielmo Bongiorno-Sinisi,qfinotto@example.com,Coroncina,2024-04-06
1288,Olga Argento,dino37@example.net,Saluzzo,2024-10-25
1289,Rosario Battelli,rosalia31@example.net,Valle Cerrina,2024-11-12
1290,Isa Forza,flaviamonti@example.com,Scalzapecora,2024-04-14
1291,Antonella Buscetta,gelsominapoerio@example.com,Vallecrosia Alta,2025-10-13
1292,Chiara Orengo,gbabbo@example.net,Pizzoni,2024-03-20
1293,Lina Leonetti,priscillagiunti@example.com,Cornale E Bastida,2024-11-12
1294,Martina Polani,luigina14@example.org,San Marco Roggiano Stazione,2025-07-09
1295,Griselda Giannuzzi,luca47@example.org,Cocquio Trevisago,2025-08-06
1296,Nina Donarelli,schicchigianpaolo@example.com,Valle Agricola,2026-01-30
1297,Serafina Borgia,guarinodelle@example.org,Bricherasio,2025-10-17
1298,Temistocle Marini,nicolinitelemaco@example.org,Piovera,2025-03-08
1299,Camilla Raurica,frossellini@example.net,Bonisiolo,2025-11-29
1300,Oreste Rocca,escarpa@example.net,Montecuccolo,2026-03-05
1301,Paola Iadanza,giglimicheletto@example.net,Castelvecchio Pascoli,2023-10-05
1302,Telemaco Lombardo,xzola@example.com,Cerchiate,2026-07-14
1303,Ramona Toscanini,annamariaantonetti@example.org,Capri,2026-06-13
1304,Lisa Bellucci,pierpaolo28@example.net,San Cesario Sul Panaro,2024-02-05
1305,Tonia Veltroni,modiglianicesare@example.com,Viguzzolo,2023-10-20
1306,Geronimo Priuli,rosalia75@example.com,Anterselva Di Mezzo,2025-10-22
1307,Ferdinando Camuccini,bernardocrispi@example.net,Cilavegna,2024-12-20
1308,Fulvio Gulotta-Letta,csperi@example.net,Santa Maria In Punta,2025-12-11
1309,Nino Luciani,marcantoniofilzi@example.org,Marina Di Modica,2024-01-21
1310,Gianna Marenzio,bacciorenzi@example.com,Resiutta,2024-01-18
1311,Berenice Marcacci,massimilianoserlupi@example.com,Saint Denis,2026-08-31
1312,Ferdinando Montesano,gioeleantonucci@example.net,Santa Aquilina,2026-08-06
1313,Dolores Tassoni-Cimarosa,claudio39@example.com,Arluno,2024-11-04
1314,Benvenuto Cuda,guarientovanessa@example.net,Monguelfo,2024-04-14
1315,Tina Gozzano,carmelo64@example.com,Zinasco Vecchio,2025-03-26
1316,Sig. Puccio Ughi,gsemitecolo@example.net,Portosecco,2025-08-20
1317,Ramona Tirabassi,romeorizzo@example.com,Montiglio,2026-01-23
1318,Gianluigi Modiano,rolandomarcacci@example.com,Gerocarne,2024-12-07
1319,Pompeo Errani,romeofibonacci@example.com,Serbariu,2023-11-06
1320,Matilda Infantino,corrado89@example.com,Milano,2023-12-11
1321,Sandro Michelangeli,agostino90@example.net,Roccaspromonte,2025-11-13
1322,Pompeo Sommaruga,benedetticarla@example.org,Salerno,2025-07-14
1323,Stefani Passalacqua-Fornaciari,bcallegari@example.net,Lamadacqua,2024-05-29
1324,Gianpietro Vianello,marroneserena@example.net,San Mauro,2026-01-01
1325,Antonio Medici,giosuemalpighi@example.org,Bresseo,2026-04-26
1326,Jacopo Tremonti-Prodi,simonecuriel@example.org,Belluno,2024-02-02
1327,Ignazio Sandi-Fabbri,paolagiannotti@example.com,San Martino Stella,2025-08-01
1328,Bruno Roncalli,antonia53@example.net,Hone,2026-07-13
1329,Isa Caffarelli,martagiolitti@example.com,Buzzoletto,2024-04-06
1330,Dott. Amanda Interminelli,gemma60@example.org,Condino,2026-06-14
1331,Giampaolo Bondumier,ottoneturrini@example.com,Montiglio,2025-06-27
1332,Giulietta Tirabassi,giustinoconti@example.net,Piano Regolatore,2024-11-08
1333,Milena Crespi,saragatachille@example.org,Venafro,2025-08-21
1334,Beppe Guinizzelli-Romiti,aulentielvira@example.org,Lauropoli,2024-08-29
1335,Mauro Toselli,pasquale34@example.org,Montoro Inferiore,2024-02-26
1336,Dionigi Fagotto-Siffredi,francesco96@example.net,Crosa,2025-11-06
1337,Dott. Marcello Ostinelli,cmercalli@example.net,Lama Pezzoli,2025-07-12
1338,Gioffre Broggini,vendettiignazio@example.com,Pflaurenz,2025-07-04
1339,Allegra Sauro,dante42@example.com,Brissogne,2024-07-20
1340,Dott. Serafina Pergolesi,cutruforosaria@example.com,Bargone,2024-02-16
1341,Aria Marino,dgrassi@example.com,Roseto Capo Spulico Stazione,2026-03-10
1342,Sig.ra Giorgia Solimena,xpiccinni@example.net,Mili San Marco,2026-01-15
1343,Concetta Morucci,calcedoniocerquiglini@example.com,Ponteterra,2023-10-14
1344,Dott. Cecilia Spadafora,uinterminelli@example.org,Toppo,2025-09-14
1345,Girolamo Grasso,melina77@example.org,Cassine,2025-12-20
1346,Dott. Ruggiero Federici,guarientogiampaolo@example.net,Valperga,2026-06-25
1347,Michela Versace,varanoramona@example.com,Basilicanova,2025-03-07
1348,Pierluigi Aloisio,htrentin@example.net,Arcinazzo Romano,2026-08-28
1349,Ugo Gadda,lbarcella@example.net,Arina,2025-02-02
1350,Lina Argento,garobbioannibale@example.net,Borgagne,2025-01-13
1351,Amico Grasso,rosina53@example.org,Barzio,2024-07-24
1352,Lisa Dibiasi,cociarellironaldo@example.net,Omegna,2025-02-08
1353,Silvestro Cristoforetti,zovadia@example.org,Castiglione Tinella,2025-10-31
1354,Licia Malaparte,bmigliaccio@example.com,Aspra,2025-03-01
1355,Pierangelo Antonacci,pasquale05@example.com,Lozzolo,2026-06-03
1356,Sig.ra Zaira Tarchetti,vittadelloantonia@example.org,Spigno Monferrato,2024-09-16
1357,Giada Murialdo,trapanialina@example.net,Montal,2026-09-09
1358,Irma Cilibrasi,iborghese@example.net,San Valentino In Abruzzo Citeriore,2024-11-30
1359,Guarino Saraceno,olivettivenancio@example.net,Borgo Valsugana,2025-07-26
1360,Fabia Pepe-Babati,jlombardi@example.net,Granata,2025-11-24
1361,Lamberto Anastasi,filippo04@example.net,Motella,2025-10-04
1362,Armando Leonetti,catalanoanita@example.com,Schieti,2025-06-18
1363,Gabriele Mancini-Casalodi,mabba@example.com,Santo Stino Di Livenza,2023-09-27
1364,Flora Callegaro,tossani@example.com,Terrati,2025-05-07
1365,Camillo Mimun,fnonis@example.com,Ortelle,2023-11-20
1366,Eraldo Tedesco-Rensi,romeovitturi@example.net,Salice Salentino,2024-06-07
1367,Susanna Modiano,elladiogranatelli@example.org,Sale,2024-02-20
1368,Tiziana Ubaldi,erika82@example.org,Farigliano,2024-07-18
1369,Fiamma Cheda-Gucci,oniofiorino@example.org,Rocca Malatina,2026-02-01
1370,Gemma Cavanna-Passalacqua,lazzarocerquiglini@example.org,Chiaravalle,2025-06-18
1371,Gino Visconti,rtornatore@example.net,San Nazario,2024-09-04
1372,Laura Barracco,yluxardo@example.com,Bivio,2026-01-04
1373,Dina Garibaldi-Bazzi,eziocorrer@example.net,Casanova Del Morbasco,2025-10-11
1374,Rolando Ritacca,torquatoricci@example.org,Tontola,2026-04-09
1375,Sig. Ennio Migliaccio,ctutino@example.org,Quincinetto,2024-06-09
1376,Tullio Polani,qcarosone@example.com,Castelnuovo Vallo Stazione,2025-03-30
1377,Elladio Bernardini,raffaele43@example.com,Guinadi,2025-07-14
1378,Stella Fuseli,mattia75@example.com,Gliaca,2026-07-15
1379,Cassandra Botticelli,paolettagigli@example.org,Bulciago,2024-09-01
1380,Diana Cianciolo,tceschi@example.org,Leccio,2026-03-08
1381,Clelia Borzomì,luigina08@example.org,Sozzigalli,2024-06-01
1382,Amedeo Pavanello,kzanichelli@example.net,San Gregorio Matese,2026-01-22
1383,Sig. Gioffre Beccheria,borroniilaria@example.com,Stilfes,2026-06-08
1384,Gioacchino Morrocco,alderano76@example.com,Schierano,2026-02-17
1385,Aldo Donini,uzanzi@example.org,Castions Di Strada,2024-01-20
1386,Toni Capuana,morabitoivan@example.net,Tavernole Sul Mella,2025-05-05
1387,Dario Simeoni,musattilucrezia@example.org,Sestino,2025-10-03
1388,Bettina Sobrero,paride73@example.net,Kardaun/Bozen,2024-11-21
1389,Dott. Flavia Vespa,fpersico@example.net,Riva Trigoso,2023-09-24
1390,Ottone Camilleri,xiannotti@example.com,Massa D'Albe,2024-04-16
1391,Lauretta Ricci,qtedesco@example.net,Savogna D'Isonzo,2026-04-29
1392,Filippa Borroni,catalanofilippo@example.net,Peschici,2024-09-01
1393,Cesare Farina,bernardoborroni@example.net,Corteolona,2024-03-14
1394,Milo Galiazzo-Metella,sylviagiulietti@example.org,Altipiani Di Arcinazzo,2025-08-24
1395,Gloria Boccioni,jbroggini@example.org,Piazzolo,2023-12-03
1396,Clelia Martinelli,legnantepaloma@example.org,Sillano,2025-11-13
1397,Costanzo Cristoforetti,frescobaldidina@example.com,Serrazzone,2026-02-06
1398,Luigina Camicione,andreozzirenzo@example.net,Umin,2025-12-12
1399,Viridiana Rastelli-Caccioppoli,telemaco10@example.com,Montemale Di Cuneo,2025-01-23
1400,Agostino Rensi,battistirenzo@example.com,Faicchio,2024-11-25
1401,Piergiuseppe Pedrazzini,adele57@example.com,Alessano,2025-01-08
1402,Gino Ruggeri,zaccagninicostanzo@example.com,Brusnengo,2026-02-05
1403,Augusto Borsiere,grassoadelasia@example.org,Fossacesia Marina,2026-06-03
1404,Gioacchino Trombetta-Giannini,griselda90@example.net,Petricci,2024-07-18
1405,Amico Iannelli-Odescalchi,elena65@example.org,Filago,2024-06-19
1406,Bruno Moccia,licia88@example.net,Graffignana,2024-11-10
1407,Susanna Canevascini,zcuzzocrea@example.net,Lapio,2025-05-12
1408,Lina Tacchini,carusoserena@example.org,Torniella,2026-05-05
1409,Elvira Fusani-Fittipaldi,cristina12@example.com,Gambettola,2024-01-08
1410,Giada Fagiani,rleblanc@example.org,Giuggianello,2024-01-06
1411,Giulia Caccianemico,pertilesophia@example.com,Trezzano Rosa,2024-09-11
1412,Carla Lombardi,giulianosalvini@example.com,Crist,2024-08-14
1413,Luisa Majewski,xovadia@example.com,Moso In Passiria,2025-04-13
1414,Guido Calarco,nzetticci@example.org,Fastro,2025-02-28
1415,Cipriano Oliboni,cannizzaropaoletta@example.net,Limpiddu,2024-09-03
1416,Ivo Cocci-Oscuro,mondadorimarisa@example.org,Roccaravindola,2024-02-05
1417,Tina Onio-Togliatti,sagesefranco@example.net,Pontirolo Nuovo,2024-05-25
1418,Gabriele Gremese,rosariacammarata@example.com,Borgo San Michele,2024-01-18
1419,Adriana Comolli,maria31@example.org,Nicotera,2026-07-10
1420,Dott. Gianpietro Oscuro,mantegnadurante@example.net,Albinea,2025-05-04
1421,Tonia Castellitto-Oliboni,bchinnici@example.org,Preggio,2023-11-03
1422,Dott. Ivo Staglieno,brennagemma@example.com,Sant'Agata Li Battiati,2026-03-13
1423,Gioacchino Saraceno,ubello@example.com,Besagno,2024-08-19
1424,Bruno Serlupi,iannelliimelda@example.com,Creva,2026-08-03
1425,Etta Comencini-Morgagni,gastonefantoni@example.org,Perticato,2026-06-26
1426,Sig. Ivan Serao,dbonolis@example.org,Melazzo,2026-01-20
1427,Dott. Marcella Ziani,abossi@example.com,Sant'Angelo Di Senigallia,2025-09-25
1428,Micheletto Trombetta,hbeccheria@example.com,Santa Venera,2025-11-30
1429,Stella Calgari,grecascarpa@example.org,Russi,2024-11-11
1430,Lidia Piane,martino27@example.net,Vöran,2025-04-22
1431,Dott. Sophia Pacillo,xbocelli@example.com,Iola,2025-10-13
1432,Dott. Lucrezia Collodi,luigibusoni@example.net,Cattabrighe,2025-05-17
1433,Dott. Adamo Zichichi,romeocagnin@example.net,Riva,2024-02-10
1434,Angelina Bonolis,scalfaroarnaldo@example.org,Casilli,2024-02-07
1435,Alfredo Faggiani-Salvo,tvespa@example.com,Carisio,2025-05-01
1436,Gian Amaldi,baggioaurora@example.org,Vergiano,2024-12-29
1437,Matilda Luzi-Magrassi,margheritafoa@example.net,Prasomaso,2024-10-20
1438,Puccio Grassi,pacettibeatrice@example.org,Pianoro,2023-11-11
1439,Enzio Bignardi-Dalla,tizianobondumier@example.com,Rota Greca,2023-10-22
1440,Sophia Liguori-Carocci,luciano32@example.com,Castagneto,2025-09-22
1441,Girolamo Roncalli-Panicucci,atenulfgrisoni@example.org,Garbagnate Monastero,2025-09-07
1442,Stella Gagliano,benito63@example.com,Civitella Paganico,2026-03-25
1443,Luca Emo,spadaforasante@example.net,Bolgare,2025-03-05
1444,Delfino Bocelli,gullottanedda@example.net,Spezzano Della Sila,2024-10-01
1445,Gianluigi Benussi-Dallara,farinellicostantino@example.net,Simeri Crichi,2024-11-15
1446,Lorenzo Palmisano,lcrespi@example.com,Vissandone,2024-03-01
1447,Raffaello Bettoni,ycianciolo@example.com,Tresigallo,2026-03-10
1448,Marta Sauro,caterinacugia@example.net,Olmi,2025-06-27
1449,Ilaria Sagredo-Fittipaldi,passalacquaraffaella@example.com,Bivongi,2025-12-08
1450,Monica Trobbiani,iolandamaglio@example.net,Torre Dei Calzolari,2025-05-28
1451,Michelotto Pisacane,durantemoccia@example.org,Chifenti,2024-02-09
1452,Flavia Cagnin,calogeromagrassi@example.org,Pula,2024-05-21
1453,Flavia Binaghi-Cossiga,nicopassalacqua@example.net,Spezzano Albanese Stazione,2025-10-20
1454,Venancio Emo,livio80@example.net,Scanzorosciate,2024-03-27
1455,Sig. Luchino Iacobucci,falloppiorossana@example.com,Roncole Verdi,2025-03-24
1456,Dott. Mariano Mastroianni,boeziosandro@example.net,Piancaldoli,2025-11-19
1457,Natalia Babati,ebertoli@example.com,Marocchi,2026-07-29
1458,Silvio Bandello,barcacciaalfio@example.com,Vasanello,2026-08-13
1459,Greca Grasso,panfilopennetta@example.com,Nals,2026-01-29
1460,Gianpietro Zoppetto-Baresi,carmelocavanna@example.net,Stange,2025-10-24
1461,Giovanna Corbo,filippiniimelda@example.com,Valas,2026-06-22
1462,Simonetta Canali,tvecoli@example.org,Piano Di Frassineta,2025-03-03
1463,Sig. Pasquale Sokolov,hzoppetti@example.org,Dubino,2026-07-23
1464,Danilo Cassarà,rgori@example.org,Volpeglino,2026-01-19
1465,Dott. Melissa Tolentino,giorgettialessio@example.net,Pera Di Fassa,2025-07-03
1466,Dino Boccherini,asquarcione@example.org,Serravalle Di Norcia,2025-01-14
1467,Toni Battaglia,claudia61@example.org,San Bassano,2023-11-20
1468,Sig. Pompeo Vendetti,mauro58@example.com,Settimo Vittone,2024-03-25
1469,Beppe Canova,fzanzi@example.net,Pietrabuona,2024-06-22
1470,Giancarlo Doglioni,pietromontalcini@example.com,Santa Gertrude,2024-09-21
1471,Amleto Pizzo,giovanni23@example.net,Capitan Loreto,2025-08-21
1472,Lisa Bertoli,nicola01@example.org,Vibo Valentia,2026-08-27
1473,Costanzo Bertoli-Guidone,russomatilda@example.com,Riola Sardo,2026-04-27
1474,Carla Rossi,fedelefabbri@example.org,Valmozzola Stazione,2024-10-18
1475,Sig.ra Marina Ferrucci,lodovico62@example.net,Comabbio,2024-12-13
1476,Annetta Zanazzo-Gelli,lgiannelli@example.org,Bosco Sant'Ippolito,2023-12-21
1477,Ranieri Antonini,agnolo07@example.org,Oggebbio,2024-06-14
1478,Lauretta Ortolani,bignardipaloma@example.com,Magliano Alpi Sottano,2025-03-20
1479,Gianna Rensi,guccivictoria@example.com,Altavilla Silentina,2025-03-30
1480,Sig. Orazio Sforza,gianregge@example.com,Valleggia,2026-06-23
1481,Luca Fioravanti,nadia78@example.com,Noto,2024-11-18
1482,Olga Ossani,fmorabito@example.org,Santa Lucia Cilento,2025-04-28
1483,Camillo Desio,miniatilucia@example.com,Bene Vagienna,2024-04-14
1484,Sig. Tonino Giannone,dcampano@example.org,Guagnano,2025-07-17
1485,Dott. Ramona Magnani,ungarettivincenza@example.net,Monfumo,2025-06-09
1486,Sig.ra Dolores Gigli,qmicca@example.com,Cesano Di Senigallia,2025-04-11
1487,Calogero Turci,kmastandrea@example.com,Palata,2023-09-26
1488,Massimo Ritacca,ninettacoardi@example.org,Gualtieri Sicamino',2024-09-22
1489,Vito Mortati,gricolfi@example.net,Laiano,2024-05-06
1490,Temistocle Letta,sdallape@example.org,Barbalaconi,2023-12-19
1491,Marina Contarini,severinonorbiato@example.com,Tamai,2023-10-11
1492,Ermanno Prodi,marinacasellati@example.com,Brezzo Di Bedero,2025-02-16
1493,Raffaella Baracca,fcuriel@example.org,Parre Ponte Selva,2025-06-11
1494,Dott. Pellegrino Galiazzo,ronaldo99@example.com,Oneta,2024-10-03
1495,Sig. Salvatore Franzese,danieledossi@example.com,Capo Ferro,2024-05-20
1496,Sophia Mogherini,ferruccivalerio@example.net,Castelfranco Di Sopra,2024-07-02
1497,Rosa Prada,filippascaramucci@example.net,Torre Del Padiglione,2024-12-03
1498,Benedetto Antonello,martino01@example.org,St.Sigmun,2023-10-13
1499,Achille Merisi,tinafracci@example.net,Castelvecchio Di Vellano,2025-05-24
1500,Germana Finzi-Trevisan,alina32@example.com,Monteparano,2026-08-27
1501,Tiziana Sobrero,patrizio52@example.com,Massafra,2023-12-11
1502,Zaira Porcellato,rinaldimarco@example.org,Pont Suaz,2023-11-25
1503,Silvio Anguillara,zriccati@example.com,Laghetto Di Montecompatri,2025-03-22
1504,Sig.ra Luisa Cianciolo,dario10@example.org,Bozzole,2026-02-13
1505,Graziano Fogazzaro,tacerbi@example.net,Fusine,2023-12-02
1506,Dott. Riccardo Carducci,nicoletta03@example.net,Cosio Di Arroscia,2023-09-24
1507,Fabio Cadorna,falloppiomarina@example.com,Gabelletta,2025-06-30
1508,Sig.ra Raffaella Corradi,soniagabbana@example.com,Ponte A Serraglio,2024-07-29
1509,Dott. Eleanora Zecchini,robertafuseli@example.org,Vedrana,2024-12-24
1510,Amalia Cagnin,concetta14@example.org,Pomaro Monferrato,2024-03-05
1511,Guido Tarantini,bragagliamilena@example.org,Saltrio,2024-04-13
1512,Gino Blasi,tonino04@example.com,Mazzorbo,2025-07-04
1513,Sig. Gino Tamburi,sanguinetinedda@example.net,Colleatterrato Alto,2025-06-16
1514,Luciano Bandello-Federico,moccialando@example.net,Pombia,2024-01-14
1515,Simonetta Majorana,robertovento@example.net,Piano Di Setta,2024-05-26
1516,Sig. Santino Trupiano,silviosraffa@example.org,Poggio Delle Rose,2026-01-23
1517,Silvia Rizzo,marcantonio32@example.org,Pontelungo,2023-09-23
1518,Sig.ra Elena Pirandello,cassandrarienzo@example.net,Veneri,2025-03-11
1519,Gabriele Botticelli,dulbeccomicheletto@example.net,Macognano,2024-01-18
1520,Guido Fanucci,ottinogianmarco@example.net,San Giuliano Trentapiedi,2026-05-07
1521,Giovanna Trentini,silvia38@example.net,Pellegrina,2024-08-11
1522,Galasso Ferrazzi-Turchi,condoleobenedetto@example.com,Niccioleta,2024-08-16
1523,Dott. Napoleone Cianciolo,basadonnaornella@example.org,Chiaia,2025-12-05
1524,Rita Caracciolo-Vismara,ygrasso@example.org,Monte Cremasco,2026-01-13
1525,Sig. Pasqual Calbo,calcedoniolussu@example.com,Lagopesole,2024-09-11
1526,Giuliana Gregori-Rubbia,vpetralli@example.com,Caiolo,2025-09-27
1527,Goffredo Iacobucci,umberto63@example.net,Cervo,2023-11-08
1528,Sig. Francesco Zacchia,adele91@example.org,Follo,2025-10-26
1529,Giampaolo Tommaseo-Bembo,lcutrufo@example.org,Cevo,2024-04-19
1530,Dott. Baldassare Strangio,silvia74@example.net,Grumello Del Piano,2025-02-05
1531,Rosina Montanariello,giantarantino@example.com,Bosco Mesola,2026-07-17
1532,Germana Mortati-Meucci,giorgiaroth@example.com,Capriglia,2023-10-15
1533,Cecilia Lancisi,zlupo@example.com,Pieve Al Toppo,2025-02-03
1534,Ettore Gagliano,zcafarchia@example.net,Piminoro,2026-01-07
1535,Marcantonio Caccioppoli,ferdinandomastroianni@example.net,Montanaro,2023-11-24
1536,Dott. Gabriele Farina,giulietta35@example.net,Barbalaconi,2026-07-07
1537,Dott. Zaira Argentero,girolamo50@example.org,Gorla Maggiore,2025-04-13
1538,Puccio Vittadello-Marsili,ninafanucci@example.org,Cannaiola,2024-01-24
1539,Cecilia Comisso-Sismondi,hzacchia@example.net,Lacco,2026-05-25
1540,Zaira Comisso,guidosollima@example.net,Grisciano,2023-12-18
1541,Luisa Ovadia,versaceninetta@example.org,Tre Croci,2024-10-06
1542,Dott. Jacopo Monti,vincenza39@example.net,Grinzane Cavour,2024-10-15
1543,Sig.ra Annunziata Sibilia,ostinelligiacomo@example.net,San Lupo,2024-12-15
1544,Mercedes Aldobrandi,emilio03@example.com,Lavezzola,2026-02-17
1545,Elladio Gori-Petrocelli,carlaborsiere@example.com,Bivio Santa Cecilia,2024-05-17
1546,Maria Vespa,coriolanopoerio@example.net,Tufillo,2025-08-21
1547,Paolo Marinetti,giuseppegioberti@example.net,Forano,2025-08-02
1548,Alessio Dibiasi,lillalussu@example.org,Scannabue,2025-12-28
1549,Gioachino Filogamo,amleto40@example.com,Negrisia,2025-01-10
1550,Livio Peruzzi,albertorossi@example.net,Palse,2024-02-12
1551,Giovanna Satta,martinoparpinel@example.org,Salorno,2026-05-06
1552,Nedda Riccati,imeldagualandi@example.com,Civitella,2024-08-20
1553,Giancarlo Turrini-Barracco,cimarosariccardo@example.net,Pozzaglio Ed Uniti,2026-09-10
1554,Bartolomeo Florio-Depero,curcidaniele@example.com,Gaggiolo,2024-03-22
1555,Sergius Venier,xstaglieno@example.com,Boretto,2026-01-12
1556,Camilla Stoppani,sgigli@example.net,Balzola,2025-02-10
1557,Sig.ra Paulina Donatoni,mutigianluca@example.com,Redondesco,2024-08-08
1558,Sig. Romeo Tencalla,tizianapedrazzini@example.com,Cerredolo,2026-07-22
1559,Giuliano Zanichelli-Ortese,ventonedda@example.net,Librizzi,2025-12-03
1560,Stefano Moccia,qsalgari@example.org,Valle Castellana,2026-09-11
1561,Rosaria Malacarne-Iacobucci,bparri@example.com,Bulgaria,2025-12-28
1562,Sig.ra Pierina Ruggeri,eva31@example.net,Veronella,2024-05-24
1563,Milena Maccanelli,corradotoso@example.com,Agnano,2026-08-26
1564,Ivan Federico,esabbatini@example.org,Terres,2025-03-20
1565,Panfilo Galuppi,pacettifausto@example.net,Salandra,2026-02-27
1566,Clelia Nicolucci,matilda36@example.net,Mili Marina,2025-04-23
1567,Germana Parri,gianninifabrizio@example.org,Sant'Andrea In Monte,2023-11-13
1568,Dina Manolesso,ovadianina@example.com,Bertolla Barca,2024-04-28
1569,Venancio Inzaghi,simonetta70@example.com,Petrizia,2026-05-11
1570,Alderano Peranda,scottitelemaco@example.org,Traversella,2025-12-03
1571,Eraldo Scarfoglio,trapanistefano@example.com,Antica Colle Piscioso,2025-04-16
1572,Elladio Tresoldi,mercedes85@example.net,Pregasina,2024-02-09
1573,Filippo Ramazzotti-Bova,doriaeugenia@example.net,Lusciano,2024-05-26
1574,Ludovica Dalla,grazianocarriera@example.net,Vallelonga,2026-03-02
1575,Giustino Castiglione,togliattinicolo@example.net,Bottidda,2024-12-02
1576,Simonetta Rosiello,irmafornaciari@example.net,Litta Parodi,2024-08-28
1577,Giorgia Fattori,rarmellini@example.com,Casale Marittimo,2026-02-07
1578,Giuliano Fornaciari,bianca12@example.org,Piediluco,2026-03-01
1579,Adelasia Montalti,yerrani@example.org,Ozzero,2024-10-22
1580,Dott. Torquato Borromeo,hbulzoni@example.com,Filadelfia,2026-06-06
1581,Roman Grisoni,caterinagianetti@example.com,Mercatino Conca,2024-02-21
1582,Mariano Renault,milena13@example.org,Vigne Di Castrovillari,2024-08-15
1583,Sig. Vincenzo Sinisi,ivendetti@example.net,Santa Maria In Fabriago,2023-12-19
1584,Raffaella Ferrante,fiorino56@example.net,Nogaredo Di Prato,2024-01-10
1585,Barbara Malipiero,pellegrinocremonesi@example.org,Fengo,2025-01-29
1586,Renata Collodi,gioacchino16@example.org,Montelongo,2024-08-09
1587,Girolamo Mocenigo,alphonsgangemi@example.com,Vaccarizzo,2023-12-04
1588,Isa Panicucci,mpastine@example.com,Roccaraso,2023-09-26
1589,Osvaldo Gianvecchio,calarcoclaudio@example.com,Godia,2025-08-12
1590,Nanni Gregorio,salandrapriscilla@example.net,Malalbergo,2024-05-20
1591,Sergius Marini,yalfieri@example.com,Confienza,2026-04-22
1592,Ivan Ferrazzi,gianna88@example.net,Cassina De' Pecchi,2024-09-13
1593,Raffaellino Venturi,guarinobongiorno@example.com,Turi,2023-10-12
1594,Dott. Liberto Zanzi,marcella32@example.com,Pazzano,2026-02-16
1595,Sig.ra Dina Pininfarina,anitacasellati@example.com,San Marcello Pistoiese,2024-04-13
1596,Sig. Nicola Mazzini,aria13@example.com,Pogli,2025-11-11
1597,Rita Cabibbo,alessia71@example.com,Santa Domenica,2024-05-12
1598,Gianluca Onio,cesare93@example.com,Dare',2023-10-16
1599,Sig.ra Marta Villarosa,elisa41@example.com,Tiggiano,2025-02-11
1600,Hugo Venturi,raffaella63@example.com,Pocapaglia,2024-08-30
1601,Elvira Comolli-Vitturi,lorenzo01@example.net,Calvagese Della Riviera,2025-06-05
1602,Puccio Malipiero-Michelangeli,woliboni@example.net,Pontecurone,2025-08-26
1603,Serena Riccardi-Abbagnale,hrienzo@example.net,Rocchetta Nervina,2025-03-11
1604,Benito Porcellato,fiorinogagliardi@example.org,Prevalle,2026-07-25
1605,Tonia Verri,tcostanzi@example.net,Varenna,2026-03-11
1606,Serena Lippomano,filippinigianluigi@example.net,Bocca Di Magra,2026-09-05
1607,Ubaldo Paolucci,costantinopraga@example.org,Pontassieve,2024-07-27
1608,Zaira Gentili,inzaghiantonella@example.org,Roseto Valfortore,2025-06-25
1609,Sante Sagredo,ravaglioligianluigi@example.org,Serdiana,2025-04-08
1610,Amalia Grassi,anita46@example.net,Monteflavio,2024-11-05
1611,Costanzo Bosio,bdoglioni@example.net,La Botte,2026-08-03
1612,Dott. Lauretta Giannelli,mirko95@example.net,Casino Pica,2025-07-13
1613,Alessia Vigorelli,mannoiaannalisa@example.net,Salci,2024-01-09
1614,Gastone Mazzacurati,iolandaberre@example.net,Abbazia,2025-07-20
1615,Marissa Corcos,xquerini@example.org,Falze',2026-06-10
1616,Gioacchino Volterra,bondumierantonia@example.org,Gala,2025-08-07
1617,Pier Volta,giustinovianello@example.org,San Martino Stella,2024-02-05
1618,Roberto Dallara,kdonarelli@example.org,Valle Di Cadore,2023-10-18
1619,Dott. Lilla Tirabassi,seddiofrancesca@example.net,Prata Di Pordenone,2025-04-05
1620,Tiziano Antonioni,loretta02@example.com,Montoggio,2026-04-26
1621,Sonia Zabarella-Bongiorno,piersanticremonesi@example.net,Mambrotta,2025-02-22
1622,Fedele Polesel-Sauro,lettierezaira@example.com,Lungro,2025-03-31
1623,Raffaellino Randazzo-Longhena,puccinisandro@example.net,Le Grazie,2026-05-25
1624,Sig. Giancarlo Tutino,xcallegari@example.org,Brusegana,2024-12-28
1625,Pina Pisano,maurizio44@example.org,Villar Focchiardo,2025-05-12
1626,Ugo Mondadori-Onisto,vbasso@example.org,Lissone,2026-03-03
1627,Martina Legnante,isafittipaldi@example.com,Golfo Aranci,2025-03-13
1628,Fabrizio Petrucci,raffaellaalfieri@example.com,Sesto Ulteriano,2026-01-01
1629,Michelangelo Porcellato-Micca,nattadiana@example.net,Costarainera,2025-12-26
1630,Gianpietro Castellitto,allegratron@example.org,Cordenons,2026-09-07
1631,Liberto Desio-Chittolini,arseniocrisafulli@example.com,Zeloforomagno,2025-12-23
1632,Marina Gianvecchio,milena00@example.com,Guadagnolo,2026-03-11
1633,Gastone Trentini,acastelli@example.com,Forcella,2024-05-26
1634,Stefani Lucchesi,cavannasilvestro@example.net,Ca' Della Terra,2026-01-21
1635,Adriana Callegaro,mjacuzzi@example.com,Fastello,2024-08-15
1636,Arturo Carpaccio-Branciforte,rschicchi@example.net,Rispescia,2026-02-18
1637,Germana Morpurgo,sergius13@example.com,Costa Sant'Abramo,2023-12-10
1638,Alberto Montesano,espositocamillo@example.net,Aberstückl,2025-11-22
1639,Dott. Tonia Leonetti,rbarillaro@example.com,Novegro,2026-02-28
1640,Giulio Iannucci,gmoretti@example.com,Muro Leccese,2026-05-12
1641,Donato Mascagni,silviochiappetta@example.org,Tresilico,2025-02-05
1642,Evangelista Ceri-Pertini,ermenegildoandreozzi@example.org,Conzano,2026-03-16
1643,Giulia Leblanc,sandimartino@example.org,Marmorta,2025-09-25
1644,Lina Ottino-Doglioni,chechiramona@example.org,Bonvicino,2026-06-25
1645,Lidia Garzoni,rismondoeraldo@example.com,Lido Di Spina,2026-09-11
1646,Bruno Zamengo-Zeffirelli,marisa95@example.com,Cervarezza,2024-03-09
1647,Giampaolo Ariosto,rizzopierina@example.org,Valle Martella,2025-05-16
1648,Gianfranco Aporti,elviraguarato@example.com,Lauriano,2024-06-05
1649,Sig.ra Sonia Cortese,massimilianocarullo@example.com,Valle Di Murialdo,2024-01-07
1650,Piersanti Turchetta,camilla46@example.net,Bellano,2026-07-19
1651,Ilaria Maggioli,lucrezialattuada@example.com,Castelbuono,2025-10-24
1652,Sig. Beppe Ungaretti,ostinellielisa@example.org,Campodolcino,2024-03-22
1653,Antonino Ubaldi,zbiagi@example.com,Arino,2024-05-27
1654,Marcantonio Campanella-Cibin,grassolucia@example.net,Pagliarelle,2024-06-02
1655,Gioffre Balla,vfilangieri@example.net,Aurelia,2026-08-11
1656,Donna Scaduto-Sraffa,dario85@example.org,Carovilli,2025-04-28
1657,Sig. Patrizio Rosselli,gussonilazzaro@example.net,Campotosto,2023-10-20
1658,Adriana Tozzo,dciani@example.com,Meran,2024-01-29
1659,Elvira Galiazzo,niccolo56@example.net,Piano Delle Fonti,2025-12-26
1660,Francesco Contarini-Paganini,grassoignazio@example.org,Basaldella,2026-04-11
1661,Dott. Etta Botticelli,diana47@example.com,Entreves,2025-12-01
1662,Guarino Caffarelli,gentiliniarnaldo@example.com,Fasano',2025-11-16
1663,Monica Ricciardi,atelesio@example.com,Trento,2025-11-06
1664,Rosa Onio-Maspero,pietrangelirenata@example.com,Caria,2023-09-23
1665,Maria Montanari,sagredoelvira@example.com,Buscemi,2026-01-21
1666,Barbara Sanguineti,tomasinimarisa@example.com,San Tomio,2025-04-20
1667,Dott. Donna Federico,xpastine@example.net,Anzi,2025-04-12
1668,Dott. Monica Cattaneo,druggeri@example.net,Mangone,2023-12-01
1669,Lauretta Sbarbaro,montanelliarturo@example.org,San Francesco Dell'Arena,2025-08-24
1670,Paoletta Giannone,lucianagravina@example.net,Bagnolo Piemonte,2024-09-24
1671,Daria Ceravolo-Tencalla,rantonioni@example.org,Piovene Rocchette,2024-09-05
1672,Severino Boccherini,pompeogaleati@example.org,Stagno,2023-12-04
1673,Annalisa Morlacchi,gmonte@example.com,Torrione Di Salerno,2024-03-07
1674,Fortunata Gregorio,manuelmilanesi@example.net,Pederiva,2023-12-21
1675,Fiamma Fornaciari-Canil,rosa79@example.com,Linarolo,2026-07-14
1676,Maria Sonnino,rolandosavorgnan@example.org,Rossana,2025-09-09
1677,Cirillo Simeoni,gentiliromolo@example.net,Spigno Saturnia,2026-05-29
1678,Sig. Biagio Blasi,goffredo07@example.com,Rocchetta E Croce,2024-09-26
1679,Paloma Roncalli,bartolomeo44@example.net,Amantea,2025-06-15
1680,Gastone Montanariello,roman47@example.net,Monte Vidon Corrado,2026-05-17
1681,Edoardo Ceschi,kalighieri@example.org,Feletto,2023-11-18
1682,Luisa Tanzini-Boccaccio,arnaldogentili@example.com,Erba,2026-05-27
1683,Teresa Napolitano,giovanna63@example.com,Fosciandora,2025-01-09
1684,Ronaldo Tomasini,camuccinizaira@example.com,St.Martin Gsie,2025-02-04
1685,Dott. Micheletto Puccini,viridiana66@example.org,Neive,2025-06-25
1686,Marina Zoppetto,mpennetta@example.com,Padule,2025-06-25
1687,Pierpaolo Galeati-Lancisi,rosaliapedrazzini@example.com,Castelvisconti,2024-01-28
1688,Enzio Cappelli,romolopoerio@example.org,Sessant,2025-12-25
1689,Loretta Piane,kferrari@example.org,Castions Delle Mura,2025-10-01
1690,Giuliana Rossetti,raffaellino63@example.org,Mulino,2025-03-02
1691,Nico Cuzzocrea,ebotta@example.com,Civitanova Marche Alta,2025-01-05
1692,Marcantonio Solimena,paride92@example.net,Usago,2025-08-29
1693,Lucrezia Giannotti,otroisi@example.com,Tradate,2026-08-19
1694,Corrado Rinaldi,pisaroniromeo@example.org,Serra Di Castelcivita,2023-10-02
1695,Sig. Marco Falcone,giuliettiaria@example.com,Brignano Gera D'Adda,2024-06-01
1696,Enzio Bosio,neddaschicchi@example.net,Monteverde Di Boiano,2024-06-03
1697,Massimo Pavarotti,vferrabosco@example.com,In Via Santa Maria Di Gesu',2023-12-05
1698,Paloma Maspero,xtoninelli@example.com,Demonte,2024-05-27
1699,Leone Berrè,snapolitano@example.net,Barrali,2025-05-06
1700,Alderano Brichese-Camanni,fortunatascandone@example.org,Rizzolaga,2025-03-19
1701,Federigo Tencalla,musattiettore@example.com,Viganella,2025-06-29
1702,Tullio Comisso,ialoisio@example.com,Cerbara,2025-04-26
1703,Pierluigi Bottigliero-Tosto,fedelemonduzzi@example.com,Leccio,2024-01-04
1704,Valentina Paolucci-Dallara,ornella27@example.net,Santa Venere,2023-11-08
1705,Ricciotti Ricciardi-Cicala,milo05@example.com,San Sossio Baronia,2024-10-13
1706,Amanda Cadorna,stefano86@example.com,San Bartolomeo,2026-01-01
1707,Nadia Accardo-Puccini,strangiorenzo@example.com,Pratomorone,2023-12-26
1708,Giustino Righi,acostalonga@example.net,Rassina,2024-07-06
1709,Dott. Nina Mazzacurati,casaleggioraffaello@example.com,Nosellari,2025-02-26
1710,Alfredo Caracciolo,roccocanil@example.net,Valle Salimbene,2024-11-26
1711,Sig.ra Antonella Guariento,agnolo94@example.com,Ruina,2026-04-30
1712,Luca Bruno,sabbatiniarsenio@example.com,Terrasini,2024-08-03
1713,Ettore Cilibrasi,zamengorosina@example.com,Piane,2023-11-20
1714,Imelda Quasimodo,leopardimelina@example.org,Gornate Olona,2026-08-28
1715,Adriana Cicala,alessandrorossi@example.org,Polesella,2024-06-05
1716,Edoardo Moretti,zcasaleggio@example.com,Castelletto Cervo,2024-09-19
1717,Adele Canova,zpaoletti@example.com,Passo Di Mirabella,2025-03-01
1718,Concetta Canevascini-Gianvecchio,broschigionata@example.net,Bertalia,2026-07-02
1719,Daniele Mancini,lillalucchesi@example.com,Monte San Vito,2025-01-15
1720,Gabriella Paoletti-Bettoni,michelotto79@example.org,Cannaiola,2024-03-31
1721,Patrizia Duodo,mercantiniraffaello@example.org,Castelnuovo Bormida,2024-11-26
1722,Sig.ra Fortunata Boitani,masperoelmo@example.com,Stuls,2025-09-16
1723,Fedele Zabarella,geronimoiannelli@example.org,Dignano,2025-11-15
1724,Marissa Borromini,arnaldo89@example.com,Casamostra,2026-02-21
1725,Giacomo Trupiano,colucciobossi@example.net,Acquabona,2023-11-10
1726,Luigi Errani-Marzorati,jdoglioni@example.org,Degagna,2025-10-02
1727,Annetta Salvo,navonedurante@example.org,Isoverde,2026-06-26
1728,Dott. Roberto Briccialdi,salveminigianna@example.net,La Cassa,2026-09-18
1729,Fortunata Favata,stefanidona@example.org,Chieuti Scalo,2025-02-15
1730,Lorenzo Serraglio,barcellacirillo@example.com,Portosecco,2025-12-25
1731,Biagio Correr,claudio88@example.com,Caravita,2024-10-01
1732,Barbara Vasari-Ginesio,lianasommaruga@example.net,Salerno,2026-01-06
1733,Mattia Esposito,ermes83@example.com,Alessano,2026-08-02
1734,Maurilio Schiavo,serragliomauro@example.com,Paterno Calabro,2024-03-24
1735,Carla Perini,gianluigicafarchia@example.org,Liveri,2026-05-26
1736,Elena Callegaro,vinterminei@example.net,Marcelli,2025-04-15
1737,Graziella Majorana,jgiradello@example.org,Rottofreno,2025-11-12
1738,Giovanna Liguori,lisascaduto@example.net,Campiglia Dei Berici,2026-06-07
1739,Cassandra Monte,tolentinovincenzo@example.org,Ponteginori,2025-03-27
1740,Mariana Berrè,simone42@example.net,Craveggia,2025-10-30
1741,Lara Munari-Piacentini,rembrandtgentileschi@example.net,Calavino,2026-04-02
1742,Dott. Marina Angeli,frescobaldisabatino@example.org,Muggiasca,2025-07-10
1743,Paride Riccardi-Federici,beatrice78@example.org,Consuma,2024-12-17
1744,Gian Murialdo,xduse@example.net,Santuario,2025-06-08
1745,Alphons Blasi,kluna@example.org,Graniti,2025-02-16
1746,Giulia Greco-Maccanelli,sylviamorricone@example.net,Refrancore,2025-05-13
1747,Amleto Cortese,goldsteincostantino@example.net,Le Stiacciole,2024-02-15
1748,Elvira Tonisto-Mantegna,xficino@example.net,Villammare,2023-10-11
1749,Ludovico Bertolucci,martinelligianni@example.org,Marcon,2026-08-19
1750,Sole Dulbecco,zrossini@example.org,Vadena,2025-09-06
1751,Valeria Donatoni,uromagnoli@example.net,Vocca,2025-07-09
1752,Riccardo Salvemini,robertacanevascini@example.org,Montesinaro,2026-06-11
1753,Dott. Pierina Taliercio,fferrante@example.com,Lu Bagnu,2026-06-25
1754,Melania Nordio,gibiliscoemma@example.net,Mondaino,2025-08-02
1755,Ruggero Trupiano,argentitiziana@example.org,Castel Dei Britti,2024-04-12
1756,Valentina Bassi,tmorandi@example.org,Usella,2026-07-30
1757,Toni Cannizzaro,filangieriorlando@example.com,Oristano,2025-12-18
1758,Dott. Victoria Pascarella,yvergassola@example.org,Cuvio,2024-06-04
1759,Graziano Caccioppoli,eziomaggioli@example.com,Staggia Modenese,2024-04-04
1760,Calogero Malpighi-Sermonti,rosa27@example.net,San Fruttuoso Di Camogli,2024-06-14
1761,Berenice Gregorio,tommaseostella@example.net,Vallecchia,2025-12-10
1762,Rita Riccardi,bombierigreca@example.com,Banzano,2026-06-01
1763,Alina Piane-Lanfranchi,carmelonorbiato@example.net,Piaggine,2024-08-08
1764,Sig. Gioele Sorrentino,olga11@example.org,Ficarolo,2024-10-26
1765,Antonello Scotto,bcassara@example.org,Uggia,2024-12-22
1766,Annalisa Ruberto,pagnottobenedetto@example.net,Ceppaloni,2024-07-01
1767,Alessandro Nicolini,alfredo16@example.org,San Gregorio Nelle Alpi,2024-06-19
1768,Tina Giacconi-Camilleri,rmalipiero@example.org,Lurano,2025-07-08
1769,Dott. Achille Lussu,vgabbana@example.net,Castellar,2024-06-02
1770,Dott. Dolores Marazzi,mgaltarossa@example.org,Campobello Ravanusa Stazione,2026-04-07
1771,Osvaldo Battelli,tfabbri@example.net,Barete,2026-09-03
1772,Gabriella Emo,vpolani@example.org,Perrero,2026-02-04
1773,Giacinto Chiesa-Boitani,alessioblasi@example.org,Desenzano Del Garda,2025-05-09
1774,Sig. Lodovico Borromini,baroffiobartolomeo@example.net,Senna Lodigiana,2025-03-28
1775,Niccolò Paltrinieri,havogadro@example.org,Paquier,2026-05-01
1776,Sig. Patrizio Abatantuono,dmoschino@example.net,Prima Porta,2024-08-26
1777,Ernesto Zaccardo,ajuvara@example.com,Pieve Di Bono,2024-08-20
1778,Nicola Ungaretti-Grifeo,otrevisan@example.com,San Mauro A Signa,2023-10-27
1779,Luca Aporti,floramaspero@example.org,Olmi Di Treviso,2025-05-24
1780,Ermanno Dossi,berenicegaltarossa@example.net,San Donato Fronzano,2026-06-29
1781,Damiano Cherubini,natalia70@example.com,Verrua Po,2026-06-19
1782,Graziella Manacorda,pcontarini@example.org,Seravezza,2024-03-28
1783,Paloma Faugno,toscaniniarmando@example.com,Fossarmato,2026-09-10
1784,Vincenza Vitturi,panzeraantonietta@example.com,Podresca,2026-08-26
1785,Daniele Tassoni,augusto96@example.net,San Pietro In Lama,2024-06-22
1786,Ennio Gabbana,gserao@example.com,Montecchio Emilia,2025-10-22
1787,Gian Bongiorno,hesposito@example.org,Rupecanina,2025-02-13
1788,Enzio Ferragni,angelina49@example.net,Tufara Valle,2026-05-12
1789,Ermenegildo Ziani-Stein,xballa@example.net,Parmezzana Calzana,2023-10-02
1790,Dionigi Doria,pierpaolo82@example.com,Cicagna,2025-02-15
1791,Costanzo Pellegrini,lorenzolattuada@example.org,Montacuto,2024-01-18
1792,Dott. Donatella Pisacane,raimondotogliatti@example.org,Campiglia Marittima Stazione,2025-12-09
1793,Dott. Giacinto Pietrangeli,raffaellomontesano@example.com,Azzinano,2025-03-15
1794,Sig.ra Sole Zampa,mascheroniromina@example.com,Frisanco,2024-06-20
1795,Coluccio Piacentini,eziopanatta@example.com,Dubbione,2026-03-17
1796,Griselda Aporti,salandralivio@example.net,Iola Di Montese,2024-01-15
1797,Pierina Legnante,venieremma@example.org,Borsano,2024-12-01
1798,Livio Gabba,piergiorgio24@example.org,Corteno Golgi,2025-08-17
1799,Giampaolo Ferragamo,saveriolollobrigida@example.org,Cardito Di Vallerotonda,2025-05-11
1800,Bettina Ortese,cesarezacchia@example.com,Vara Superiore,2026-02-27
1801,Rossana Alonzi,bmantegazza@example.net,St. Moritz/Ulten,2025-03-01
1802,Sig. Piersanti Vendetti,corrado47@example.org,Cogollo Del Cengio,2025-01-08
1803,Ranieri Colletti,nlussu@example.com,Capurso,2025-09-10
1804,Sig. Nanni Fittipaldi,giovannigozzi@example.org,Spirito Santo,2026-07-18
1805,Nanni Anichini,anita04@example.net,St. Peter b. Lajen,2025-08-23
1806,Luigi Vecoli,acafarchia@example.org,Berchida,2024-01-27
1807,Martino Zabarella-Ruffini,azeglio52@example.net,San Salvatore Monferrato,2023-12-05
1808,Caterina Correr-Zanzi,sordisebastiano@example.com,Marano Sul Panaro,2026-02-11
1809,Luigi Argan,benitocorcos@example.com,Cascia,2025-06-30
1810,Dott. Enrico Bettin,trienzo@example.com,Carbonara Di Po,2026-04-08
1811,Ranieri Bertoli-Niggli,bcollodi@example.org,San Mariano,2025-10-10
1812,Graziano Vercelloni,wsantorio@example.org,Venagrande,2025-08-29
1813,Alessandra Mimun,ufaugno@example.org,Villabruna,2025-01-14
1814,Livia Samele,graziano58@example.org,Fornovo San Giovanni,2025-11-18
1815,Eva Castelli-Canova,francesca98@example.net,Palmas Arborea,2024-07-31
1816,Giacinto Dallapé-Maderno,gustavobriccialdi@example.org,Borgo Alla Collina,2024-09-08
1817,Ornella Nibali,apassalacqua@example.net,Capanne Vecchie,2025-11-14
1818,Sig. Livio Mastandrea,zantonetti@example.org,Penne,2025-08-26
1819,Marisa Bongiorno,fortunata94@example.net,San Sebastiano Della Comunia,2024-11-10
1820,Vito Montecchi,fantinimelissa@example.com,Montecorice,2025-10-23
1821,Michela Borgia,valentina76@example.net,Prasomaso,2026-08-16
1822,Vanessa Lucciano,livia61@example.net,Mammola,2025-01-02
1823,Piermaria Errani,alfredo65@example.net,Ronco Campo Canneto,2025-09-05
1824,Gaetano Murialdo,eziani@example.org,Ghemme,2023-10-07
1825,Ricciotti Borgia-Inzaghi,hlettiere@example.net,Orentano,2024-09-06
1826,Amico Visintini-Ligorio,arnulfo87@example.net,Oriago,2024-02-04
1827,Donato Marcacci-Tozzo,redianita@example.org,Pigneto,2025-04-13
1828,Giuliano Lamborghini,raimondo02@example.org,Vimodrone,2025-03-27
1829,Sandro Ludovisi,djacuzzi@example.org,Ponti,2023-10-27
1830,Stella Pergolesi,giulietta68@example.net,Pegolotte,2024-05-09
1831,Dott. Sylvia Morlacchi,seddiogino@example.net,Trevico,2025-06-24
1832,Gabriele Ziani,ycortese@example.com,San Pietro Belvedere,2026-07-01
1833,Cesare Mastandrea-Totino,calcedoniobertoni@example.org,Parrano,2025-03-02
1834,Giuliano Monti,torquato23@example.com,Sciaves,2024-02-03
1835,Renzo Carpaccio,tolentinogianni@example.org,San Vittore Olona,2026-01-22
1836,Sole Morellato,golgiignazio@example.com,Fiumelatte,2026-04-12
1837,Isa Comboni,gaetano62@example.org,Brittoli,2025-03-14
1838,Sig. Cirillo Tresoldi,sebastiano36@example.net,San Giorgio Di Livenza,2026-08-23
1839,Corrado Semitecolo,bevilacquacorrado@example.org,Poggiola,2024-07-14
1840,Massimiliano Pellegrini,beatrice67@example.net,Rutino,2024-07-11
1841,Federigo Tamburello,lucianovigliotti@example.net,Molinara,2026-03-30
1842,Griselda Aporti,delfino66@example.net,Pennapiedimonte,2025-09-07
1843,Donatello Ungaretti,iargentero@example.org,Gualdo Tadino,2023-12-29
1844,Sig. Mario Baroffio,fiammastorladi@example.org,Vesime,2026-09-01
1845,Vincenza Pozzecco-Zamorani,delfinolanfranchi@example.com,Boretto,2025-04-19
1846,Dott. Virgilio Sforza,adriano45@example.org,Argentera,2024-12-08
1847,Concetta Valentino,apalladio@example.org,Galgiana,2025-08-02
1848,Sig. Gianluca Manolesso,lucarellialfredo@example.com,Mura,2026-05-18
1849,Orlando Dallapé,gianettirosario@example.com,Monterosi,2023-11-26
1850,Mariana Crespi,donatovattimo@example.com,Fiano,2024-08-22
1851,Pellegrino Bianchi,ninoargentero@example.com,Pisterzo,2026-04-26
1852,Alfredo Frescobaldi,mocciamelania@example.com,Ula' Tirso,2026-04-27
1853,Chiara Schiavone,trupianoamleto@example.org,Cecchina,2024-08-29
1854,Vincentio Naccari-Ceri,silvestrofilippelli@example.org,Mandolossa,2025-03-01
1855,Rosina Gagliano,navarriasilvestro@example.com,Tanaunella,2024-03-18
1856,Aurora Nugnes,atenulf61@example.org,Furato,2026-07-08
1857,Romina Renier,ymichelangeli@example.com,Avaglio,2023-11-12
1858,Annetta Palumbo,ermannonapolitano@example.org,Marnate,2025-09-23
1859,Bianca Errigo,caccianemicoannamaria@example.net,Pontechianale,2024-01-19
1860,Giulia Modigliani,alina72@example.net,Mineo,2025-08-11
1861,Elmo Bixio,gianfranco42@example.org,Rottofreno,2024-02-18
1862,Luigi Scarfoglio,hbignardi@example.com,San Giorgio Lucano,2023-10-07
1863,Marcella Morabito,pinamonteenzio@example.com,Samassi,2024-01-05
1864,Filippo Telesio-Ioppi,tascaagostino@example.com,Bosco,2026-06-27
1865,Dott. Sante Pistoletto,arusticucci@example.com,Terreti,2026-07-03
1866,Ramona Giusti,melissa79@example.com,Montecalvoli,2026-06-12
1867,Dott. Gloria Caironi,collettiangelica@example.com,Fesca,2024-11-09
1868,Adele Garibaldi,fabiomatteotti@example.com,Brusasco,2026-09-17
1869,Alessia Tremonti-Satriani,unugnes@example.com,Savignano Sul Panaro,2025-09-30
1870,Donna Mancini-Antonello,rosario57@example.org,Jalmicco,2026-09-13
1871,Coriolano Vergerio,bereniceroncalli@example.net,Madonna Dell'Arco,2025-05-12
1872,Lamberto Mercantini-Flaiano,bocelliroman@example.org,San Martino Pizzolano,2024-12-18
1873,Sig.ra Tiziana Ginesio,arturo96@example.net,Castagneto,2026-07-14
1874,Dott. Alfredo Gilardoni,gmarenzio@example.org,Borore,2024-07-06
1875,Romina Majewski,raimondigiacobbe@example.net,Fontana Liri Superiore,2024-10-12
1876,Telemaco Comboni-Cocci,vitturistefani@example.com,St. Anton,2024-05-11
1877,Ermanno Petruzzi,claudia89@example.com,Stagno Lombardo,2024-06-22
1878,Gioele Andreozzi,zoppettialessio@example.org,Canna,2024-04-10
1879,Marisa Curci,bartolomeo39@example.net,Vellano,2025-03-17
1880,Dott. Flavio Giorgetti,dfogazzaro@example.org,Reitano,2025-12-17
1881,Luca Bramante,rothfulvio@example.com,Foen,2024-09-23
1882,Salvatore Leone,rosaliazamengo@example.com,Zelbio,2026-07-07
1883,Ilaria Persico-Mengolo,corrado55@example.net,Zavattarello,2024-03-14
1884,Maria Dallara,luchinogullotta@example.org,Pineta Di Arenzano,2025-09-19
1885,Camilla Leoncavallo,zpugliese@example.org,Begliano,2024-11-05
1886,Elladio Sismondi-Duodo,ernestoesposito@example.org,Torsa,2025-12-05
1887,Annetta Zabarella-Badoer,bellinialphons@example.org,Frassineti,2025-07-26
1888,Morena Esposito,rossanagasperi@example.com,Montegabbione,2026-07-19
1889,Ida Ferragamo,afusani@example.org,Japigia,2024-09-09
1890,Vittoria Mercadante-Lucarelli,nannimetella@example.com,Cerrione,2026-06-23
1891,Marta Dibiasi-Berlusconi,galvaniazeglio@example.net,Fontegreca,2026-07-19
1892,Gioele Ligorio,zampagiacomo@example.com,Roccanova,2026-02-04
1893,Elisa Valmarana,farinellipaoletta@example.org,Grosotto,2025-12-07
1894,Carla Pace,zbadoglio@example.com,Serra,2024-10-02
1895,Ilaria Buscetta,lazzaro82@example.com,Labro,2025-09-02
1896,Sig. Silvio Mondadori,rosinabaroffio@example.org,La Bianca,2026-06-15
1897,Donna Pelli,luciosermonti@example.net,Castagnole,2026-05-22
1898,Federica Petrassi-Torricelli,vivaldicostantino@example.net,Schalders,2026-06-11
1899,Bianca Interiano,sandimonica@example.net,Savignano Montetassi,2026-06-18
1900,Ottone Giusti-Trussardi,rauricagiulia@example.com,Cittaducale,2025-08-24
1901,Fabia Antonacci-Alighieri,soniabrenna@example.org,Polinago,2024-04-29
1902,Patrizio Stefanelli,mpaoletti@example.org,Fosdondo,2023-10-02
1903,Alessandra Morrocco,tinaboccaccio@example.org,San Paolo Bel Sito,2023-11-22
1904,Luchino Pedrazzini,michela84@example.net,Sclafani Bagni,2026-04-06
1905,Dott. Atenulf Scarpa,follierodamiano@example.net,Lenno,2026-01-30
1906,Amedeo Terragni,paolorossi@example.com,Costa D'Arcevia,2025-12-20
1907,Dario Detti-Olivetti,alegnante@example.com,Civitella Paganico,2024-12-16
1908,Sig.ra Silvia Bevilacqua,serafinavirgilio@example.org,Tresilico,2025-12-20
1909,Baldassare Scaduto,caldobrandi@example.net,Gazzano,2025-07-03
1910,Silvestro Ostinelli,lorettafalier@example.org,Gornate Olona,2024-07-30
1911,Rosina Caffarelli,camillorenault@example.net,Cocuruzzo,2024-09-27
1912,Sig. Ruggero Foscari,camillo44@example.org,Mongiove,2024-02-14
1913,Pietro Murialdo,nverdi@example.com,Siano,2026-04-17
1914,Livia Doglioni,lianagelli@example.net,Giovi D'Arezzo,2023-12-23
1915,Iolanda Serao,ferranteottavio@example.com,San Giovanni Valdarno,2025-03-18
1916,Milena Calbo,nicobrunelleschi@example.net,Spedaletto,2024-10-10
1917,Dott. Stella Lucarelli,bacciotozzo@example.org,Mentana,2024-09-11
1918,Camilla Campano,ofederici@example.net,Montopoli,2024-05-28
1919,Niccolò Zetticci,loredana69@example.net,Gazzi,2025-01-29
1920,Dott. Teresa Tognazzi,tgreco@example.net,Mornico Al Serio,2025-05-03
1921,Gloria Gulotta-Leopardi,ortolanilivia@example.net,Rosate,2023-12-20
1922,Letizia Piccinni,allegra27@example.org,Barbaresco,2025-07-18
1923,Severino Mondaini,gianluca44@example.org,Siamaggiore,2024-08-12
1924,Pompeo Tolentino,grecalegnante@example.com,Paina,2025-05-25
1925,Dott. Aldo Visintini,pisanoelmo@example.org,Levice,2024-06-15
1926,Vincenza Barillaro,mariano46@example.com,Lama,2024-07-08
1927,Dott. Galasso Renzi,luxardomargherita@example.org,San Giorgio Su Legnano,2026-01-24
1928,Sig. Galasso Passalacqua,giulietta74@example.org,Venco',2026-01-19
1929,Piergiorgio Mantegna,giulianatremonti@example.org,Villaricca,2024-10-04
1930,Temistocle Leoncavallo-Canova,gparmitano@example.net,San Marco Di Montefalco,2025-08-07
1931,Filippa Zanzi,trillininapoleone@example.com,Sellia,2025-03-19
1932,Lazzaro Ceci,guidofolliero@example.org,Roccaforte Ligure,2024-04-21
1933,Sig.ra Melina Carriera,qpulci@example.net,Pozzi,2025-08-31
1934,Massimiliano Spinola,bpalmisano@example.net,Piragineti,2023-09-28
1935,Benvenuto Pucci,pasqualcilibrasi@example.com,Sambughe,2026-03-06
1936,Sig. Vincenzo Pistoletto,ferrettiflora@example.com,Fossarmato,2024-05-15
1937,Daria Tarchetti-Guidotti,amicogagliardi@example.org,Lentella,2026-06-13
1938,Stefania Paolini,ksanudo@example.net,Marina Di Gioia Tauro,2024-10-29
1939,Lauretta Cociarelli,pinarandazzo@example.net,Castel Di Ieri,2026-06-20
1940,Nadia Duodo,campiseludovico@example.org,San Francesco Dell'Arena,2024-09-19
1941,Sig.ra Gelsomina Lattuada,annettaromano@example.org,Collepasso,2025-12-25
1942,Patrizia Trevisani,ippaziofavata@example.net,Cividale,2026-08-14
1943,Sergius Grasso,fiammafaggiani@example.org,Monte Castello,2026-03-29
1944,Sig. Valerio Smirnoff,costanzoguariento@example.net,Caselle Landi,2024-03-18
1945,Sig.ra Dina Columbo,zairabuscetta@example.org,Due Cossani,2025-07-04
1946,Paola Dulbecco,loretta61@example.com,Gravina In Puglia,2024-01-09
1947,Dott. Sandra Tosto,paolapontecorvo@example.com,Cermignano,2025-07-27
1948,Vincenzo Niggli,grazianozola@example.org,Colleretto Giacosa,2025-05-17
1949,Isa Missoni,neddacarli@example.com,Ceresole Reale,2024-12-24
1950,Arturo Gottardi-Bonolis,lunagiada@example.net,Seiano,2026-06-19
1951,Lorenzo Mocenigo,donnadoglioni@example.net,Cividale Mantovano,2025-05-31
1952,Mariana Collodi,valentina10@example.net,Cannuzzo,2026-04-26
1953,Umberto Mondadori,paretolaura@example.net,Reda,2025-02-19
1954,Adele Anichini-Bianchi,combonimassimo@example.org,Piedimonte Del Calvario,2026-04-20
1955,Lauretta Leoncavallo,vincenzocaracciolo@example.com,Fontanaradina,2025-07-10
1956,Mattia Grossi,cesarerosiello@example.org,Lanciano,2025-07-31
1957,Dott. Paloma Muratori,cassarafabia@example.org,Final Di Rero,2024-09-23
1958,Rolando Opizzi,kfuseli@example.net,Dugenta,2024-04-25
1959,Livia Faggiani,gastonepadovano@example.net,Lambrinia,2026-08-19
1960,Pina Cainero,gioele15@example.com,Sasso Morelli,2026-08-01
1961,Benvenuto Borrani,tcappelli@example.org,Piedimulera,2024-10-23
1962,Serafina Lucciano,ubottaro@example.org,Valleandona,2024-03-31
1963,Amalia Telesio,giosue76@example.com,Villanders,2024-02-14
1964,Calcedonio Cutuli,mruffini@example.com,Castel Del Giudice,2025-09-01
1965,Germana Caruso,cannizzaroriccardo@example.net,Pugliano,2025-03-19
1966,Annamaria Pratesi-Sermonti,marisa30@example.org,Prunetta,2023-12-23
1967,Gastone Rizzoli,majoranamartina@example.org,Jelsi,2025-02-06
1968,Enrico Inzaghi,benvenutomontanariello@example.net,Boschi,2026-06-06
1969,Franco Verga,aportirolando@example.com,Laurignano,2026-05-28
1970,Maura Flaiano,bianca23@example.com,Vastogirardi,2025-04-14
1971,Gionata Cantimori,ludovicacuzzocrea@example.org,Binago,2024-03-26
1972,Ludovica Staglieno,bondumierluchino@example.org,Collepietro,2026-03-15
1973,Sig.ra Laura Marino,abateeliana@example.net,Valdobbiadene,2025-01-12
1974,Dott. Dina Gilardoni,cardanofernanda@example.org,Capitone,2026-05-22
1975,Carlo Avogadro,nonisgianfranco@example.org,Puia,2025-09-08
1976,Ennio Garrone,fargentero@example.org,Licinella,2026-02-16
1977,Germana Gulotta,vfoletti@example.net,Gargazzone,2024-03-09
1978,Cirillo Galtarossa,michelangelosandi@example.org,Pozzi,2025-11-01
1979,Nicola Pontecorvo,kferragamo@example.net,Sant'Angelo Limosano,2025-08-30
1980,Fabrizio Caracciolo,edibiasi@example.net,Botto,2025-10-04
1981,Pomponio Tognazzi,flavioroero@example.org,Scorcetoli,2024-05-10
1982,Flavio Flaiano,piazzigoffredo@example.org,Villaggio Le Ginestre,2024-02-15
1983,Mauro Boaga,alfio30@example.org,Badia Cantignano,2026-05-12
1984,Daria Tanzini-Tamburini,morenamarinetti@example.com,Sospirolo,2025-05-10
1985,Gaspare Murialdo,olga32@example.net,Magnonevolo,2026-03-20
1986,Ettore Troisi,romanavilladicani@example.net,Curtaniello,2026-07-19
1987,Geronimo Leonardi,inzaghipuccio@example.net,Palazzone,2026-09-09
1988,Sig. Rosario Grisoni,rcocci@example.com,Biassa,2023-12-14
1989,Sig. Vincenzo Errani,tbusoni@example.net,Cappella De' Picenardi,2026-06-01
1990,Rolando Lombardo,ortolanitonino@example.com,Valdicastello Carducci,2025-10-19
1991,Piersanti Bruno,mattia51@example.org,Struppa,2024-09-04
1992,Giulietta Visintini,rosinaceri@example.org,Bellagio,2024-03-31
1993,Lucrezia Milanesi-Turrini,solimenasophia@example.net,Mandria,2025-02-09
1994,Emilio Casini,antonettieraldo@example.com,Vestenanova,2025-11-27
1995,Marco Benigni,squarcionepaulina@example.net,Algund,2024-04-23
1996,Sig. Panfilo Pacillo,lucianatreves@example.org,Ciserano,2025-12-18
1997,Elladio Morpurgo-Vigorelli,cristoforettiserafina@example.net,Cellio,2025-10-12
1998,Marcella Morosini,mattiapignatti@example.org,Solagna,2025-05-27
1999,Pomponio Bruscantini-Manolesso,gaetanoguidone@example.net,Oberolang,2025-03-11
2000,Romeo Bramante,michelesiffredi@example.net,Campoleone,2025-01-30
2001,Sergius Lopresti,xspanevello@example.net,Zerbolo',2024-12-02
2002,Dott. Gianfrancesco Beccheria,zichichiricciotti@example.net,Crocci,2025-08-07
2003,Fulvio Pellegrini,piermariacherubini@example.com,Vada,2025-01-21
2004,Donna Zito,torquatosorrentino@example.net,Castel Del Bosco,2024-04-28
2005,Donna Strangio-Maderna,osvaldo31@example.net,Tortoreto Lido,2024-05-10
2006,Roberta Torricelli,grimaniippazio@example.com,Gela,2026-01-18
2007,Dott. Manuel Cuda,piersanti77@example.net,Grumento Nova,2025-10-20
2008,Durante Turrini,xgradenigo@example.org,Quintano,2024-01-25
2009,Dott. Martina Mascheroni,allegra10@example.com,Montemiletto,2024-01-17
2010,Veronica Lippomano,adriano84@example.org,Siebeneich,2025-08-18
2011,Ugolino Vivaldi-Missoni,nedda19@example.com,Peseggia,2025-05-15
2012,Morena Niggli,spepe@example.org,Settala,2026-09-08
2013,Alessandro Caccianemico-Mimun,rgiolitti@example.org,Merella,2026-08-13
2014,Raimondo Nicoletti-Anastasi,veronicamodiano@example.com,Vigliano Biellese,2023-11-02
2015,Arsenio Schiavo,bruno08@example.org,Val Di Vizze,2026-08-06
2016,Marcella Bramante,donatella99@example.com,Sorisole,2024-08-04
2017,Maria Sinisi,pierpaolopinamonte@example.net,Sant'Andrea In Besanigo,2025-12-28
2018,Dott. Flora Fantozzi,ubonino@example.net,Sarmato,2024-02-28
2019,Chiara Balotelli-Pasolini,mauro20@example.net,Bistrigna,2025-11-07
2020,Sig. Virgilio Ligorio,iannellirosalia@example.org,Lagonegro,2025-03-30
2021,Raffaello Gozzano,marzoratigiuliano@example.com,Raviscanina,2026-02-18
2022,Stefano Antonini,gasparepellegrini@example.com,Tassara,2025-10-15
2023,Sabatino Panatta-Ceci,tullio56@example.net,Gaiba,2024-10-17
2024,Micheletto Spadafora,cicalaelladio@example.com,Dimaro,2025-12-10
2025,Ottavio Tomaselli,vecellioivan@example.com,Piratello,2025-07-31
2026,Sig.ra Monica Infantino,milo48@example.net,Grazia,2025-03-08
2027,Santino Fuseli,cfattori@example.org,Frescada,2024-01-18
2028,Bianca Chiaramonte,zarlinodaniele@example.com,Monte Oliveto Maggiore,2026-09-02
2029,Dott. Iolanda Toscani,amedeo77@example.org,Santa Severina,2025-07-29
2030,Giuliano Mannoia,guidodellucci@example.org,Marcorengo,2026-08-03
2031,Sig.ra Adriana Benedetti,edoardo98@example.com,Caria,2024-10-11
2032,Biagio Tamburini,vbianchi@example.org,Tavagnasco,2025-06-29
2033,Liliana Pietrangeli,abettin@example.net,Panaia,2025-04-21
2034,Ramona Legnante,wpennetta@example.com,Canelli Recapito Gancia,2025-02-01
2035,Ottavio Bongiorno,cvisconti@example.net,Capodimonte,2024-05-06
2036,Rosa Ferrata-Prati,evariccardi@example.net,Gorino,2024-02-03
2037,Sole Eco,musattiermanno@example.net,Roccanolfi,2025-12-08
2038,Concetta Raurica,lvilladicani@example.org,Forno Canavese,2025-03-31
2039,Dott. Natalia Saracino,vminiati@example.com,Pian Degli Ontani,2025-11-24
2040,Ezio Pulci,gabriele09@example.org,Bagno Roselle,2023-09-24
2041,Sig. Durante Orengo,ilupo@example.net,Sedrina,2024-04-01
2042,Gioacchino Sandi-Manolesso,ototino@example.com,Montirone,2026-07-15
2043,Dott. Alfredo Antonelli,calcedonio68@example.net,Trapani,2025-04-23
2044,Antonella Bompiani,mlancisi@example.com,Sezzadio,2024-03-27
2045,Fiamma Toldo,hugocanil@example.org,Dego,2024-02-03
2046,Morena Manacorda,giovannagrossi@example.net,Asuni,2026-02-07
2047,Federico Castioni,michele79@example.com,Comano Terme,2025-09-26
2048,Salvi Toldo,gianmarco12@example.net,Pinzagen,2024-02-03
2049,Sig.ra Lucia Ammaniti,cutrufoazeglio@example.net,Gargallo,2025-10-31
2050,Guido Bandello,albertopacomio@example.com,Savonera,2024-02-28
2051,Ennio Togliatti,lancisifederigo@example.org,Fluminimaggiore,2025-08-07
2052,Tatiana Sabatini,panfilo99@example.com,Peretola,2025-09-21
2053,Letizia Moresi,fulviodeledda@example.net,Bagnore,2023-11-11
2054,Sig. Costanzo Calgari,margheritachittolini@example.com,San Costantino Di Briatico,2024-05-30
2055,Serafina Pavone-Persico,francesca00@example.org,Bezzecca,2025-09-01
2056,Dott. Gloria Marino,vecellioluigi@example.net,Santa Vittoria D'Alba Cinzano,2025-04-18
2057,Gianpaolo Columbo,hparisi@example.net,Sabbioneta,2026-01-26
2058,Achille Antonini,romeograssi@example.org,Scipione,2023-10-31
2059,Evangelista Gullotta,marangonilucio@example.org,Barone Canavese,2026-01-09
2060,Laureano Orsini-Armani,fsolimena@example.org,Sonnino Scalo,2026-04-19
2061,Barbara Zacco,xcibin@example.org,Roncaro,2026-02-08
2062,Pietro Interminelli,fiorenzo99@example.org,Castelnuovo Parano,2025-11-23
2063,Coluccio Torlonia-Polani,ugolinosaragat@example.com,Berzano Di Tortona,2024-09-22
2064,Lidia Federici-Cimini,valerio45@example.net,Pielungo,2024-09-08
2065,Leopoldo Trevisan-Monduzzi,rossanafolliero@example.org,Pantianicco,2025-10-17
2066,Gastone Gori,gussoniannunziata@example.org,Sindia,2023-11-21
2067,Vincentio Parisi,micheletrapani@example.org,Conselice,2024-02-10
2068,Lilla Vittadello,vito21@example.org,Schieti,2026-05-22
2069,Ludovica Persico,dolores55@example.net,Olevano Sul Tusciano,2025-04-21
2070,Sig. Ansaldo Gianinazzi,smanzoni@example.net,Clusone,2023-12-13
2071,Giada Ponti,sansoniannalisa@example.org,Pastene,2023-10-14
2072,Ronaldo Cabrini,pierinaborromeo@example.com,Arona,2026-02-23
2073,Stefano Taliani-Petrucelli,faliertorquato@example.net,Calabricata,2026-07-11
2074,Daria Falier-Schiaparelli,licia39@example.com,Radicondoli,2024-10-20
2075,Vincenza Gagliardi,grifeoraffaella@example.org,Impruneta,2024-04-03
2076,Paloma Callegaro,ginopiane@example.com,Santa Croce Del Lago,2023-11-20
2077,Adamo Naccari,perozzoantonio@example.com,San Martino Sul Fiora,2023-11-06
2078,Donato Calarco,ferrazziadamo@example.net,San Giuliano Vecchio,2025-12-01
2079,Marcella Mengolo,belluccipomponio@example.org,Cardile,2026-02-27
2080,Sig. Geronimo Farinelli,ranieri87@example.com,Chiavari,2024-04-21
2081,Gioacchino Boitani,ciro02@example.net,Terento,2025-11-29
2082,Marcello Fischetti-Venditti,colloditiziana@example.org,Anzio,2024-04-22
2083,Ermenegildo Virgilio,ninettagianinazzi@example.com,Mareno Di Piave,2026-04-04
2084,Dott. Arsenio Ioppi,caterinabattisti@example.net,Cantoira,2026-01-22
2085,Ugo Pisaroni,sandrobramante@example.net,Vercana,2025-01-31
2086,Adamo Errani,guaratoenzio@example.org,Cantarana,2025-07-31
2087,Sig. Girolamo Sonnino,olga69@example.com,Stroppiana,2025-09-04
2088,Annamaria Pizzamano-Varano,lilianabrugnaro@example.com,Buisson,2024-04-12
2089,Teresa Ajello,mancinirocco@example.com,Pietra De' Giorgi,2025-08-26
2090,Lilla Tacchini-Greco,ggabba@example.com,Careggine,2024-08-26
2091,Sandro Barese,abatevincenza@example.org,Schilpario,2024-06-08
2092,Valentina Montesano,xiannucci@example.net,Schilpario,2026-01-08
2093,Elisa Saraceno-Schiaparelli,ottonetrillini@example.net,Passatempo,2025-12-07
2094,Dott. Mariano Romagnoli,ztorricelli@example.net,Santa Maria Di Labante,2023-10-12
2095,Zaira Santorio,angelica39@example.net,Premariacco,2025-06-10
2096,Sante Donarelli,vpennetta@example.com,Semproniano,2024-10-18
2097,Massimo Roth-Rosmini,yborromeo@example.net,Stazzu Bruciatu,2024-03-03
2098,Gianpietro Tarchetti-Ortese,tonino49@example.net,Selvaggio,2025-10-03
2099,Maria Soranzo,ippaziocomencini@example.org,Benestare,2025-08-17
2100,Ninetta Riccati,dulbeccocalcedonio@example.net,Stignano,2025-09-20
2101,Iolanda Pirelli,mromiti@example.org,Ferriera,2024-12-28
2102,Fulvio Santoro-Giusti,leopoldobianchini@example.com,Mondavio,2024-07-31
2103,Coluccio Salvo-Pucci,graziellanicolucci@example.net,Sumirago,2024-01-14
2104,Dott. Piero Totino,uborsellino@example.com,Marina Di Castagneto,2026-09-01
2105,Giustino Vianello-Fo,mario97@example.com,Lucernate,2024-04-29
2106,Antonietta Dibiasi,maurizio69@example.org,Casenuove,2025-06-13
2107,Ludovico Bramante,sophiamarrone@example.org,Mascalucia,2025-09-21
2108,Giovanni Iannucci,govoniantonella@example.com,Fiumicello Santa Venere,2023-11-07
2109,Sig.ra Donatella Berrè,francescatiepolo@example.net,Mutignano,2025-09-19
2110,Angelina Giolitti-Pizzamano,luiginaborsellino@example.com,Bassa,2024-01-11
2111,Fortunata Casarin,bianca40@example.com,Monasterolo Del Castello,2024-03-25
2112,Dott. Santino Nibali,vanessamorgagni@example.com,Castel San Giminiano,2026-09-21
2113,Dott. Vanessa Morandini,ossanirosalia@example.com,Tignale,2026-01-10
2114,Lucrezia Mennea-Guarana,valeriamorgagni@example.com,Truccazzano,2026-09-03
2115,Renata Pasqua-Camiscione,martainterminei@example.net,Le Bagnese San Giusto,2024-09-16
2116,Paola Morosini,ruggiero92@example.org,Forni Avoltri,2026-01-15
2117,Amadeo Agostinelli,lucia20@example.com,Montesilvano Spiaggia,2025-06-27
2118,Irma Canova,marinitoni@example.org,Villaggio Paradiso,2024-03-08
2119,Ermes Verri,amadeo31@example.com,Roncalceci,2025-10-24
2120,Dario Vattimo,romeogianinazzi@example.org,Anterivo,2025-06-06
2121,Carolina Comencini,eguidotti@example.com,Ca' De Caroli,2026-01-20
2122,Gelsomina Pigafetta-Missoni,baldassarecontarini@example.net,Barbata,2023-12-25
2123,Guido Pace-Fabbri,sandra38@example.com,San Costantino Di Briatico,2026-09-14
2124,Sig.ra Lina Pucci,fricciardi@example.org,Ghevio,2023-11-24
2125,Silvia Fallaci,amleto14@example.org,Barumini,2026-04-03
2126,Emma Barbarigo,biagio13@example.com,Ardenno,2025-02-15
2127,Flavio Micheletti,silviolupo@example.org,Gravina In Puglia,2024-05-21
2128,Romina Fo,masperoatenulf@example.net,Bisenti,2026-02-01
2129,Natalia Toso,lfischetti@example.org,Cherubine,2025-07-06
2130,Serena Mozart-Bembo,viridianababati@example.com,Quattordio,2025-10-09
2131,Fiamma Albertini,gioele40@example.org,San Benedetto A Settimo,2025-09-14
2132,Annunziata Ariosto-Buscetta,tonia88@example.org,Priora,2024-09-11
2133,Gastone Giolitti,hcundari@example.org,Caporciano,2025-12-22
2134,Loredana Ritacca,calarcomattia@example.net,Lungro,2023-10-31
2135,Mercedes Moneta,nordiorosario@example.com,Livo,2026-09-06
2136,Corrado Novaro,fortunata37@example.net,Oltresarca,2024-12-21
2137,Tonia Pellico,alderanojuvara@example.org,Villaggio Del Pescatore,2025-06-09
2138,Vincenza Valguarnera,cirillobarillaro@example.org,Rovezzano,2023-12-28
2139,Giorgia Bonino-Parisi,fiamma16@example.com,Sambiase,2026-04-18
2140,Dionigi Castellitto-Benedetti,alessandrotartaglia@example.com,Tissano,2025-03-03
2141,Eleanora Samele,erika19@example.org,Possidente,2025-02-28
2142,Giovanna Nitto,bramantecalcedonio@example.com,Occhieppo Superiore,2025-11-02
2143,Raimondo Aldobrandi-Parini,alphonstarantini@example.org,Sarzanello,2024-01-27
2144,Matilda Petrucelli,jtagliafierro@example.net,Rivera,2024-10-06
2145,Ruggiero Montanariello,eugenia67@example.org,Acqui Terme,2023-11-12
2146,Michela Zamorani,qmagnani@example.org,Camoneone,2024-05-22
2147,Renata Legnante,mauriliofilippini@example.net,Scai,2025-05-10
2148,Mario Campano,ajellolara@example.com,Karnol,2026-06-12
2149,Pierluigi Casalodi,valerio91@example.net,Paroldo,2025-07-05
2150,Elmo Cendron,sante20@example.org,Palo Del Colle,2026-08-17
2151,Paola Toscani-Nicoletti,comeriatogionata@example.com,Santa Severa Nord,2023-11-10
2152,Piergiuseppe Zamorani,ldandolo@example.org,Calvera,2024-10-23
2153,Graziano Turati,vitomercalli@example.com,Foresto,2024-08-15
2154,Maurilio Antonini,sbabati@example.com,Brumano,2025-12-31
2155,Cecilia Trincavelli,pacelliamedeo@example.org,Selva Malvezzi,2026-08-21
2156,Dott. Elisa Giannetti,callegariparide@example.org,Marina Di Schiavonea,2024-04-18
2157,Gloria Berlusconi,qaltera@example.org,Imperia,2024-07-21
2158,Angelina Vigorelli,isabella96@example.org,Maiorca,2023-10-08
2159,Iolanda Tomaselli,mariagiannotti@example.org,Caleipo,2025-01-29
2160,Romina Medici,amadeo78@example.com,Anna',2026-08-29
2161,Isa Spanevello,montalcinigiulia@example.org,Valgera,2025-08-17
2162,Orlando Castioni,rismondotonino@example.net,San Giorgio Scarampi,2025-05-21
2163,Bettina Pennetta,leonardomontesano@example.com,Merella,2026-09-14
2164,Sig.ra Silvia Crisafulli,marcantoniopanatta@example.com,Ramodipalo Rasa,2025-04-08
2165,Cristina Mazzanti,lidiapertini@example.com,Allumiere,2024-01-03
2166,Evangelista Tozzo,pierluigi01@example.com,Mernicco,2025-03-26
2167,Dott. Pellegrino Giusti,cnaccari@example.org,Vignale Riotorto,2026-09-20
2168,Amedeo Federico,rubbiaalina@example.org,Quarto Oggiaro,2026-06-03
2169,Tullio Combi-Ligorio,ibenigni@example.net,Isili,2024-05-05
2170,Sig.ra Letizia Gucci,dolores72@example.org,Roncoferraro,2024-03-02
2171,Umberto Mondaini,carmelocaffarelli@example.com,Serre Di Rapolano,2025-11-26
2172,Dott. Filippa Zamorani,michele03@example.com,Savelli,2026-07-25
2173,Luca Donarelli,carmelocasadei@example.com,Porossan,2024-04-06
2174,Dott. Carolina Mannoia,claudia50@example.com,Prade,2023-10-25
2175,Dott. Luciana Ginesio,maria22@example.org,Altavilla Milicia,2023-10-11
2176,Concetta Boezio,hcalvo@example.net,Pineto,2025-05-21
2177,Massimiliano Giacometti-Zaccardo,garozzomichelotto@example.net,Pianico,2025-05-16
2178,Tina Zoppetti-Benigni,vmercalli@example.net,Siddi,2024-09-17
2179,Rocco Sbarbaro-Almagià,ngrasso@example.net,Careri,2023-12-04
2180,Ottone Peruzzi-Pausini,papafavadelfino@example.org,Vaglierano,2026-08-09
2181,Uberto Gucci,cabototorquato@example.net,Ceppagna,2024-06-23
2182,Greco Goldstein,rtaliercio@example.net,Veternigo,2026-08-18
2183,Oreste Regge,hugopraga@example.net,Lova,2024-08-26
2184,Luigina Pisacane,saverio93@example.net,Borgo Cascino,2024-02-24
2185,Carmelo Polesel-Alighieri,nina96@example.net,Laverda,2025-11-17
2186,Pierina Nievo-Argurio,amletoubaldi@example.org,Spartimento,2026-05-05
2187,Sig. Graziano Zacco,bettina34@example.org,Sessa Cilento,2024-02-12
2188,Pompeo Salgari-Giorgetti,salvatoresbarbaro@example.org,Cappadocia,2026-03-31
2189,Arnaldo Buscetta,imelda15@example.org,Avaglio,2024-04-02
2190,Toni Vecoli-Balla,luciaamato@example.com,Fesca,2023-12-05
2191,Dott. Giada Colletti,errigonicolo@example.com,Poggio Mirteto Scalo,2024-01-20
2192,Isa Norbiato,angelina52@example.org,San Pietro Lametino,2026-04-19
2193,Tiziana Bignami-Tarantini,scarriera@example.com,Tambre,2024-07-08
2194,Vittorio Morlacchi,wvecoli@example.org,Comezzano Cizzago,2026-09-13
2195,Massimiliano Giannuzzi,cferrara@example.com,Polesella,2025-08-22
2196,Fiorenzo Traetta,pizzamanocalcedonio@example.net,Agropoli,2025-04-03
2197,Riccardo Satta,gloriafaugno@example.net,Ciano,2025-05-30
2198,Isabella Cimini,icatenazzi@example.net,Pre' Saint Didier,2026-06-13
2199,Gianluigi Pellico,ktamburini@example.com,Oschiri,2026-09-12
2200,Rosalia Contrafatto,stellaamato@example.net,Poasco,2026-04-22
2201,Bianca Paoletti,fausto80@example.net,San Michele All'Adige,2024-04-11
2202,Griselda Guarato-Caracciolo,ornella68@example.com,Pescarolo Ed Uniti,2023-10-17
2203,Cristina Chechi,pellegrino73@example.net,San Sebastiano Da Po,2025-08-23
2204,Enzo Parmitano-Mozart,filippo46@example.net,Carinaro,2024-09-15
2205,Dionigi Toselli,ocortese@example.com,Rivadolmo,2023-10-10
2206,Elena Montalcini,proiettisimonetta@example.com,Scandolara,2026-07-30
2207,Caterina Ritacca,girolamo03@example.net,Venusio,2025-03-18
2208,Biagio Borrani,liberto30@example.org,Verzuolo,2026-03-13
2209,Dott. Imelda Argentero,serlupimilena@example.org,San Bartolomeo In Galdo,2025-07-08
2210,Patrizio Perozzo,ivittadello@example.org,San Bernardino Verbano,2023-11-20
2211,Bianca Alboni,gargallosonia@example.net,Girlan,2025-06-12
2212,Pina Spanevello-Bocelli,amletoponti@example.com,Caselle Di Selvazzano Dentro,2025-06-01
2213,Franco Anastasi-Rubbia,tatiana59@example.net,Pramaggiore Blessaglia,2024-09-20
2214,Michelangelo Rossini,lucagianinazzi@example.net,Serle,2024-07-30
2215,Dott. Baldassare Zanichelli,goffredo48@example.org,Lausdomini,2025-03-10
2216,Jacopo Zoppetti,paulina73@example.org,Giovo,2025-01-12
2217,Eliana Gualandi-Rossellini,pedrazziniivo@example.net,San Felice A Pietravairano,2024-02-07
2218,Valeria Marangoni,reggeluca@example.net,Sorbolongo,2026-06-08
2219,Gabriella Sanguineti,ida18@example.org,Francavilla Al Mare,2023-12-21
2220,Martino Ginese,filogamotoni@example.org,Ceretolo,2024-01-28
2221,Giampiero Casaleggio,guidottiluciano@example.net,Lungavilla,2025-06-12
2222,Luigi Bosio,gianni77@example.org,Soveria Simeri,2025-05-19
2223,Lamberto Sobrero,versaceermenegildo@example.com,Foglianise,2025-04-26
2224,Annunziata Nievo,casellatimarcello@example.net,San Floriano Del Collio,2025-01-06
2225,Claudio Mezzetta,zgoldoni@example.net,Cipolleto,2025-05-24
2226,Ramona Bellò,loredanabazzi@example.org,Gello,2024-07-22
2227,Renzo Antonucci,moresiroberto@example.net,Ferentillo,2026-04-15
2228,Silvio Flaiano-Boito,xbroschi@example.org,Velina,2025-03-05
2229,Dott. Vittorio Gregori,qpapetti@example.org,Ferriere,2024-06-19
2230,Laura Tirabassi,bcesaroni@example.net,Santa Maria,2026-05-16
2231,Loredana Galiazzo,ncuriel@example.net,Tschars,2025-02-10
2232,Gianfrancesco Capone-Boaga,giulianatrotta@example.org,Solofra,2024-12-05
2233,Paolo Carullo,montanellitorquato@example.net,Colognola Al Piano,2024-05-07
2234,Hugo Giacometti-Zecchini,sole29@example.net,Casal Di Principe,2025-09-09
2235,Viridiana Boccherini,costantino81@example.com,Trito,2024-10-22
2236,Ruggero Sansoni,raffaele95@example.net,Dualchi,2023-10-12
2237,Susanna Casini,bmascagni@example.com,Morlupo,2024-02-19
2238,Ninetta Paltrinieri,cossigagelsomina@example.com,Ferrazzano,2026-07-06
2239,Elena Lombardo-Pontecorvo,albertinidante@example.com,Buonconvento,2025-03-13
2240,Annibale Panicucci,rruggeri@example.net,Comiziano,2026-09-14
2241,Rosario Nievo,patrizio64@example.com,San Godenzo,2025-06-26
2242,Ilaria Marsili,agazziugo@example.net,Thiene,2024-10-21
2243,Vincentio Pacomio-Callegari,nadiamascheroni@example.net,Robella,2026-01-09
2244,Valentina Onio,icossiga@example.org,Tassara,2026-06-23
2245,Imelda Bettin,donatopalombi@example.org,Pesco Sannita,2026-04-01
2246,Alessia Grossi,romanochiara@example.org,Scontrone,2026-08-07
2247,Milena Samele-Gibilisco,azeglio45@example.net,Cassano Valcuvia,2024-06-10
2248,Giorgia Moneta,vittoriacremonesi@example.com,Carlopoli,2025-02-09
2249,Sig.ra Barbara Tasca,antonino80@example.com,Manzano,2024-10-29
2250,Dott. Dina Nitto,corrado73@example.com,Santa Teresa,2025-06-15
2251,Lorenzo Fanucci,adele71@example.com,Oleggio Castello,2023-11-26
2252,Dott. Loretta Viola,tonistogiuliano@example.net,Caranzano,2026-02-07
2253,Puccio Ariosto,zoppettililla@example.com,San Gennarello,2026-03-05
2254,Lorenzo Bonomo,wsraffa@example.net,Varone,2025-04-08
2255,Marcella Taliercio-Giulietti,zbajardi@example.com,Menaggio,2025-06-30
2256,Sig. Annibale Moccia,ocamicione@example.net,Vignolo,2025-11-02
2257,Angelica Mascagni,zamengogelsomina@example.net,Fornace Crocicchio,2026-07-12
2258,Raffaello Parri,costanzo73@example.com,Canistro Superiore,2025-12-13
2259,Michela Boito-Berlusconi,biagiaugusto@example.org,San Quirico Trecasali,2026-06-27
2260,Costanzo Cutrufo,biancavirgilio@example.com,Mirabello Monferrato,2026-03-25
2261,Cristina Canevascini-Ceri,ygonzaga@example.com,Sant'Angelo In Lizzola,2025-08-11
2262,Sig.ra Lisa Donati,scaramuccigriselda@example.org,Ozzero,2023-11-11
2263,Paolo Scotto,pasquamaria@example.org,Anoia Superiore,2025-04-28
2264,Lolita Bellucci,pozzeccoclaudia@example.org,Arpino,2024-05-01
2265,Sig.ra Adriana Ceri,michela04@example.net,Cosio Valtellino,2024-06-22
2266,Bettina Liverotti,lunasabatino@example.com,Pancalieri,2024-11-22
2267,Sig. Atenulf Castioni,petrucellivaleria@example.net,Cerro Veronese,2026-02-22
2268,Dott. Sole Passalacqua,xmonaco@example.com,Cirimido,2026-07-19
2269,Sig.ra Virginia Scarponi,interminellifederica@example.com,De Matteis,2024-07-19
2270,Rolando Mantegazza,seraonapoleone@example.com,Savogna D'Isonzo,2024-07-05
2271,Nico Scaduto,luciobriccialdi@example.com,Sant'Angelo A Scala,2025-12-15
2272,Jolanda Lerner,opigafetta@example.org,Le Casine,2026-07-19
2273,Dott. Berenice Morucci,laureanogravina@example.com,Aviano,2025-09-28
2274,Griselda Leonardi,amajorana@example.org,Donnafugata,2025-09-22
2275,Calogero Soprano-Bajardi,ferrazzimartina@example.com,Case Del Conte,2026-03-18
2276,Salvi Zaccardo,foapiergiuseppe@example.net,Concesa,2026-04-18
2277,Graziano Rossini,raffaellino11@example.org,Limestre,2024-07-22
2278,Flavia Simeoni,ricciottiborgia@example.org,Portichetto,2025-02-04
2279,Laura Cagnin,onistoarturo@example.net,Nebida,2024-01-25
2280,Dott. Dina Faugno,leoneluisa@example.com,Falciano Del Massico,2024-08-29
2281,Paulina Perini,pierina45@example.org,Burago Di Molgora,2025-09-24
2282,Cirillo Pacillo-Verdone,belletiniemma@example.org,Umbra,2025-03-27
2283,Sig.ra Sandra Gaggini,gpuccini@example.net,Ozzano Dell'Emilia,2024-03-11
2284,Dott. Sonia Parpinel,tmazzocchi@example.com,Sant'Anna Pelago,2023-12-01
2285,Alessandro Pizzetti,veniermassimiliano@example.com,Montelparo,2024-01-05
2286,Iolanda Cesaroni,desiomilena@example.org,Battuello,2026-05-26
2287,Sig.ra Marissa Scaduto,trevesgiovanna@example.org,San Giovanni Di Baiano,2025-03-09
2288,Amadeo Calbo,emalenchini@example.net,Trivento,2025-12-07
2289,Rita Benigni,antonietta79@example.net,Petritoli,2025-01-31
2290,Camilla Botta,costanzoserraglio@example.net,Sopramonte,2024-11-08
2291,Niccolò Borsiere,najello@example.com,Clavesana,2026-01-17
2292,Sig.ra Eleanora Disdero,antonellatanzini@example.net,Monreale,2024-02-14
2293,Nicolò Scialpi,gbrichese@example.org,Altedo,2024-05-30
2294,Clelia Malenchini,tgolino@example.com,Calea,2024-03-27
2295,Manuel Raimondi-Navone,vsamele@example.org,Grotta,2025-07-27
2296,Arsenio Vanvitelli,lchigi@example.org,Trestina,2024-01-06
2297,Valentina Niscoromni,bmurialdo@example.com,Capece,2025-09-16
2298,Pier Gregori,ugo03@example.com,Bosco Caggione,2026-05-25
2299,Annunziata Vento,pianesilvestro@example.com,Sistiana,2024-05-25
2300,Amanda Farnese-Iannucci,ermenegildo16@example.org,Niguarda,2026-03-05
2301,Ludovica Mozart,gabbanaannibale@example.net,Faedo Valtellino,2024-06-25
2302,Michelotto Sandi,giannottiermes@example.net,Veroli,2026-06-11
2303,Carla Oscuro-Galilei,vfabbri@example.org,Cesenatico,2025-02-21
2304,Dott. Renzo Bruscantini,alina47@example.org,Belvedere Marittimo,2024-03-24
2305,Beatrice Carli,giuseppinapigafetta@example.net,Roncogno,2024-08-15
2306,Dott. Salvi Gigli,arseniosantorio@example.net,Villaganzerla,2024-08-05
2307,Dott. Gabriella Udinese,uberto27@example.net,Pesariis,2023-11-24
2308,Griselda Verdi,goffredo20@example.net,Campovico,2024-03-30
2309,Dott. Romolo Cundari,cianciololauretta@example.com,Ripabottoni,2024-02-11
2310,Jolanda Camicione,flavioriccati@example.net,Leuca,2026-05-08
2311,Allegra Iannelli-Tomaselli,sabatino00@example.com,Cava Manara,2024-02-04
2312,Eliana Tomasini,tgianetti@example.net,Sturla,2026-02-22
2313,Bianca Pedrazzini-Naccari,larapalmisano@example.org,Castagnole Delle Lanze,2026-07-31
2314,Michelotto Taccola,marzoratirenata@example.com,Gorgofreddo,2026-04-15
2315,Stefania Mancini,stefanelliisabella@example.net,San Giovanni Teatino,2026-05-03
2316,Mariana Sordi,ssegni@example.com,Vercurago,2025-12-31
2317,Dott. Melina Torlonia,gustavogiannuzzi@example.com,Bussana,2024-08-18
2318,Dott. Ranieri Bonanno,tascarembrandt@example.net,Quassolo,2024-09-14
2319,Sig.ra Bianca Tozzi,musattialfio@example.com,Albisola Capo,2024-03-23
2320,Dott. Gian Donatoni,giannotticlaudio@example.org,Castionetto,2025-05-30
2321,Veronica Inzaghi,rastellibeppe@example.com,Cresseglio,2024-09-04
2322,Dott. Arnaldo Deledda,curcigabriele@example.org,Brembate,2025-05-14
2323,Gian Franceschi-Surian,pellegrinodossetti@example.net,Fellette,2024-10-26
2324,Susanna Soprano,viridianarossellini@example.org,Pogerola Di Amalfi,2026-08-28
2325,Giampiero Barese,baccio02@example.net,Orte,2025-06-18
2326,Ippazio Combi,pasquale10@example.org,Piano D'Arta,2026-01-06
2327,Piero Tarchetti,rosario66@example.net,Bajardo,2023-12-04
2328,Maurizio Capone,mauro33@example.org,Legnaro,2026-08-19
2329,Teresa Cesaroni-Pizzo,laurettazecchini@example.net,Piatto,2025-07-16
2330,Alessia Caccioppoli-Porzio,qsgalambro@example.net,Montecchia Di Crosara,2024-10-05
2331,Sabatino Cocci,michelettopetrucelli@example.com,Ruggiano,2024-04-23
2332,Vincenza Gentileschi-Scarpa,roberta85@example.com,San Martino Spadafora,2025-05-23
2333,Sig.ra Sole Bellucci,agilardoni@example.net,Roccapipirozzi,2024-03-05
2334,Severino Molesini,nmonaco@example.org,Rodi' Milici,2025-01-08
2335,Emma Ferretti,fiammafoa@example.net,Sala Biellese,2026-07-10
2336,Dott. Giulia Medici,ermanno41@example.net,Quinto Al Mare,2025-11-08
2337,Sig.ra Beatrice Udinesi,filippa87@example.net,Buja,2025-09-22
2338,Ottavio Bertolucci,qcundari@example.com,Pallare,2025-11-07
2339,Antonia Bruscantini,gian41@example.net,Moso In Passiria,2026-08-18
2340,Dott. Priscilla Filippelli,otremonti@example.com,Zeme,2025-06-25
2341,Gionata Orlando,tomasellifilippa@example.net,Sestola,2025-03-16
2342,Renzo Visintini,xsforza@example.org,Ponte A Poppi,2023-11-30
2343,Patrizia Endrizzi,mmastandrea@example.org,San Felice Del Molise,2023-12-11
2344,Martina Bocelli,michelangelovarano@example.org,Truccazzano,2025-10-07
2345,Lauretta Majorana,osvaldogarobbio@example.org,Le Forna,2026-05-17
2346,Durante Rizzo,nadia51@example.org,Serre Di Rapolano,2026-06-21
2347,Piermaria Filangieri,ceschibeatrice@example.net,Capralba,2023-12-22
2348,Gioele Cantimori,benvenuto51@example.com,Pikolein,2024-06-01
2349,Stefani Barbarigo,gbalbo@example.net,Magno,2023-12-09
2350,Dott. Gianluigi Cimarosa,gian20@example.com,Grassina Ponte A Ema,2025-02-01
2351,Sig. Mario Strangio,redigiulio@example.com,Zuel,2026-04-11
2352,Gianna Zaccagnini,zeffirellimarta@example.org,Marcon,2025-07-14
2353,Fiamma Goldstein-Ortese,estein@example.org,Pentedattilo,2025-12-15
2354,Simonetta Pigafetta,vchittolini@example.org,Stelvio,2025-11-12
2355,Federica Leoncavallo,ylonghena@example.com,Novaretto,2025-09-28
2356,Morena Fagotto,gparuta@example.org,Castell'Azzara,2026-02-04
2357,Arnulfo Chiappetta,amadeotrincavelli@example.net,Marina Di Fuscaldo,2024-06-11
2358,Sig. Ruggero Camilleri,gioachino11@example.com,Molinelle,2024-07-06
2359,Greca Carducci-Bajamonti,qortolani@example.com,Cerreto Sannita,2025-03-12
2360,Sig. Sabatino Prati,imaderno@example.com,Rosas,2023-11-14
2361,Enzo Zamorani,ifilzi@example.net,Gravedona,2026-03-15
2362,Marta Pedersoli,saveriozanzi@example.org,Tregarezzo,2024-06-30
2363,Luciana Pertile,rossana57@example.com,Moerna,2023-11-04
2364,Dott. Cristina Ortese,vbonolis@example.com,Camporeale,2025-04-14
2365,Simonetta Sansoni,rcicala@example.net,Palau,2025-05-26
2366,Calogero Chinnici,donatello44@example.org,Campone,2025-07-30
2367,Gemma Collina-Lombardo,ommaamleto@example.com,Tricase Porto,2024-10-26
2368,Jolanda Sinisi,ucoardi@example.net,Tizzana,2024-10-04
2369,Sylvia Morandi,finettileonardo@example.com,Corvara,2024-06-18
2370,Massimiliano Tamborini-Scarponi,ntasca@example.org,Cicala,2023-11-18
2371,Torquato Bataglia,loretta57@example.org,Riposto,2025-01-07
2372,Renzo Fracci,sudinesi@example.com,San Vittore,2024-11-25
2373,Lazzaro Cavalcanti,scapuana@example.org,Zelo Buon Persico,2024-11-23
2374,Leonardo Tagliafierro,costanzorizzoli@example.org,Cogorno,2025-05-10
2375,Augusto Acerbi-Segni,aleoncavallo@example.net,Aviatico,2025-01-22
2376,Sig. Lando Gabbana,etta60@example.com,Collebeato,2024-10-31
2377,Marina Cabibbo,smontesano@example.org,Castro Dei Volsci,2024-04-02
2378,Giancarlo Poerio,casellatitonia@example.com,Marcedusa,2025-02-27
2379,Giorgia Botticelli,bettina34@example.org,Lauzacco,2024-08-07
2380,Mario Bruno-Bonino,lucianimirco@example.org,Camporeale,2024-12-08
2381,Sig.ra Caterina Carosone,ignaziopisani@example.com,Marling,2025-12-28
2382,Dott. Augusto Maglio,cromano@example.com,Serra San Quirico Stazione,2024-07-05
2383,Silvestro Amato,eferrabosco@example.org,Beinasco,2025-12-10
2384,Marta Maderno,alfiopasqua@example.com,Bolzano Novarese,2023-12-19
2385,Lucrezia Pelli,camanniluigi@example.net,Villa Convento,2026-09-19
2386,Sig. Rembrandt Russo,chindamosebastiano@example.net,Montezemolo,2026-05-12
2387,Federigo Disdero,benedettoscaramucci@example.com,Vergiate,2026-09-15
2388,Mario Giovine,martinasgarbi@example.com,Pontoglio,2025-07-15
2389,Maurizio Rosiello,vincenzabranciforte@example.com,Barrali,2025-05-14
2390,Rembrandt Bonaventura,poleselivo@example.com,Almenno San Bartolomeo,2025-10-01
2391,Ugolino Bergoglio,petruccigreco@example.com,Vito D'Asio,2024-03-31
2392,Pierina Saracino,marazzipiermaria@example.com,Torre Di Fine,2026-02-19
2393,Laureano Borroni,iannottifilippo@example.com,Perca,2024-06-12
2394,Rita Cremonesi,gastoneanastasi@example.org,Marano Veneziano,2025-01-23
2395,Rossana Odescalchi-Ferraris,lianascandone@example.org,Bagnore,2024-02-13
2396,Eliana Lancisi,rolando02@example.com,Caletta Di Castiglioncello,2023-10-19
2397,Dott. Isabella Cutrufo,vconte@example.net,Ortona Porto,2025-09-11
2398,Annibale Biagiotti,ninamagrassi@example.org,Serravalle,2024-07-01
2399,Bianca Moschino,mscamarcio@example.com,Primolo,2026-04-27
2400,Dott. Azeglio Ferrari,marazzimilena@example.org,Casalzuigno,2025-09-16
2401,Marissa Mazzi,brancacciodario@example.com,Viadanica,2026-05-11
2402,Isabella Gori,errigopatrizia@example.com,Borgo Virgilio,2025-04-08
2403,Costantino Mengolo-Tirabassi,tina08@example.org,Collepardo,2023-11-07
2404,Sig. Sandro Ponti,ilaria97@example.net,Ceprano,2026-01-16
2405,Laura Taliercio,danielezanazzo@example.net,San Nicola Di Tornimparte,2025-03-08
2406,Tina Benigni,camicioneflavia@example.com,Torraca,2026-05-12
2407,Federico Pertini,maggioliluca@example.net,Boroneddu,2026-01-18
2408,Livio Carnera,antoninocanali@example.com,Giglio Castello,2026-04-15
2409,Sig.ra Michela Zanichelli,giancarlovezzali@example.org,Montecucco,2025-06-27
2410,Rossana Trapani,anita56@example.org,Moia,2026-08-28
2411,Greca Nievo,lorettasoprano@example.net,Fregene,2025-01-08
2412,Rosa Carducci,tcannizzaro@example.com,Trevenzuolo,2024-11-18
2413,Renzo Valier,ivan58@example.net,Anduins,2025-11-29
2414,Claudio Mercalli,tremontiannibale@example.org,Poggio Filippo,2024-05-30
2415,Olga Donatoni,ronaldo45@example.net,Oristano,2025-10-04
2416,Nicoletta Vergerio,bianca76@example.org,Ferrandina,2026-01-09
2417,Gionata Santi,alina38@example.net,Gagliato,2026-01-02
2418,Virgilio Boccioni,pellegrino48@example.net,Siderno Marina,2024-04-13
2419,Dott. Girolamo Grisoni,ramonagotti@example.net,Santa Margherita Di Belice,2026-06-09
2420,Tiziana Tomasetti,pasqualealbertini@example.com,Moirago,2025-05-10
2421,Sophia Bocca-Cardano,opuccini@example.com,Vigo Rendena,2025-01-13
2422,Leonardo Praga,randazzodonatello@example.net,Tarres,2025-06-11
2423,Giuliano Campanella,tamato@example.net,Leonforte,2026-07-22
2424,Sig. Gianmarco Panicucci,tropealucio@example.net,Londa,2026-07-23
2425,Gioacchino Contrafatto,giacinto42@example.com,Viadana,2023-10-19
2426,Angelina Lucarelli-Sgarbi,fpertini@example.net,Equi,2024-12-18
2427,Fedele Condoleo,hlattuada@example.org,Parre,2025-09-14
2428,Sig.ra Liana Tomasetti,faugnopietro@example.net,Villa Torre,2025-11-17
2429,Caterina Rinaldi,morenaforza@example.org,Castel San Pietro,2025-10-08
2430,Leopoldo Sonnino,marisatartaglia@example.net,San Michele Di Serino,2024-09-14
2431,Giampaolo Santorio,vpalumbo@example.org,Casale Di Tornolo,2024-02-20
2432,Sig. Rocco Galuppi,guido55@example.org,Santa Caterina Valfurva,2026-06-02
2433,Leonardo Panicucci,kcociarelli@example.org,Zeddiani,2026-06-07
2434,Sig. Enrico Taliani,costanzosalandra@example.net,San Martino,2024-07-29
2435,Nanni Tacchini,montanellialphons@example.net,Treglio,2024-09-28
2436,Benedetto Cadorna,jsauli@example.net,Avola,2026-06-26
2437,Antonino Capone-Tarchetti,mariana95@example.org,Morolo,2023-12-20
2438,Liana Staglieno,ebernardini@example.org,Gala,2025-12-02
2439,Dott. Dino Zeffirelli,tfolliero@example.com,Calestano,2024-07-05
2440,Panfilo Vercelloni,traversafrancesco@example.com,Moltrasio,2024-12-11
2441,Hugo Vezzali,gborroni@example.org,Torregrotta,2024-11-26
2442,Dott. Gionata Bajardi,qpederiva@example.net,Cortaccione,2025-06-28
2443,Virginia Musatti-Giorgetti,maria79@example.org,Saviore Dell'Adamello,2024-12-14
2444,Sandro Farinelli,ciprianonotarbartolo@example.org,Montechiaro D'Asti,2026-05-14
2445,Elvira Garrone,ygiorgetti@example.org,Dare',2026-04-12
2446,Dott. Pasqual Curiel,giuseppe90@example.org,Sparanise,2025-04-09
2447,Sig. Gianluigi Stucchi,vtoselli@example.org,Sabbioni,2025-10-10
2448,Donato Emanuelli,mbadoglio@example.org,Monopoli,2024-07-28
2449,Filippo Garobbio,kbazzi@example.org,Caprarica Del Capo,2025-12-02
2450,Dott. Michelangelo Vercelloni,salvi89@example.net,Indicatore,2025-08-15
2451,Isabella Lopresti,montanariantonino@example.net,Corrubbio,2026-09-02
2452,Eliana Regge,wtelesio@example.org,Triora,2026-02-03
2453,Benvenuto Bevilacqua,ydepero@example.com,Borgo Piave,2026-09-16
2454,Lidia Bocelli,elenasamele@example.com,Reno,2025-02-17
2455,Sig.ra Morena Pertile,fmartucci@example.com,Bibione,2025-01-29
2456,Danilo Piccinni,mirko33@example.com,Scaria,2025-01-16
2457,Mauro Ceschi-Mazzocchi,ansaldo40@example.org,Ciorani,2025-12-18
2458,Caterina Tonisto,csalata@example.com,Seriate,2025-02-15
2459,Arnaldo Carosone-Valmarana,ansaldo26@example.org,Tresnuraghes,2026-02-09
2460,Valentina Panzera,alberto23@example.org,Oria,2026-07-28
2461,Tullio Manolesso-Orsini,olgaughi@example.org,Chiari,2025-12-24
2462,Sig. Nino Pizziol,annamariacondoleo@example.org,San Carlo Di Sessa Aurunca,2025-07-22
2463,Lauretta Bruno,ernestoughi@example.com,Campagnano Di Roma,2025-04-18
2464,Vito Zaguri,amaldimauro@example.net,Savona,2024-12-07
2465,Orlando Bettoni,gionata74@example.net,Petrignano Del Lago,2025-08-28
2466,Michela Finzi-Piovani,ruggierocagnin@example.net,Cassina De' Pecchi,2025-12-01
2467,Torquato Bragadin,scottoachille@example.com,Tor Tre Ponti,2024-01-10
2468,Patrizio Fogazzaro,caracciolomarisa@example.net,Lanzo Di Martina Franca,2025-04-25
2469,Ettore Montessori-Basso,berengarioleonardo@example.net,Rometta Apuana,2025-03-02
2470,Gabriele Vianello,diana52@example.com,Grisciano,2024-11-16
2471,Vanessa Bresciani,hostinelli@example.org,Gorla Minore,2026-07-05
2472,Giustino Balla-Ceri,gianna87@example.net,Tronzano Lago Maggiore,2025-12-07
2473,Corrado Marrone,gullottabruno@example.com,Miano,2024-09-09
2474,Emilio Trussardi,paloma75@example.org,Galluccio,2025-02-22
2475,Filippa Norbiato-Vidoni,floriodelfino@example.com,Castelletto,2023-10-11
2476,Dott. Sophia Pagliaro,tebaldiguido@example.net,Triuggio,2024-01-11
2477,Hugo Mogherini,giada73@example.com,Figline Valdarno,2025-11-26
2478,Ornella Casarin-Gregori,piermaria71@example.net,Margine Coperta,2025-05-31
2479,Alberto Peranda,cirillo15@example.com,Buscoldo,2024-02-03
2480,Giancarlo Schiaparelli,gemmabernardi@example.com,Sezzadio,2024-05-29
2481,Dott. Serena Platini,easprucci@example.com,Placanica,2024-04-18
2482,Sig.ra Aria Iannotti,sismondigianni@example.com,Robilante,2025-01-24
2483,Leone Tozzo,nanniortese@example.org,Pertusio,2024-02-29
2484,Vanessa Berrè,dstefanelli@example.net,Massina,2026-01-15
2485,Annalisa Asprucci-Bottaro,mattiaberlusconi@example.org,Palazzolo Vercellese,2025-02-12
2486,Sig.ra Lolita Angeli,tosomario@example.net,Cavallo Pastorio,2026-02-10
2487,Martino Garobbio,marazzistefania@example.net,Colonia Arnaldi,2025-06-02
2488,Sig. Federigo Leoncavallo,fernanda25@example.com,Ioanella,2026-04-14
2489,Napoleone Poerio,camillascaduto@example.net,Lacchiarella,2025-04-15
2490,Pierpaolo Bergoglio-Ughi,cgori@example.net,Ottiolu,2025-11-24
2491,Sig.ra Melina Chiesa,dario19@example.com,Limite Sull'Arno,2024-09-06
2492,Dionigi Gonzaga,roman14@example.net,Osini,2025-05-29
2493,Stefania Civaschi-Orengo,frescobaldicamilla@example.org,Coccaglio,2024-03-02
2494,Bartolomeo Salgari-Babbo,sonia70@example.net,Nalles,2024-11-20
2495,Ruggiero Caffarelli-Crisafulli,romana74@example.org,Piode,2026-04-24
2496,Dott. Vincenzo Palombi,baggiovaleria@example.net,Cesana Brianza,2024-08-15
2497,Imelda Ravaglioli,navonetelemaco@example.net,San Leonardo Di Cutro,2025-02-27
2498,Pierina Aloisio,radinolfi@example.org,Stevena',2025-12-10
2499,Luca Bompiani,ocrespi@example.com,Baraggia,2023-10-29
2500,Calogero Manolesso,lucianipiergiorgio@example.org,Castel Mella,2024-02-21
2501,Priscilla Cutrufo,jpellegrini@example.org,Verano Brianza,2023-09-27
2502,Bettina Quasimodo,chindamofortunata@example.net,Castiglione Cosentino,2023-12-05
2503,Sophia Papetti,zrosiello@example.org,Fornovo San Giovanni,2023-12-17
2504,Olga Salvini-Salvini,casaleggioannibale@example.org,Pantano Di Grano,2025-11-30
2505,Niccolò Zola-Saffi,liliana66@example.org,Cavenago D'Adda,2026-04-09
2506,Sig.ra Erika Contrafatto,benvenuto67@example.net,Focette,2026-05-17
2507,Giulietta Ariasso,wparmitano@example.net,Chiesa In Valmalenco,2023-12-19
2508,Alphons Monte,trincavelliarturo@example.org,Montecenere,2024-12-20
2509,Ferdinando Paolucci,vittoria51@example.com,Montecorice,2024-08-08
2510,Sig.ra Giulia Trincavelli,pomponioleopardi@example.net,Pezzo Di Villa San Giovanni,2025-06-26
2511,Martino Luciani,zaira96@example.net,San Pietro All'Olmo,2024-03-21
2512,Gaspare Verri,simone05@example.org,Gavoi,2026-04-10
2513,Beppe Bataglia,goffredosonnino@example.com,Luzzara,2026-02-06
2514,Cassandra Trobbiani,mpeano@example.com,San Pietro Di Cava,2024-09-29
2515,Massimo Praga,dtropea@example.com,Bonagia,2025-04-25
2516,Veronica Ferrata,fabbrilodovico@example.com,Isca Marina,2025-12-16
2517,Sig. Eraldo Castioni,boeziofabrizio@example.net,Luisago,2024-02-24
2518,Marco Saraceno,zcorcos@example.net,Albare' Stazione,2024-11-03
2519,Ermenegildo Trebbi,inzaghininetta@example.org,Musestre,2024-05-21
2520,Caterina Nicoletti,zbinaghi@example.net,Sant'Anna D'Alfaedo,2025-03-02
2521,Annetta Gioberti,antonina37@example.net,Morrano Nuovo,2023-11-18
2522,Eliana Bartoli-Boldù,battagliaevangelista@example.org,Ioggi,2024-07-25
2523,Severino Carpaccio,gemmapozzecco@example.org,Terenzo,2026-01-12
2524,Greca Tomasetti-Regge,clucchesi@example.net,Rivera,2026-08-09
2525,Lucrezia Fornaciari,ovadiaorlando@example.com,Vesale,2026-08-28
2526,Dott. Antonella Scarlatti,wbertoli@example.com,Rocchetta Belbo,2024-06-21
2527,Severino Nitto,tonigaliazzo@example.com,Sesto Cremonese,2024-08-13
2528,Sig.ra Bianca Vento,pomponio22@example.com,Sant'Antonio Abate,2026-01-08
2529,Pompeo Grisoni,uscarpa@example.org,Samolaco,2025-11-18
2530,Gilberto Scarpa-Iannuzzi,elviraceschi@example.net,Tramariglio,2024-12-02
2531,Ivan Falloppio,rolando33@example.net,Vizzola Ticino,2024-06-15
2532,Ricciotti Pedersoli,vecelliobartolomeo@example.org,Specchia Gallone,2024-08-24
2533,Giustino Paruta,pina83@example.com,Loreto Stazione,2024-06-12
2534,Ruggero Fischetti,gmetella@example.net,Albugnano,2026-04-09
2535,Rossana Grassi,camanniroman@example.net,Martignano,2024-07-08
2536,Domenico Sauli,camicionelucia@example.com,Cloz,2025-06-14
2537,Annunziata Bruscantini,tizianorenier@example.org,Cologne,2024-07-08
2538,Paoletta Mannoia-Palumbo,pierina54@example.com,Monte Donato,2024-10-13
2539,Piermaria Benigni,danilofavata@example.net,Silvelle,2024-01-28
2540,Dott. Annibale Viola,govoniantonio@example.net,Frattamaggiore,2024-12-29
2541,Mario Berengario,maurobodoni@example.com,Bombiana,2025-10-14
2542,Melissa Casellati,claudia23@example.net,Tavazzano Con Villavesco,2024-05-27
2543,Alberico Fantoni,nbonino@example.org,Esperia Inferiore,2024-05-08
2544,Dott. Jacopo Tutino,agostino02@example.com,Stradella,2026-03-31
2545,Calcedonio Foà,osvaldosgalambro@example.com,Fornoli,2026-03-30
2546,Dott. Ludovico Perini,ermenegildolettiere@example.com,Vestola Ghiare,2024-02-17
2547,Ottone Mimun,evangelista84@example.net,Brienno,2024-04-04
2548,Virginia Scotto,aborromini@example.org,Druento,2024-03-01
2549,Graziella Dandolo,tencallavenancio@example.com,Finale,2026-07-08
2550,Ida Battelli,zanazzocarla@example.net,Viarago,2024-06-16
2551,Martina Cutrufo-Saffi,severinoduodo@example.net,Budditogliu,2025-08-18
2552,Nina Niscoromni,amletonicolini@example.net,Castelcavallino,2024-01-20
2553,Sig. Maurizio Chiappetta,miccanedda@example.net,Roascio,2023-11-24
2554,Fiamma Goldoni,greggiofederica@example.com,Taisten,2024-06-19
2555,Martino Monte-Mercantini,lombardoludovica@example.org,Bedollo,2025-03-12
2556,Gianmarco Giorgetti,xlopresti@example.net,Torre D'Isola,2024-05-11
2557,Marcella Garobbio-Tozzi,yleonetti@example.com,Montecorneo,2026-04-06
2558,Sig.ra Bettina Gravina,persicodina@example.net,Lago Boracifero,2024-10-13
2559,Ruggero Cassarà,zguicciardini@example.net,Luzzi,2024-11-03
2560,Giampiero Cundari-Tassoni,mercedes36@example.org,Mollia,2024-08-26
2561,Gianpaolo Viola-Tosi,rpiccinni@example.com,Moncalvo,2026-04-04
2562,Gianni Aulenti,leopoldobelletini@example.org,Lezzeno,2023-12-03
2563,Nadia Cociarelli,basadonnarita@example.com,Pentedattilo,2024-04-25
2564,Sig.ra Luciana Salata,hlippomano@example.net,Bovezzo,2023-10-22
2565,Federigo Cianciolo,kcoppola@example.org,Piampaludo,2025-10-27
2566,Raffaello Ponti,antonina93@example.org,Sennariolo,2025-11-09
2567,Gioachino Saraceno,panattabeatrice@example.net,San Pietro Di Caltagirone,2026-02-12
2568,Sig. Adriano Balbi,rastelliniccolo@example.com,Fontanella,2026-05-28
2569,Tiziana Garibaldi,ottavio25@example.com,Fregene,2024-03-06
2570,Raimondo Borrani,napoleone06@example.net,Altino,2026-06-14
2571,Sig.ra Loretta Ughi,licia53@example.net,Adelfia Montrone,2025-12-04
2572,Damiano Basso,ruggerozarlino@example.net,Villa Grande,2025-09-25
2573,Calogero Dallapé-Scarponi,paulina82@example.org,Rigolato,2023-12-27
2574,Paoletta Randazzo,rosalia69@example.com,Ursini,2024-07-18
2575,Antonino Satriani,mrinaldi@example.net,Villa D'Agri,2025-10-11
2576,Milena Fogazzaro,pompeoluria@example.net,St. Kassia,2025-01-07
2577,Gianpietro Notarbartolo,romagnoliconcetta@example.com,Barni,2024-05-29
2578,Gioffre Filzi,giuliettafinotto@example.net,Talana,2025-06-24
2579,Tiziana Bova,eraldo29@example.org,Cavalese,2025-04-27
2580,Vittorio Turci,donnaesposito@example.com,Tabellano,2026-08-04
2581,Arnulfo Costanzi,gabrieleantonello@example.org,Fasano',2025-07-30
2582,Dott. Ansaldo Proietti,gabriele06@example.org,Uras,2024-09-17
2583,Lidia Pinamonte,rodolfosantorio@example.org,Cannole,2026-02-08
2584,Sig. Pierangelo Finotto,gentilidolores@example.net,Tornaco,2024-01-21
2585,Stefania Lucarelli-Morosini,adele45@example.org,Petruro,2023-11-16
2586,Dott. Lisa Castelli,paoletta97@example.org,Lido Conchiglie,2025-12-05
2587,Piergiuseppe Tosto-Dibiasi,zpaltrinieri@example.net,Gaggiolo,2024-08-20
2588,Niccolò Rossi,ferdinando06@example.org,Ca' Rainati,2023-11-27
2589,Griselda Aporti,tfracci@example.com,Oberau/Bozen,2024-06-23
2590,Tina Cignaroli,orlando05@example.com,Fontanelice,2026-06-10
2591,Milena Rapisardi,tostoromolo@example.net,Bellamonte,2026-02-21
2592,Nico Mancini,aparri@example.org,Periasc,2024-01-02
2593,Dott. Ludovico Beccaria,calogerobova@example.com,Schindilifa',2025-06-15
2594,Iolanda Oscuro,qerrani@example.net,Farneta,2024-12-21
2595,Sig.ra Antonina Tozzo,ascarpetta@example.com,Castelvecchio Di Santa Maria Maggiore,2024-01-08
2596,Flavia Scandone,dtomasetti@example.net,Terme Di Stiglian,2026-09-16
2597,Lucia Anguillara,flavio07@example.org,Albeins,2025-11-16
2598,Rossana Barbarigo-Calarco,pavanellosergius@example.com,Avesa,2026-07-24
2599,Tullio Trillini,ibulzoni@example.net,Feglino,2026-06-23
2600,Pietro Comencini,faustofinzi@example.net,Arten,2026-06-28
2601,Alfio Pometta-Giusti,valerio15@example.com,Albese Con Cassano,2026-05-18
2602,Allegra Scarfoglio,antonaccipaoletta@example.net,Anguillara Veneta,2023-10-15
2603,Aurora Cabibbo,laurettapizziol@example.net,Gosaldo,2025-10-01
2604,Paloma Longhena-Mazzacurati,ungarettiluciano@example.com,Montagano,2024-08-09
2605,Valeria Gaggini,burcardomargherita@example.com,Alberese,2024-12-23
2606,Mariana Casini,mattiadona@example.org,Castello Di Cavallino,2024-04-25
2607,Vito Omma,pellegrinocarullo@example.com,Scorciosa,2025-11-29
2608,Dott. Leonardo Mattarella,matteottihugo@example.net,Valenzani,2026-01-05
2609,Alina Borzomì-Cutuli,torricellivirginia@example.net,Collelongo,2024-09-13
2610,Alberico Casarin,giovannanosiglia@example.org,Giovo,2025-08-11
2611,Sig.ra Adele Bompiani,qudinese@example.net,Borgo Baccarato,2024-11-17
2612,Eugenia Filzi-Murialdo,valerioargento@example.org,Marina Palmense,2024-11-26
2613,Panfilo Terragni,massimilianopetrocelli@example.com,Corvaro,2026-01-30
2614,Stella Bosio,raffaellacorbo@example.net,Balma,2025-04-23
2615,Virginia Mazzini,armando14@example.net,Morrovalle Stazione,2025-10-14
2616,Isabella Bignardi,chiara97@example.com,Dierico,2023-10-26
2617,Maria Paoletti,teresabandello@example.net,San Giustino,2024-10-25
2618,Romolo Guidotti-Morlacchi,murialdosole@example.com,Mornago,2023-11-06
2619,Benito Sordi,sole98@example.com,Camucia,2024-08-28
2620,Federigo Errigo,cainerodario@example.com,Civitella Licinio,2025-05-15
2621,Dott. Giulia Ziani,vittoriacaffarelli@example.org,Teti,2024-09-17
2622,Simonetta Blasi,amleto44@example.net,Case Campoli,2025-09-10
2623,Enzo Mondaini,bianca57@example.com,Sarentino,2025-07-20
2624,Giustino Trapanese,vittorio70@example.net,Fianello,2025-10-08
2625,Gioele Serraglio,pierluigi83@example.com,Moliterno,2026-09-03
2626,Dolores Finetti-Vergerio,rrandazzo@example.net,Pompei,2026-07-03
2627,Simone Scialpi,maurocallegari@example.net,Cesana Torinese,2023-10-14
2628,Alderano Buonauro,giacobbe27@example.com,Monte Cerignone,2025-08-20
2629,Concetta Saraceno,maria70@example.org,Rovigo,2025-11-07
2630,Dott. Lauretta Galuppi,fiorino00@example.net,Cicerale,2025-10-14
2631,Dott. Cesare Saraceno,gianmarco07@example.net,Pedero,2025-07-25
2632,Sergius Salandra,ubaldofilippini@example.org,Mileto,2026-03-27
2633,Sandro Corcos,qtreccani@example.com,Rodengo Saiano,2024-05-10
2634,Annamaria Trussardi,nantonello@example.org,Ca' Emiliani,2026-05-24
2635,Annalisa Gori-Garrone,adriana07@example.net,San Sebastiano Curone,2025-08-04
2636,Guido Callegaro-Barzini,fabiacasini@example.net,San Paolo Albanese,2026-02-19
2637,Clelia Busoni,marconigiustino@example.com,San Sossio Di Serino,2024-07-02
2638,Dott. Roberto Collina,bocelliachille@example.org,Casaglia,2026-07-24
2639,Allegra Lercari,alessio37@example.org,Fontanefredde,2024-11-02
2640,Morena Loredan,fiorucciromina@example.org,San Lorenzo Dorsino,2026-07-02
2641,Clelia Bosurgi,laureano29@example.com,Cecima,2025-02-24
2642,Dolores Bettoni,sonio@example.org,Casali Di Roccapiemonte,2025-05-28
2643,Dott. Gastone Cadorna,armando41@example.com,Mestre,2024-12-21
2644,Sig. Ivan Venturi,mmaspero@example.com,Peschiera Borromeo,2026-04-07
2645,Tatiana Franscini-Turchetta,lmorpurgo@example.com,Vergemoli,2026-08-02
2646,Liana Mascheroni,claudia66@example.net,Sant'Antonio Ruinas,2024-01-07
2647,Matteo Calgari,marina65@example.net,Solano Inferiore,2026-08-24
2648,Maria Zetticci,ferragnibruno@example.org,Sant'Angelo All'Esca,2025-01-31
2649,Maurilio Gadda,paoluccivenancio@example.org,Visco,2025-11-27
2650,Barbara Troisi-Rizzo,auroravercelloni@example.com,Terraverde,2025-04-05
2651,Dott. Flavio Guidone,hsommaruga@example.com,Porpetto,2024-02-15
2652,Nicolò Inzaghi,giuliano23@example.com,Sant'Ambrogio Di Valpolicella,2024-01-15
2653,Dott. Gabriella Pareto,donatello26@example.org,Centoia,2026-01-10
2654,Gemma Fittipaldi,galassobulzoni@example.net,Versa,2025-07-07
2655,Gilberto Morrocco-Faranda,dallaraaldo@example.com,Lestizza,2025-05-12
2656,Matilda Venturi,isabellatrentin@example.net,Celzi,2025-09-03
2657,Dott. Chiara Ruggeri,gossani@example.com,St. Martin in Passeier,2024-05-23
2658,Dott. Patrizia Beccheria,delfinoarmani@example.org,Montemarcello,2026-01-27
2659,Sebastiano Rensi-Bova,domenico32@example.com,Angrogna,2026-07-06
2660,Flavia Vanvitelli,tatianabignardi@example.org,St. Kassia,2024-08-28
2661,Franco Polizzi,bernardoburcardo@example.com,Vo' Vecchio,2025-06-06
2662,Ermes Inzaghi-Pacelli,pborghese@example.org,Botteghino,2024-02-29
2663,Angelica Angiolello,wtrapani@example.org,Unterin,2026-04-20
2664,Sig. Venancio Mezzetta,ycocci@example.org,Marausa,2026-01-31
2665,Luigi Zamorani,teresaturchetta@example.com,Revine,2026-08-04
2666,Renzo Moretti,paola42@example.net,Arena,2024-06-17
2667,Ornella Fiorucci-Viviani,michelottovolta@example.org,Fiordimonte,2025-03-30
2668,Lina Mastroianni,aacerbi@example.org,Castelmonte,2024-08-12
2669,Fabio Armellini,gianpietro79@example.org,Seghe,2024-08-01
2670,Bianca Tasca-Bonatti,tfittipaldi@example.com,Marchirolo,2024-08-10
2671,Dott. Giosuè Callegaro,sole82@example.org,Guizza,2023-11-30
2672,Sig. Gaetano Cappelli,gianfrancescomigliaccio@example.net,Montepulciano Stazione,2024-09-22
2673,Raffaele Boaga,arnulfomodigliani@example.org,San Carlo D'Ascoli,2025-02-13
2674,Dionigi Mimun,amicovisconti@example.com,Villa Banale,2024-11-18
2675,Tiziano Bellò,pbignami@example.net,Nocciano,2024-08-01
2676,Nico Lupo,psagese@example.org,Guia,2025-06-16
2677,Alina Grimani,pina12@example.com,Petina,2024-03-17
2678,Franco Dovara,lilla08@example.com,Gumme,2024-05-31
2679,Pier Dossetti,adelasia21@example.net,Montorio Romano,2024-11-06
2680,Victoria Tutino,filippomarrone@example.org,Vernante,2025-09-01
2681,Lucrezia Pontecorvo,casalegianni@example.com,San Giovanni In Croce,2024-06-02
2682,Marina Zaccardo,agovoni@example.net,Tregozzano,2026-08-10
2683,Sig. Federico Schiaparelli,mazzeoloretta@example.net,San Clemente,2023-12-03
2684,Sergius Cabrini-Maglio,amicofoconi@example.com,Roncrio,2025-10-09
2685,Dott. Giorgia Golgi,mazzacuratiaria@example.net,Capolago,2024-05-19
2686,Viridiana Moschino-Gottardi,michelottotrezzini@example.org,Biandronno,2024-03-26
2687,Dott. Imelda Cilibrasi,fagianipaola@example.net,Golasecca,2024-07-03
2688,Sig. Calogero Vigorelli,gualtierichiara@example.org,Santu Lussurgiu,2025-08-16
2689,Lilla Camilleri-Cardano,rismondoliberto@example.net,Calvi,2026-05-13
2690,Roman Verdi,biagio32@example.org,Gromlongo,2023-12-12
2691,Gianfranco Ferrara,martinotogliatti@example.net,Sant'Agata Li Battiati,2024-07-05
2692,Greca Berengario-Santorio,ferragamogiuseppe@example.net,Coverciano,2025-12-09
2693,Amalia Antonucci,guidochindamo@example.net,Montaquila,2025-09-13
2694,Flavia Alboni,lucreziabarillaro@example.org,Litta Parodi,2024-01-01
2695,Sig. Delfino Bongiorno,armellinifabio@example.org,Tor Sapienza,2024-03-13
2696,Melissa Bramante,mortatigiustino@example.org,Tramonti,2024-03-29
2697,Bianca Pellegrini,fortunata13@example.com,Staffoli,2026-02-12
2698,Ennio Angeli,argentogiosue@example.org,Marana Di Montereale,2025-01-02
2699,Annibale Combi,claudiotrapanese@example.com,Martinsicuro,2026-05-03
2700,Annibale Villadicani,mirko84@example.com,Dattilo,2025-02-05
2701,Loredana Taliercio,mondainiberenice@example.com,Montemonaco,2025-01-30
2702,Costantino Belletini-Columbo,azeglio31@example.com,Zungoli,2026-04-08
2703,Durante Giovine,cianciologreca@example.net,Poggioferro,2026-07-30
2704,Fabrizia Curci-Malaparte,ippazio54@example.org,Ottava,2025-05-10
2705,Gelsomina Coppola-Caccianemico,rubbiafilippo@example.net,Giuliano Teatino,2024-07-06
2706,Piero Finetti,osvaldo97@example.com,Agaggio Inferiore,2025-04-24
2707,Pina Ajello,wnavone@example.net,Samassi,2025-03-03
2708,Alfredo Endrizzi,ubertocrespi@example.org,Treglio,2025-12-11
2709,Dott. Cesare Accardo,oleonetti@example.com,Lauro Di Sessa Aurunca,2024-11-12
2710,Fedele Barzini,zcabibbo@example.org,Piastre,2025-01-02
2711,Aurora Lattuada,robertopagliaro@example.net,Montecastelli Umbro,2025-07-25
2712,Girolamo Bonomo,annibaleolivetti@example.net,Altedo,2024-07-04
2713,Ricciotti Bertolucci-Sagnelli,vpolani@example.org,Taglio Di Po,2024-03-15
2714,Piero Gualtieri,eortese@example.com,Calvi Risorta,2025-12-15
2715,Luigina Giradello,tduodo@example.com,Capriano Del Colle,2025-03-02
2716,Flora Zito,benedettomartinelli@example.org,Trefontane,2023-10-26
2717,Stefani Carullo,jpuccini@example.org,Bedollo,2026-08-29
2718,Salvi Stoppani,amletoacerbi@example.org,Montano,2026-09-12
2719,Antonia Boiardo,amletosamele@example.org,Torchiara,2024-04-28
2720,Luca Ruberto,saverio78@example.net,Torsa Di Pocenia,2025-12-07
2721,Puccio Marazzi,granatelligriselda@example.net,Tassarolo,2024-12-26
2722,Sig. Arturo Zaccagnini,baresigiulia@example.org,Santo Stefano In Vairano,2023-12-28
2723,Valeria Boldù,adele18@example.org,Martelletto,2024-11-05
2724,Rodolfo Mannoia,malipierodante@example.com,Volvera,2026-05-06
2725,Dott. Amanda Nosiglia,eva87@example.com,Taureana,2024-03-01
2726,Raffaele Cuomo,vezzalimaria@example.org,Nusco,2024-04-21
2727,Silvio Rusticucci,avecellio@example.org,Montiggl,2025-01-21
2728,Luigina Maspero,gianluca21@example.net,Corvara In Badia,2025-11-17
2729,Giosuè Aporti,tognazzifiorino@example.com,Lumezzane,2026-01-06
2730,Marta Trobbiani,omercalli@example.net,Castelnuovo Di San Pio Delle Camere,2025-11-24
2731,Margherita Renier,marsilipina@example.net,Cervesina,2025-04-06
2732,Viridiana Orlando,lcastiglione@example.org,Bellocchi,2025-04-28
2733,Irma Iadanza,hcasale@example.org,Santa Luce,2026-01-22
2734,Dott. Fulvio Paruta,fabrizioavogadro@example.net,Ponte Ronca,2026-01-28
2735,Nadia Carullo,valeria50@example.com,Santo Padre Delle Perriere,2023-10-03
2736,Sonia Cherubini,tariosto@example.com,Moruzzo,2026-09-09
2737,Sophia Scarpetta-Vercelloni,yzoppetto@example.org,Collemoresco,2026-08-22
2738,Vincenza Marini,znievo@example.net,Lagonegro,2026-07-10
2739,Dott. Beatrice Ferrucci,kdoria@example.com,Ruvo Di Puglia,2024-09-11
2740,Sig. Pierangelo Giolitti,caterina91@example.com,Fratta,2024-05-14
2741,Lauretta Veneziano,leonardomercadante@example.com,Vieyes,2026-02-22
2742,Pasquale Metella,romana27@example.com,Leonforte,2024-03-27
2743,Letizia Trombetta-Andreotti,sleblanc@example.com,Petruro Irpino,2025-04-02
2744,Maria Bocelli-Romiti,mfantozzi@example.com,Ronchena,2026-07-27
2745,Piermaria Randazzo,antoniaabatantuono@example.net,Mompeo,2026-02-19
2746,Dott. Alessandra Renier,gianfrancescogemito@example.org,Montefalcione,2026-01-04
2747,Ivan Telesio,maria63@example.net,Francavilla Fontana,2025-08-23
2748,Dott. Aurora Rossi,stefanellihugo@example.com,Arzachena,2025-09-20
2749,Tiziana Guarneri-Pellico,schiaparelligiulio@example.org,Rio Marano,2026-04-08
2750,Agnolo Raurica,ninettamazzanti@example.net,Salurn,2024-12-21
2751,Uberto Fornaciari,romeo33@example.net,Licodia Eubea,2025-07-09
2752,Gustavo Antonini-Salieri,eminiati@example.com,Borgo Rivola,2024-10-25
2753,Vittorio Luxardo,piergiorgioluria@example.org,San Donato Fronzano,2026-04-18
2754,Clelia Argan,girolamo71@example.org,Vicoforte,2023-11-23
2755,Laureano Flaiano,hluna@example.net,Bombiana,2024-06-14
2756,Lando Stradivari,chechifiorenzo@example.net,Pieris,2026-05-09
2757,Raffaele Barsanti,maldobrandi@example.com,Lugo,2024-03-15
2758,Gaetano Marino,matteo69@example.net,Villascorciosa,2024-04-20
2759,Manuel Eco,manacordaluciano@example.com,Casteldilago,2024-11-02
2760,Natalia Casale,gottardichiara@example.com,Isola Del Liri,2026-05-09
2761,Annetta Boiardo,sordigilberto@example.org,Pruno,2025-06-25
2762,Etta Ubaldi-Ossani,zamengoantonietta@example.net,Saline Joniche,2025-05-25
2763,Luigina Monti,cutulinino@example.net,Martirano Lombardo,2024-12-21
2764,Cesare Iannotti,baldassare11@example.org,Prissiano,2023-10-03
2765,Galasso Pincherle,pomponioaldobrandi@example.com,Santa Lucia,2025-09-26
2766,Federico Franzese,wmarinetti@example.net,Laggio Di Cadore,2025-02-17
2767,Orlando Ceravolo,mariano95@example.net,Tempio Pausania,2024-08-25
2768,Sergius Rubbia,mauropavanello@example.org,Bieno,2025-03-20
2769,Costantino Muti,jbandello@example.com,Sennariolo,2024-03-28
2770,Romina Pennetta,gualtierialfredo@example.net,Vanzone Con San Carlo,2025-03-07
2771,Sig.ra Maria Porzio,mariogibilisco@example.net,Figino Serenza,2024-06-24
2772,Viridiana Gagliano,dtoninelli@example.net,Torri Di Quartesolo,2024-09-11
2773,Sig. Alberto Mazzini,gelliantonia@example.net,Cicciano,2024-01-03
2774,Zaira Paganini,raffaeleschiaparelli@example.net,Etabloz,2025-01-31
2775,Sig. Enzo Travia,salvatoredurante@example.net,Montegrosso D'Asti Stazione,2026-03-16
2776,Arsenio Paoletti,piergiorgioversace@example.com,Ferla,2024-08-05
2777,Alessandra Gramsci,marenziolorenzo@example.net,Cirello,2024-08-03
2778,Liliana Novaro,vianellorembrandt@example.org,Maropati,2025-10-24
2779,Ezio Antonello,ritarighi@example.com,Bevagna,2024-08-21
2780,Benito Sermonti,valentinapiovani@example.net,San Giorgio Monferrato,2024-08-08
2781,Marcella Rinaldi,ludovico72@example.com,Bruzzano Zeffirio,2023-12-31
2782,Camillo Parmitano-Toso,egaliazzo@example.org,Roccafranca,2026-01-21
2783,Federica Andreozzi,dchiesa@example.com,Randazzo,2026-03-01
2784,Fabia Santi,bianca84@example.com,Castell'Arquato,2025-04-09
2785,Dott. Eugenia Naccari,guglielmovalmarana@example.org,Albavilla,2024-06-14
2786,Sig.ra Concetta Interiano,chiappettafederigo@example.net,Fonni,2026-01-12
2787,Giampiero Contrafatto,lernerfiorenzo@example.com,Monte Cerignone,2025-12-19
2788,Sig.ra Stefani Antonelli,doglioniosvaldo@example.org,Vöran,2024-08-07
2789,Sig. Giuliano Marrone,alfredo09@example.org,San Leo,2026-09-20
2790,Gionata Oscuro,flaianograziella@example.org,Kolfuschg,2025-05-27
2791,Loredana Pastine,magliocarla@example.net,Favignana,2025-04-21
2792,Dott. Camillo Tafuri,gioachinofilippini@example.net,Candiolo,2024-08-06
2793,Natalia Lucarelli,gioachino23@example.net,Curinga,2024-10-28
2794,Mario Bragadin,maria03@example.net,Apice Nuovo,2023-12-15
2795,Vincenza Galilei,ramona21@example.com,San Pietro Di Cavarzere,2023-10-11
2796,Flora Bombieri,vmeucci@example.org,Bisacquino,2025-12-05
2797,Azeglio Vasari,falconeachille@example.com,Scansano,2024-09-29
2798,Sig.ra Sonia Interminelli,comissopierina@example.net,Imponzo,2025-08-24
2799,Gioele Cimarosa,vinterminei@example.net,Monreale,2025-06-16
2800,Ranieri Giacconi,longhenagiorgia@example.org,Caldonazzo,2025-02-12
2801,Dott. Ansaldo Gulotta,einaudirita@example.com,Senis,2026-08-19
2802,Amalia Fantozzi-Giannetti,pierluigirismondo@example.org,Vallebruca,2025-05-18
2803,Vanessa Frescobaldi,ida32@example.net,Voltago Agordino,2025-01-03
2804,Ninetta Combi-Ciampi,romeotraetta@example.com,None,2025-07-07
2805,Milo Canil-Zabarella,giacomettijolanda@example.net,Thuins,2025-06-20
2806,Dionigi Faranda,goldonibarbara@example.org,Marchesino,2026-06-29
2807,Dott. Lilla Beccheria,pontecorvoantonia@example.com,Ponte Selva,2024-02-10
2808,Nedda Angiolello,gradenigonico@example.com,Nesima Superiore,2024-05-07
2809,Marcella Montessori,obosurgi@example.org,Oria,2024-06-30
2810,Beppe Verdi,giacomodurante@example.com,Stazzo,2025-10-29
2811,Dario Verga,fantonello@example.net,Castiglione Del Lago,2024-08-09
2812,Graziella Ferrara-Contrafatto,hrinaldi@example.net,Contarina,2024-01-14
2813,Graziano Vergerio-Viola,maria03@example.com,Castel Ritaldi,2025-12-24
2814,Dott. Donatella Brancaccio,ottone88@example.com,Emarese,2024-12-27
2815,Micheletto Farinelli,ngozzano@example.net,Fossacesia Marina,2025-01-20
2816,Enzio Udinese,treccanigianna@example.org,Bagni Nuovi Di Bormio,2025-08-30
2817,Susanna Gaiatto,brossi@example.org,Rapino,2023-12-12
2818,Cesare Milanesi,dnorbiato@example.net,Bolzano Novarese,2025-08-20
2819,Marissa Maglio-Abbagnale,neccigiancarlo@example.net,Nocera Umbra,2025-10-18
2820,Giuseppina Garozzo,milocamilleri@example.net,Geromina,2023-10-01
2821,Nina Michelangeli,mercedes48@example.com,Atrani,2026-05-05
2822,Virginia Paolini,matildaantonetti@example.com,Sitagliacciu,2023-12-09
2823,Antonio Ughi,baccio93@example.com,Rocchetta Tanaro,2024-05-18
2824,Livia Bassi,arnaldo80@example.org,Suvereto,2025-10-22
2825,Danilo Giannetti,alina81@example.com,Santa Croce Cervasca,2026-08-23
2826,Sante Pigafetta-Bottaro,tanzinimarcantonio@example.com,Ponticello,2025-12-27
2827,Dott. Michele Tozzo,grimaniraffaella@example.org,Barbaiana,2025-04-17
2828,Sig.ra Griselda Quasimodo,coriolano39@example.com,Sant'Amato,2026-02-11
2829,Sig.ra Gabriella Grimani,pisacaneantonio@example.com,Thuins,2026-03-12
2830,Sig.ra Beatrice Barcaccia,mattiafranceschi@example.com,Pontedassio,2023-12-05
2831,Vittoria Schiaparelli-Vento,alessia90@example.com,Caniparola,2024-03-25
2832,Azeglio Parisi-Desio,filippacesaroni@example.org,Mariglianella,2025-12-29
2833,Dott. Giuliano Calgari,giuliana91@example.net,Chiaverano,2025-09-24
2834,Lidia Poerio,xsobrero@example.com,Ca' Raffaello,2025-08-15
2835,Angelo Taliercio,pragaolga@example.org,San Felice A Cancello,2026-03-12
2836,Liana Righi,tonino84@example.org,Villaggio Brollo,2024-10-18
2837,Ornella Marsili,xruberto@example.org,Santa Caterina Villarmosa,2026-05-05
2838,Dolores Polesel,wgibilisco@example.com,Saludecio,2024-07-19
2839,Sig.ra Simonetta Cimini,pasquale69@example.org,Gropparello,2025-06-09
2840,Maria Catenazzi,graziella06@example.org,Fabrica Di Roma,2026-08-17
2841,Flavio Falcone,dproietti@example.org,Casalazara,2024-09-13
2842,Rossana Ficino,imeldatresoldi@example.org,Castellamonte,2026-06-21
2843,Cassandra Montanelli,wcamuccini@example.org,Foglia,2023-11-30
2844,Nicola Pedroni-Galvani,bersanisergius@example.com,Montegabbione,2026-07-12
2845,Angelina Leopardi-Maspero,rbarberini@example.org,Montedoro,2024-09-19
2846,Claudia Mercadante,fernanda92@example.net,Soverato Marina,2023-12-22
2847,Giulia Guarato,rodolfo68@example.com,Bella,2025-01-04
2848,Emma Magrassi,solericcardi@example.com,Varcaturo,2023-10-18
2849,Durante Montalcini,robertocampano@example.net,Meldola,2025-05-28
2850,Amico Castelli,ferrarifedele@example.com,Caspoli,2026-04-22
2851,Fernanda Matteotti,ariabevilacqua@example.com,Peio,2024-06-04
2852,Viridiana Baroffio,francovianello@example.com,Vallanzengo,2024-12-02
2853,Erika Ceci,ruggiero46@example.org,Stiava,2026-05-12
2854,Fiorino Berlusconi,xangiolello@example.com,Dorsoduro,2024-06-17
2855,Dott. Lolita Corbo,mannoiaerika@example.org,Osmate,2024-06-21
2856,Gino Vendetti,diana95@example.org,Allein,2025-11-19
2857,Allegra Sabbatini,geracianita@example.org,San Michele Di Pagana,2023-12-16
2858,Ferdinando Panatta,costantino86@example.net,St. Valentin a. d. H.,2025-12-21
2859,Antonello Cipolla,ranieri50@example.org,Marano Principato,2025-08-16
2860,Dott. Melissa Zabarella,antonello30@example.com,Monte Di Mezzo,2023-10-19
2861,Tiziano Cignaroli,gottardivincenza@example.org,Marineo,2026-07-29
2862,Riccardo Bernardini-Cicilia,dalmagia@example.org,Montescheno,2026-03-22
2863,Greca Palladio,mseddio@example.com,Livorno Ferraris,2024-01-26
2864,Amleto Padovano,pcastellitto@example.net,Fossato Di Vico Stazione,2024-05-10
2865,Eva Ceci,ferdinando25@example.net,Santa Severa,2025-12-10
2866,Giampaolo Lanfranchi,gianfrancesco19@example.com,Borgomanero,2025-05-26
2867,Luigina Ziani,enniogramsci@example.org,Colere,2024-06-13
2868,Annibale Morosini,beatriceborzomi@example.net,Monasterolo,2025-06-28
2869,Eva Baresi,redigiancarlo@example.org,Salerno,2024-06-21
2870,Germana Celentano,ulucchesi@example.com,Forcella,2024-09-13
2871,Antonina Sforza,enzo29@example.net,Uria,2024-05-30
2872,Annetta Ferrazzi,peruzziruggero@example.net,Moncioni,2023-10-25
2873,Giulietta Falcone,rpedroni@example.com,Spezzano Piccolo,2025-01-16
2874,Michela Barbarigo,gibiliscocamilla@example.com,Idro,2025-03-08
2875,Victoria Polesel-Padovano,giulianaiadanza@example.com,Vernole,2025-06-28
2876,Vanessa Monaco,alphons06@example.com,Cosina,2024-09-26
2877,Flavia Pacomio,nataliagrassi@example.com,Burago Di Molgora,2024-11-18
2878,Giulia Giorgetti,finzipierpaolo@example.org,Calosso,2024-02-22
2879,Valeria Gangemi,salvatore17@example.net,Savelli,2024-12-03
2880,Melina Trotta,jliguori@example.net,Tiana,2024-12-20
2881,Zaira Combi,obianchini@example.net,Lugo Di Grezzana,2025-04-30
2882,Dolores Foa,oreste59@example.com,Bagnaia,2025-01-05
2883,Emma Malatesta,giovanni61@example.com,Cadimare,2024-09-12
2884,Luciano Tarchetti,raffaellocossiga@example.org,Arena Po,2025-06-29
2885,Bettina Finzi,qzeffirelli@example.net,Farra Di Soligo,2023-10-13
2886,Adele Milanesi,jacuzzivalentina@example.org,Sannicola,2024-04-01
2887,Clelia Comolli-Giorgetti,ggolgi@example.com,Melissa,2025-06-10
2888,Eraldo Toselli,daria06@example.org,Ascrea,2023-10-24
2889,Anita Magrassi,colucciofoa@example.com,Apecchio,2023-10-16
2890,Umberto Argan,giuseppe01@example.com,Tregozzano,2025-12-24
2891,Eva Malaparte,adelmo10@example.org,Palmadula,2025-01-12
2892,Liliana Forza,dtreccani@example.org,Mazzarino,2025-01-10
2893,Ferdinando Terragni,goldsteincesare@example.org,Penna Sant'Andrea,2024-09-03
2894,Severino Zacco,aria02@example.net,Piancogno,2024-08-11
2895,Daria Goldoni-Casagrande,michelafranscini@example.org,Madonna Di Buonviaggio,2023-12-11
2896,Lamberto Vianello,mgibilisco@example.org,Villagreca,2025-03-07
2897,Chiara Boezio,pisacanerenzo@example.org,Frassilongo,2026-04-04
2898,Vanessa Balbo,oargento@example.net,Santa Maria Di Piave,2023-10-04
2899,Fabia Dossetti,garibaldipriscilla@example.org,Villanova D'Asti Stazione,2024-05-26
2900,Panfilo Sagredo,marcellogovoni@example.org,Acquaseria,2026-07-22
2901,Gino Omma,greco93@example.com,Luzzana,2026-05-10
2902,Marina Crispi-Cicilia,amadeo58@example.org,Boscochiaro,2026-08-19
2903,Eliana Rossetti,wnicolini@example.org,Strada In Chianti,2024-09-28
2904,Giuseppina Rastelli,toscaniilaria@example.org,Fiesse,2024-09-12
2905,Lodovico Trussardi,bereniceonisto@example.org,Serra Sant'Abbondio,2024-11-05
2906,Vincenza Volta,boiardoludovico@example.org,Agugliaro,2026-03-27
2907,Goffredo Pace,guidottiantonia@example.com,Gorlago,2025-07-10
2908,Giuseppe Offredi,amalianolcini@example.net,San Matteo Della Decima,2025-12-12
2909,Sig.ra Letizia Pareto,giorgioroth@example.com,Palomonte,2025-03-13
2910,Mariano Romagnoli,wflaiano@example.net,Nervi,2025-01-05
2911,Luciana Monte,olga95@example.com,Cittaducale,2026-01-31
2912,Caterina Rizzoli,graziano43@example.org,Vobbia,2024-06-09
2913,Sig.ra Priscilla Respighi,xtognazzi@example.org,Lamie Di Olimpie,2023-12-18
2914,Corrado Spinola,beccariaalessandro@example.net,Borgo Sant'Antonio Abate,2023-11-29
2915,Nino Bernardi-Mercadante,diana40@example.com,Terradura Di Ascea,2026-07-24
2916,Fernanda Saragat,romeofilippini@example.com,Lamadacqua,2026-08-19
2917,Severino Caccianemico,orlandoamico@example.net,Olzai,2024-11-30
2918,Ninetta Cavalcanti,agnolo18@example.org,Borgolavezzaro,2026-03-14
2919,Tiziana Montanari,nsantoro@example.org,Giai,2025-08-31
2920,Domenico Bocca-Mantegazza,amedeopalmisano@example.org,Colletorto,2023-11-27
2921,Alberto Carocci,maurilio02@example.org,Frigole,2026-03-21
2922,Pina Procacci,benedettosraffa@example.org,Grotti Di Cittaducale,2025-03-17
2923,Romolo Zamengo,albericocomeriato@example.com,Albosaggia,2025-12-06
2924,Bianca Flaiano,kbertoni@example.org,Rua,2026-04-16
2925,Laura Gemito,papettibernardo@example.org,Castelnuovo Fogliani,2024-05-28
2926,Imelda Gucci,tariasso@example.org,Cella Dati,2024-03-10
2927,Dott. Roman Filzi,sperifiorino@example.org,Saline Di Volterra,2026-08-27
2928,Dott. Simone Ruffini,patrizio02@example.org,Stazzona,2024-05-26
2929,Dott. Vanessa Capuana,maurilio73@example.net,Pralboino,2026-03-04
2930,Priscilla Paolucci,saffimorena@example.net,Niardo,2025-06-17
2931,Raimondo Pacomio,allegratrebbi@example.org,Treville,2023-09-23
2932,Bianca Gremese-Morrocco,mozartsabatino@example.com,Azzago,2026-09-17
2933,Germana Nosiglia-Collina,olga95@example.org,Cittaducale,2024-11-06
2934,Dott. Pasquale Giunti,ctrincavelli@example.com,Wengen/La Val,2025-05-02
2935,Gianfranco Baroffio,alessia31@example.com,Pieve Di Compito,2024-11-07
2936,Dott. Monica Goldstein,ottone64@example.org,Luino,2026-09-14
2937,Gabriella Bevilacqua-Cassarà,bareseugolino@example.com,Castello Tesino,2024-02-23
2938,Piersanti Pertile,giampaolo76@example.net,Colfelice,2025-11-12
2939,Liberto Sorrentino,pistolettonicolo@example.com,Valestra,2025-10-29
2940,Fabrizio Valentino-Angeli,marinocostanzo@example.net,Omegna,2023-10-05
2941,Mariana Soderini,donatosperi@example.com,Casabona,2025-09-06
2942,Giuliana Sauro,wmonaco@example.com,Buonabitacolo,2025-06-03
2943,Michela Bottaro,ibeccheria@example.com,Livo,2025-02-19
2944,Ferdinando Rapisardi,berenicecarriera@example.net,Solarussa,2023-09-27
2945,Salvi Mogherini,michelotto71@example.com,Terrenove Bambina,2025-07-23
2946,Ermanno Mozart,fabiobellini@example.net,Santena,2024-01-23
2947,Paoletta Molesini,puglieserita@example.org,Paderno Ponchielli,2023-12-22
2948,Camilla Garibaldi,matteo24@example.com,Gorle,2026-04-25
2949,Ernesto Finotto,icampise@example.net,San Martino Pizzolano,2023-10-06
2950,Adriana Toscanini-Venturi,argentolodovico@example.org,Baudenasca,2024-07-30
2951,Paulina Samele,pierina70@example.org,Orzano,2024-03-28
2952,Sig. Silvestro Garobbio,scarpettamichela@example.org,Baldasseria,2024-06-13
2953,Micheletto Gentilini,valeriacaccioppoli@example.com,Fugazzolo,2024-12-13
2954,Adriano Morlacchi-Baresi,loretta24@example.net,Savazza,2024-01-26
2955,Giacinto Santoro-Gonzaga,sloredan@example.net,Santa Maria In Selva,2025-06-10
2956,Elena Almagià,marcantonio35@example.org,Altomonte,2025-02-21
2957,Gioffre Santorio,amalia91@example.org,Nardo',2025-08-19
2958,Gianluca Canetta,manuntamaurilio@example.org,Stellata,2025-12-29
2959,Sig. Fiorino Pacetti,annalisa74@example.net,Vallemare,2024-06-22
2960,Mirko Rossetti,dinamorosini@example.org,Forno D'Ono,2026-03-12
2961,Paolo Veneziano-Solimena,mirco38@example.com,Gubbio,2024-11-26
2962,Dott. Fiorenzo Varano,epetrucelli@example.com,Campi Bisenzio,2026-05-27
2963,Veronica Platini,itamborini@example.net,Delianuova,2025-10-05
2964,Calogero Crispi,asprucciteresa@example.org,Transacqua,2024-09-27
2965,Alfio Conti,gbusoni@example.com,Scheggino,2025-01-28
2966,Sig.ra Nedda Golino,qungaretti@example.com,Magliano Alpi Soprano,2026-07-14
2967,Ninetta Musatti-Samele,clelialovato@example.org,Pognana Lario,2024-02-04
2968,Gloria Soderini,cignarolililiana@example.net,Borgo Isonzo,2024-06-27
2969,Ilaria Brugnaro,ermenegildo76@example.org,Varano Dei Marchesi,2024-04-02
2970,Dott. Rosa Dellucci,claudio31@example.org,Correzzana,2024-08-31
2971,Luciana Comolli,barbarigosalvi@example.org,Crespina,2026-08-18
2972,Sonia Caironi,ignazio51@example.net,Fusignano,2025-02-20
2973,Galasso Fiorucci,modianoubaldo@example.com,Treviso Bresciano,2024-10-13
2974,Flavia Cheda-Brunelleschi,calvoeugenia@example.net,Donnafugata,2023-12-19
2975,Romolo Bacosi,rastelliignazio@example.net,Letojanni,2025-04-24
2976,Teresa Iacobucci-Mazzeo,gaetano51@example.net,Boi,2024-01-18
2977,Dott. Fiorino Mantegazza,sabatino50@example.org,Barcarola,2025-06-13
2978,Tonino Bosurgi,ignazio38@example.org,Anagni,2024-08-17
2979,Dott. Alessandra Ponti,zcianciolo@example.com,Cascine,2024-06-29
2980,Irma Galeati,qgrifeo@example.net,Bedonia,2026-08-15
2981,Stefano Balbi,cherubinilamberto@example.net,Ceto,2025-01-06
2982,Dott. Rosario Orengo,palonzi@example.net,Bulliana,2024-02-24
2983,Pellegrino Dandolo-Grasso,pederivalando@example.org,Paterno,2025-11-01
2984,Gionata Vattimo,tveneziano@example.net,Santa Lucia Uzzanese,2024-04-18
2985,Letizia Federici-Malenchini,eugeniaammaniti@example.org,Leverogne,2024-11-22
2986,Raffaello Fieramosca,vitosantorio@example.net,Mocaiana,2024-02-12
2987,Flavio Mazzacurati-Casale,cgiulietti@example.org,Porto D'Adda,2024-05-02
2988,Franco Gualandi,lucianazoppetti@example.com,Isolaccia,2025-06-30
2989,Liana Gadda,mazzantileone@example.org,Citta' Della Pieve,2025-03-23
2990,Maurilio Regge-Moneta,piermaria65@example.com,Monte Amiata,2024-05-24
2991,Massimo Gabbana,flavia66@example.net,San Giacomo Degli Schiavoni,2025-03-14
2992,Amico Anguillara,donatellaabba@example.net,Abbadia Lariana,2024-05-02
2993,Eleanora Stefanelli,griseldacicilia@example.com,Premosello Chiovenda,2026-02-19
2994,Dott. Nadia Castioni,danilo73@example.net,San Benedetto Vecchio,2025-03-06
2995,Giorgia Moretti,cristina98@example.com,Calvaruso,2024-10-24
2996,Fiorenzo Giannini-Cundari,mattarellapier@example.com,Teis,2026-03-18
2997,Melissa Cassarà,egaggini@example.com,Villaggio Madonna Delle Grazie,2025-01-03
2998,Romolo Cesaroni,ivan34@example.com,Ossi,2025-04-10
2999,Pasquale Gabrieli,rosariacarullo@example.com,Ponterosso,2023-10-05
3000,Sig.ra Lara Trapani,rcimarosa@example.com,Tiridduli,2023-12-04
3001,Lilla Modiano,ezio05@example.net,Figline Di Prato,2026-03-31
3002,Piersanti Gentileschi-Palombi,biancaargan@example.org,Unsere liebe Frau i. W.,2025-10-15
3003,Giuseppina Palmisano,zpoerio@example.org,Massa Finalese,2025-09-13
3004,Allegra Veltroni,bernardozoppetti@example.org,Ispani,2024-12-05
3005,Armando Caccioppoli,segredanilo@example.org,Samo,2024-04-28
3006,Irma Foà-Brugnaro,tizianacamuccini@example.net,Malpensata,2024-03-29
3007,Agostino Accardo,cpavanello@example.net,Briatico,2026-05-23
3008,Durante Bossi,teresa57@example.net,Leofara,2026-03-09
3009,Sophia Musatti,baccio41@example.com,Pescina,2026-06-09
3010,Ramona Balbo,sergius97@example.net,Schio,2026-03-25
3011,Bianca Ginesio,cabrinilivia@example.org,Bienate,2025-03-27
3012,Dionigi Verga,griccardi@example.com,Pratora Sarrottino,2024-09-27
3013,Dina Fabrizi,dpiccio@example.net,San Quirico D'Orcia,2024-10-24
3014,Caterina Renzi-Maggioli,raffaele15@example.com,Raviscanina,2024-08-27
3015,Amalia Dovara,cossigapaloma@example.net,Pianiga,2024-03-28
3016,Romolo Fallaci,neddaferrabosco@example.net,Livorno,2026-04-20
3017,Patrizia Querini,romanmorpurgo@example.net,Rovereto Sulla Secchia,2023-12-05
3018,Atenulf Battelli,laura71@example.org,Mezzoldo,2025-10-17
3019,Severino Barracco,guarnerimarta@example.net,Podresca,2025-08-08
3020,Dott. Gionata Disdero,matildapanatta@example.org,Cellamare,2025-03-18
3021,Rossana Traversa,sabatinolittizzetto@example.net,Carpinello,2025-07-25
3022,Susanna Curatoli,valguarneramatteo@example.com,Ville Di Corsano,2024-10-09
3023,Sig.ra Marcella Niscoromni,tscotti@example.org,Rimella,2025-11-17
3024,Baccio Pizzo,veronicacaruso@example.com,Casez,2026-01-11
3025,Claudio Bompiani,wtrezzini@example.net,Portopalo Di Capo Passero,2025-08-20
3026,Sig. Durante Porzio,gianni85@example.net,Sant'Angelo In Mercole,2024-08-24
3027,Patrizio Bragaglia,ococci@example.net,Crissolo,2025-08-17
3028,Giacobbe Cundari,qpucci@example.org,Tadasuni,2026-07-16
3029,Fulvio Zetticci,viscontienzio@example.com,Montesilvano,2024-10-23
3030,Ottone Benussi,enzioloredan@example.org,Marino,2025-03-07
3031,Niccolò Montanelli,htoninelli@example.com,Fosso Ghiaia,2024-07-28
3032,Luigi Sabatini-Cicilia,dstorladi@example.net,Revislate,2025-11-11
3033,Veronica Visconti,ronaldo65@example.net,Cortenova,2026-01-07
3034,Rembrandt Bonino-Greco,priscillatanzini@example.com,Soriano Nel Cimino,2024-03-13
3035,Paola Muratori,laureano67@example.net,Monasterolo,2024-03-28
3036,Melissa Trezzini,rosarioziani@example.com,Bollengo,2024-03-23
3037,Dott. Nedda Pignatti,mariabotticelli@example.net,Fagnano,2023-10-28
3038,Serena Matteotti-Govoni,villadicaninicola@example.com,Torbole,2024-07-16
3039,Napoleone Dulbecco,alfieriermanno@example.net,Sanguinetto,2025-01-07
3040,Raimondo Babati-Mocenigo,lucaferrabosco@example.com,Rivotorto,2024-02-16
3041,Silvestro Petrucci,gemma06@example.org,Arpaia,2024-06-18
3042,Marina Zoppetto,valentina11@example.org,Vilminore Di Scalve,2025-01-15
3043,Sig. Cesare Monte,priscillaligorio@example.com,San Giorgio Di Crognaleto,2025-04-15
3044,Livia Buscetta,yrinaldi@example.net,Campil,2025-01-16
3045,Annalisa Piacentini,ezio77@example.org,Monsoreto,2026-03-10
3046,Ugo Tolentino,gabbanaraffaello@example.com,Aspio Terme,2024-11-19
3047,Tiziano Interminei,mircocendron@example.com,Pedescala,2025-05-01
3048,Angelina Foletti,costantino60@example.com,San Savino Di Monte Colombo,2025-07-08
3049,Pasqual Segrè,luca95@example.net,Blessano,2025-08-27
3050,Monica Battaglia,maria23@example.org,Monteponi,2025-05-06
3051,Laura Ritacca,zaira05@example.net,Cortino,2026-01-25
3052,Martina Ludovisi,carmellini@example.org,Lappach,2025-08-18
3053,Ugolino Toselli,elianaporzio@example.org,Dazio,2026-04-19
3054,Panfilo Magrassi,federicolaura@example.com,Celenza Valfortore,2025-03-04
3055,Patrizio Gozzano,ypergolesi@example.net,Caltagirone,2025-03-05
3056,Laureano Oscuro,susanna59@example.org,Tredozio,2025-01-05
3057,Patrizio Monicelli,olga61@example.net,Dogaro,2025-10-03
3058,Marissa Zabarella,angiolelloermenegildo@example.com,Madonna Della Neve,2023-10-19
3059,Fiorenzo Zarlino,krinaldi@example.net,Monticello D'Alba,2024-08-26
3060,Adelasia Golino-Bazzi,qrusticucci@example.com,Pracorno,2026-08-29
3061,Giovanna Cappelli-Jilani,ocardano@example.net,Monteforte Cilento,2024-02-16
3062,Bianca Leonetti,hzetticci@example.org,Tavernola,2024-08-04
3063,Giustino Brenna,ubulzoni@example.net,Cascine San Pietro,2024-05-18
3064,Martino Martucci,annunziata48@example.com,Carrassi,2025-03-14
3065,Barbara Borgia,palomadoria@example.net,Pila,2023-12-03
3066,Agostino Trupiano,ricciotti84@example.org,Pioppi,2025-03-31
3067,Pina Infantino,serafina04@example.com,Sassostorno,2026-09-20
3068,Micheletto Fiorucci,aguarato@example.com,Usigliano,2024-11-27
3069,Laureano Fogazzaro,giadavalentino@example.org,Suello,2025-09-04
3070,Nicoletta Spinola,elvira34@example.org,Corzano,2026-09-18
3071,Dott. Tonino Scaramucci,gianlucachindamo@example.com,Villa Basilica,2023-12-15
3072,Natalia Toselli,franzeseumberto@example.org,Spartimento,2023-12-28
3073,Lucia Galeati,acarnera@example.org,Lezzeno,2023-11-18
3074,Sig. Raffaello Guarato,marcello32@example.net,Pfitsch,2024-12-10
3075,Amedeo Ceci,nicolalancisi@example.com,Tignale,2025-12-02
3076,Donato Iannuzzi,martuccirosina@example.org,Sassa,2024-11-14
3077,Piermaria Comisso,gussonimaria@example.com,Montecorice,2025-01-31
3078,Sebastiano Fiorucci,jpinamonte@example.org,Ripalta Arpina,2023-10-31
3079,Virgilio Piccio-Perozzo,annetta11@example.com,Montescudaio,2025-12-22
3080,Elvira Bernini-Mercadante,xturchetta@example.net,Boccadifalco,2025-07-25
3081,Dott. Enzo Chigi,fiorenzoquerini@example.com,Sicili',2026-04-25
3082,Gioachino Redi,ivo91@example.org,Neumarkt,2026-08-15
3083,Aurora Bersani,iannuccirita@example.net,Flussio,2025-04-06
3084,Saverio Durante,giovannibinaghi@example.org,Monticello Conte Otto,2025-11-03
3085,Giuliana Udinesi,marissajilani@example.com,Coniale,2026-09-02
3086,Sante Pederiva-Rismondo,torquato81@example.net,San Michele Di Tiorre,2024-12-14
3087,Gianmarco Ricciardi,marinamorellato@example.com,Gravina Di Catania,2026-08-15
3088,Germana Ortolani,mirko62@example.org,Busche,2023-11-05
3089,Dott. Ottone Saffi,paolettacantimori@example.org,Sant'Albano Stura,2024-06-08
3090,Dott. Silvia Ughi,ubeccheria@example.net,Loreggiola,2024-02-07
3091,Adamo Niscoromni,stellatrombetta@example.net,Cavedago,2025-09-28
3092,Dott. Ivo Argurio,giannelliteresa@example.org,Motta De' Conti,2025-03-21
3093,Flavia Fabrizi,gianluca12@example.org,Santa Maria Coghinas,2025-10-11
3094,Dante Gabba-Costanzi,camanniloretta@example.org,Pontegrande,2026-06-15
3095,Tina Ruffini,longhenaantonietta@example.net,Paitone,2025-05-28
3096,Dott. Damiano Vercelloni,fermirosaria@example.net,Usmate Velate,2023-10-24
3097,Luchino Serlupi,calogeroguinizzelli@example.com,Montepaone Lido,2024-10-08
3098,Sig. Gianfranco Mascagni,salvatoresismondi@example.net,Cosseria,2024-11-14
3099,Pierangelo Trotta,michelangelisalvi@example.net,Terranova Sappo Minulio,2025-02-28
3100,Stefania Persico,amanda52@example.net,Stanghella,2023-11-16
3101,Dott. Lina Goldstein,viridiana78@example.com,Borsea,2025-07-20
3102,Bianca Rosiello-Gigli,emezzetta@example.com,Le Stiacciole,2024-04-11
3103,Romana Burcardo,kpacillo@example.com,Pozzomaggiore,2026-02-08
3104,Dott. Laura Olivetti,stefanocaracciolo@example.com,Briatico,2023-12-25
3105,Vincenza Broggini,giannafarnese@example.net,Nove,2024-01-20
3106,Sig. Adriano Scarponi,xbaggio@example.org,Vaglio Basilicata,2025-03-19
3107,Marcello Pincherle,liciamarsili@example.net,Masnago,2024-09-29
3108,Luigi Tarantini,antonello03@example.org,Trenno,2024-05-24
3109,Filippo Mantegazza,castiglionebruno@example.com,Bompietro,2024-06-23
3110,Sig.ra Ilaria Olivetti,troero@example.com,Lomello,2024-06-10
3111,Sandro Fantini,riccardo75@example.org,Tesselberg,2025-07-28
3112,Ignazio Fracci,qpincherle@example.org,Solanas,2025-03-30
3113,Dott. Lamberto Boccaccio,castionilazzaro@example.com,Cosio Valtellino,2025-09-19
3114,Giampaolo Fabbri,giovannatrillini@example.org,Settignano,2024-09-13
3115,Durante Piovani,mauriziogagliardi@example.org,San Magno,2023-12-18
3116,Filippa Turci,tizianacossiga@example.org,Gosaldo,2025-04-09
3117,Rolando Marino,cappellirolando@example.org,Ordona,2026-09-01
3118,Salvi Gargallo-Priuli,dariagemito@example.com,Campione,2024-09-24
3119,Pietro Gianinazzi,martino93@example.com,Canosa Di Puglia,2023-10-08
3120,Carlo Mazzeo,jpolesel@example.com,Flumini Di Quartu Sant'Elena,2026-09-15
3121,Fausto Andreozzi,rita56@example.org,Piazzolla Di Saviano,2023-10-12
3122,Michela Zanichelli,fraccilando@example.net,Ronta,2025-05-19
3123,Pellegrino Pisano,cbompiani@example.org,Modigliana,2026-02-01
3124,Michelotto Canova,vgiannini@example.com,Vallarsa,2025-10-16
3125,Dott. Evangelista Rizzo,ysegni@example.org,Concordia Sulla Secchia,2025-12-18
3126,Marta Maderno,esolimena@example.com,Altenburg,2025-06-20
3127,Corrado Padovano-Carpaccio,lauretta77@example.org,Carbonara Di Bari,2026-06-10
3128,Dina Pedersoli,chiara76@example.com,Rossano Stazione,2025-11-03
3129,Stella Legnante,coluccio11@example.net,Cesana Brianza,2024-01-05
3130,Sebastiano Barcella,ltasso@example.net,Prata Di Principato Ultra,2026-08-23
3131,Dott. Carmelo Veneziano,dgiannini@example.org,Cassino,2025-10-24
3132,Stefani Pugliese,graziellacarocci@example.net,Giba,2024-05-05
3133,Giacomo Ottino,napoleonecaironi@example.org,Cartignano,2026-01-22
3134,Gianmarco Nonis-Cherubini,dante90@example.com,Divino Amore,2026-02-19
3135,Romana Onisto-Curatoli,giancarloletta@example.org,Civiglio,2023-11-08
3136,Dott. Alessia Cavalcanti,jdoglioni@example.net,Mormanno,2024-12-27
3137,Pietro Giovine-Columbo,daniele52@example.org,Su Linalvu,2026-03-30
3138,Luigi Galtarossa,tedescogirolamo@example.net,Zugliano,2024-01-19
3139,Pierpaolo Peano-Rusticucci,rantelami@example.org,Comiso,2026-08-09
3140,Ornella Borromini,laureano33@example.net,Sardigliano,2023-11-12
3141,Marina Tacchini,maria23@example.org,Mezzana Salice,2024-08-17
3142,Matilda Tassoni,rmoneta@example.com,Colognola Ai Colli,2026-08-19
3143,Giulia Metella,berenice03@example.org,Cusano Milanino,2025-01-09
3144,Liberto Renault,grazianogibilisco@example.net,Maniace,2024-12-27
3145,Hugo Capuana,carosoneranieri@example.com,Sesto Fiorentino,2026-07-22
3146,Renata Surian,iadanzaamedeo@example.com,Chienis,2024-08-03
3147,Giulia Scarlatti,bettinachiesa@example.net,Moncucco Torinese,2024-05-13
3148,Mario Tafuri-Pacetti,otropea@example.org,Montanara,2026-04-11
3149,Fredo Vezzali,lvitturi@example.org,Dogaro,2024-10-15
3150,Bartolomeo Interminelli,crispialphons@example.org,Varano,2026-04-01
3151,Ezio Fabrizi,franco19@example.org,Simeri Crichi,2024-12-16
3152,Giancarlo Ferragni,vidoniantonino@example.com,Melicucca' Di Dinami,2024-06-01
3153,Cristina Boccherini,beccheriaannamaria@example.org,Sant'Ilario Di Baganza,2026-07-14
3154,Pomponio Salvemini,ernesto73@example.com,Bortigiadas,2024-09-01
3155,Marcella Lucchesi,ivo21@example.org,Borgata Paradiso Di Collegno,2024-02-13
3156,Gianfranco Bevilacqua,aerrigo@example.net,Garbagnate Monastero,2025-11-18
3157,Rosaria Sansoni,raffaeleerrani@example.org,Lavis,2025-09-20
3158,Virginia Chittolini-Schiaparelli,pisanoleopoldo@example.com,Santa Cristina D'Aspromonte,2024-02-24
3159,Loretta Guarana,ipapafava@example.net,Muzzana Del Turgnano,2025-06-10
3160,Piero Cociarelli-Germano,raffaella23@example.com,Mignagola,2025-02-19
3161,Loretta Galeati,mirco32@example.net,Bosia,2024-11-28
3162,Orazio Ligorio,yamaldi@example.com,Campofilone,2025-09-09
3163,Isabella Vanvitelli,nanni16@example.org,Roccabianca,2025-11-01
3164,Dario Buonauro,adrianatencalla@example.net,Barbuglio,2023-10-10
3165,Marco Doglioni-Bosio,alteragiada@example.com,Salitto,2025-04-28
3166,Giorgia Emanuelli,ornellacicala@example.com,Drezzo,2026-08-20
3167,Mercedes Bocca,capecchiemma@example.com,Gruaro,2025-07-27
3168,Greco Bersani,augusto71@example.com,Selva Piana,2023-12-08
3169,Fiamma Parisi,rnadi@example.net,Rivoira,2024-07-21
3170,Filippo Pasolini-Perini,satrianitullio@example.com,Montignoso,2025-09-02
3171,Marisa Alboni,greco95@example.com,Zerbo,2023-10-24
3172,Melania Grasso,adrianoboccioni@example.net,San Leonardo Di Cutro,2024-11-08
3173,Letizia Guglielmi,stefanipetrassi@example.net,Battiferro,2024-11-30
3174,Carmelo Zanazzo,vverdone@example.net,Ceci,2024-09-01
3175,Ninetta Manunta,wbocelli@example.com,Torralba,2025-04-18
3176,Silvia Cappelli,jcignaroli@example.org,Positano,2024-07-18
3177,Sig. Angelo Broschi,gustavo18@example.com,Terranova,2024-07-05
3178,Ugolino Lombroso,treccanipellegrino@example.org,Gomagoi,2024-02-21
3179,Letizia Gasperi,cnorbiato@example.org,Camigliano,2025-10-01
3180,Cassandra Donà,jpanicucci@example.net,Quadroni,2025-08-26
3181,Gastone Pergolesi,rossanasandi@example.com,Moresco,2025-05-13
3182,Dott. Stefano Ferrabosco,liana39@example.org,Caluri,2025-03-06
3183,Puccio Nitti,proiettigian@example.org,Caldogno,2024-07-01
3184,Adelmo Sauro,hpavarotti@example.net,Palata Pepoli,2025-02-27
3185,Annamaria Salvemini,mgrifeo@example.org,Conversano,2024-05-09
3186,Elisa Mondaini,vincenzosatriani@example.org,Monzambano,2024-12-05
3187,Lazzaro Amaldi,umbertomontanari@example.com,Salorno,2024-05-19
3188,Romolo Monaco,azeglio94@example.org,Alessano,2026-07-07
3189,Pompeo Perozzo-Treves,sdisdero@example.org,Stienta,2025-09-03
3190,Uberto Emo-Guarneri,tcherubini@example.com,Taizzano,2026-08-19
3191,Angelina Benussi,alfieriadriana@example.net,Camaro,2025-03-09
3192,Emma Boezio,alfiobragadin@example.com,Tarvisio,2025-04-03
3193,Giancarlo Antonelli,dino52@example.net,Genuri,2025-09-14
3194,Dott. Antonella Pavone,ctomaselli@example.net,Soleminis,2025-03-31
3195,Sig.ra Berenice Rismondo,laccardo@example.com,Plan In Passiria,2026-01-15
3196,Liberto Baggio,lalfieri@example.net,Casatisma,2024-11-13
3197,Goffredo Cuda-Toscanini,jolandameucci@example.com,Castellina In Chianti Stazione,2026-07-12
3198,Sig.ra Elena Tresoldi,sandra15@example.com,Codogno,2024-11-27
3199,Antonina Nolcini,pierolegnante@example.com,Rocchetta Nuova,2026-07-17
3200,Dante Foà,antonella66@example.net,Feroleto Antico,2024-05-24
3201,Dott. Cirillo Stoppani,annunziata89@example.net,Villalvernia,2025-07-27
3202,Fortunata Zanazzo,paride76@example.net,Appiano Sulla Strada Del Vino,2025-01-12
3203,Donato Fischetti,germanalamborghini@example.org,Le Casine,2025-11-12
3204,Sig. Mario Ostinelli,amandamondaini@example.org,Pico,2023-11-05
3205,Telemaco Sokolov,ludovica87@example.net,Luogosano,2026-06-22
3206,Beatrice Scaduto-Sauro,romina96@example.net,Bianzano,2025-02-25
3207,Piersanti Zaccardo,carolina66@example.net,Carovigno,2025-01-10
3208,Annalisa Brancaccio,raffaellinoloredan@example.net,Treviso,2024-04-15
3209,Isa Cimarosa,riccardociani@example.com,Villafranca,2026-09-11
3210,Mario Tomasini,urosiello@example.net,Guardiagrele,2025-08-27
3211,Michelotto Stucchi,boccioninanni@example.net,Civo,2026-05-17
3212,Federica Cilibrasi,belletinipiergiuseppe@example.org,Matonti,2024-10-15
3213,Pierangelo Almagià,ermescutrufo@example.org,Scanzorosciate,2024-04-23
3214,Viridiana Nicolini,gioacchino37@example.net,Arnara,2023-12-10
3215,Dott. Maria Borroni,loredana29@example.net,Castiglione Chiavarese,2025-10-23
3216,Maurilio Marsili,msalvini@example.com,Nanto,2024-11-19
3217,Stefano Pincherle,hflorio@example.com,Correggioverde,2025-07-10
3218,Paulina Letta,antonia04@example.org,Triginto,2024-01-17
3219,Nicoletta Sauro-Palmisano,danterenault@example.net,Santa Maria La Fossa,2024-12-25
3220,Liberto Baggio,pietro47@example.com,Civitella San Paolo,2024-10-16
3221,Ermes Sandi,leopoldo97@example.com,Torre Di Paestum,2024-09-04
3222,Fredo Collodi,garozzoansaldo@example.com,Malmantile,2024-05-30
3223,Sig.ra Ida Treves,giulianosokolov@example.com,Pescocostanzo,2024-08-03
3224,Matteo Lippomano,ugrisoni@example.net,Arina,2026-03-28
3225,Laureano Pizzo,eleanora22@example.com,San Filippo Del Mela,2026-05-07
3226,Donatello Toldo,rgianetti@example.com,Orero Di Serra Ricco',2024-03-10
3227,Venancio Littizzetto,gaddadiana@example.com,Tschars,2026-06-17
3228,Licia Cainero,gungaretti@example.com,Gravina Di Catania,2025-11-19
3229,Dott. Ivan Marangoni,venanciobuscetta@example.org,Sant'Olcese,2023-11-16
3230,Roman Raimondi,gfusani@example.com,Fiamignano,2025-07-26
3231,Annalisa Pepe,gianfrancoostinelli@example.org,Scaltenigo,2025-01-05
3232,Arnaldo Cilea,atenulf88@example.com,La Rustica,2025-10-19
3233,Flavio Golgi,iolanda34@example.org,Corsione,2025-08-14
3234,Roberto Malenchini,enziovirgilio@example.net,Vaccarizzo,2024-12-11
3235,Gaspare Scalera,moschinopierangelo@example.com,Terelle,2026-01-19
3236,Guarino Nievo,cusanoantonella@example.com,Codevigo,2024-07-25
3237,Telemaco Perini,calboannetta@example.com,Soave Mantovano,2024-06-10
3238,Dott. Roberto Passalacqua,ccipolla@example.com,Prea Di Roccaforte,2023-09-27
3239,Livia Cicilia-Veneziano,raffaellinodovara@example.org,Sanguarzo,2023-09-22
3240,Simone Muratori,martino71@example.net,Casciano,2026-06-03
3241,Alderano Tutino-Mantegna,arguriotonia@example.com,Beduzzo,2023-09-23
3242,Giosuè Barcaccia-Sokolov,cpertile@example.org,Prali,2024-10-05
3243,Serena Bosio-Bragadin,pietrobenussi@example.org,Zugliano,2025-04-10
3244,Mauro Saraceno-Caracciolo,lovatostefano@example.net,Emarese,2024-03-29
3245,Dante Martinelli,annalisagaltarossa@example.net,Biccari,2023-12-17
3246,Vanessa Chiesa,mmoccia@example.net,Pieve Modolena,2024-11-27
3247,Fabrizia Mazzacurati,dcianciolo@example.org,Portoferraio,2026-05-09
3248,Tullio Amato,mercadanteramona@example.com,Lomagna,2023-11-28
3249,Nedda Angiolello,vmonti@example.org,Oberau/Bozen,2023-12-13
3250,Alessio Foà,bossistella@example.org,Partanna Mondello,2024-04-30
3251,Olga Gilardoni,qcagnotto@example.com,Formazza,2026-08-01
3252,Iolanda Emanuelli,sandropiane@example.net,Gissi,2024-08-02
3253,Sig. Marco Tarantini,traettafrancesca@example.net,Santa Lucia Di Collecorvino,2025-06-03
3254,Adele Nicoletti-Duodo,rosaliagulotta@example.net,Prato Sesia,2025-07-13
3255,Gianna Rosmini,ilaria73@example.org,Priosa,2025-03-15
3256,Dott. Ippazio Einaudi,zcugia@example.com,Selva Di Cadore,2025-10-07
3257,Ornella Leonardi-Curatoli,vincentiobotta@example.com,Paina,2023-10-29
3258,Luisa Varano-Chinnici,lfederici@example.net,Alcara Li Fusi,2026-08-01
3259,Lara Pareto-Stein,sandra54@example.org,Chiusa,2024-08-05
3260,Sig.ra Eliana Bettoni,giammussofrancesca@example.net,Rocca Delle Caminate,2025-05-15
3261,Greca Ferragamo-Versace,bettina81@example.com,Borgo A Mozzano,2025-02-01
3262,Fiamma Montecchi,hbabati@example.org,Vicomero,2024-05-04
3263,Dott. Alfio Finzi,zsibilia@example.org,Robecco D'Oglio,2024-07-03
3264,Lorenzo Navone,evamimun@example.com,Gargallo,2023-12-26
3265,Germana Fabbri,ncutuli@example.org,Fornace Zarattini,2025-06-26
3266,Dott. Stefania Ricolfi,pierpaolomancini@example.org,San Giovanni In Marignano,2023-12-09
3267,Panfilo Donatoni,pietro43@example.com,Santa Mama,2025-10-01
3268,Ruggero Boito-Valmarana,jmedici@example.net,Bollengo,2025-03-07
3269,Tatiana Canova,antonellotrillini@example.net,Nazzano,2025-08-20
3270,Isabella Gadda,tonigremese@example.org,Donato,2025-10-22
3271,Giorgio Panicucci-Greggio,marcantoniofinotto@example.com,Vergnasco,2025-12-26
3272,Adriana Barsanti-Bruscantini,gioachino39@example.org,Villaggio Busonera,2026-06-05
3273,Federigo Lucarelli,vgatto@example.org,Vergnacco,2026-04-29
3274,Maria Vergerio,tonistosonia@example.net,Oberwielenbach,2026-05-25
3275,Ubaldo Santorio,valentinatagliafierro@example.net,Pianopantano,2024-11-29
3276,Gianluigi Fischetti,cecilia39@example.org,Roncole Verdi,2025-08-05
3277,Irma Callegari-Pacetti,zaccardoroberto@example.com,Salemi,2026-09-14
3278,Antonella Vergerio,cendrizzi@example.com,Siderno Superiore,2024-04-04
3279,Dott. Puccio Foscari,olibonisebastiano@example.net,Mercurago,2024-05-17
3280,Ciro Parini,lauretta26@example.com,Pratovecchio Stia,2026-04-19
3281,Lara Babbo,wbrichese@example.net,Bressanone,2026-08-25
3282,Sonia Bettin,wcaruso@example.net,Valva,2024-08-13
3283,Michelangelo Morucci,francesco67@example.net,Is Murdegus,2025-07-11
3284,Irma Soranzo,ssgarbi@example.com,Civitanova Del Sannio,2024-07-22
3285,Caterina Argento,renata61@example.com,Petrignano D'Assisi,2025-01-12
3286,Romana Morosini-Bombieri,ocappelli@example.com,San Francesco D'Aglientu,2023-09-26
3287,Salvi Sabbatini,zaccagninililiana@example.net,Sant'Olcese,2023-12-01
3288,Gianna Zanazzo,agazzietta@example.com,Casaletto Di Sopra,2026-05-21
3289,Martina Rienzo,orazioletta@example.org,Malalbergo,2026-05-06
3290,Sig.ra Etta Lerner,lazzarocapone@example.org,Borgovirgiliana,2026-02-21
3291,Toni Boldù,lamberto01@example.com,Verzella,2024-08-15
3292,Gabriella Brenna-Naccari,fedele77@example.com,Fabriano,2026-08-18
3293,Sole Semitecolo,hbataglia@example.net,Bivio Di Ravi,2024-10-05
3294,Giacinto Tomasini,ungarettistella@example.net,Latronico,2026-08-17
3295,Lucia Zaccardo,giancarlo01@example.org,Morbello,2026-04-14
3296,Ettore Sabbatini,hbulzoni@example.net,Carrozziere,2026-08-29
3297,Leonardo Schiavo,marinapignatti@example.com,Lisciano Niccone,2024-06-28
3298,Ludovica Bignardi-Udinese,ecerquiglini@example.org,Soragna,2026-05-24
3299,Sig. Gaetano Trevisan,ferdinandomascheroni@example.org,Villaromagnano,2025-09-02
3300,Maria Trincavelli,vanessafilzi@example.net,Termine Di Cadore,2024-05-04
3301,Ruggiero Sforza,ksgalambro@example.net,Bonifica Villa Literno,2026-02-19
3302,Tatiana Beffa,berlusconiottone@example.org,San Sabino,2025-04-06
3303,Baldassare Pavarotti,otresoldi@example.com,Tiezzo,2026-03-13
3304,Pietro Quasimodo,leone58@example.org,Montalto Dora,2025-08-14
3305,Isa Moresi,bartolidonna@example.com,Torre Di Fine,2025-12-10
3306,Enzio Alighieri,piermariaiannuzzi@example.com,Bagazzano,2025-11-18
3307,Eraldo Canova,gbartoli@example.org,Passetto,2025-09-04
3308,Guglielmo Vattimo,gpigafetta@example.com,Caredia,2023-10-04
3309,Amedeo Sraffa-Ludovisi,piacentinierika@example.com,San Pietro In Guarano,2024-07-14
3310,Ramona Mantegazza-Montanelli,tuzzolinofabio@example.net,Loreggiola,2025-11-22
3311,Cecilia Mattarella-Franceschi,qcristoforetti@example.com,Pezzalunga,2024-02-13
3312,Sig. Severino Agostini,ritatiepolo@example.org,Croci Di Calenzano,2026-03-19
3313,Raffaele Anguillara-Villadicani,mircopiazzi@example.com,Stazzu Mesu,2024-01-11
3314,Serafina Rossi,rtozzi@example.com,Grilli,2026-04-17
3315,Enrico Panzera,bosiomartina@example.net,Daone,2025-03-20
3316,Gianluca Gritti,maria15@example.net,Riozzo,2026-04-24
3317,Maura Piazzi,drusoriccardo@example.net,Milanere,2025-11-14
3318,Sig. Pasqual Toldo,ogiovine@example.com,Mezzomonreale Boccadifalco,2024-06-03
3319,Flavia Benussi,neddafieramosca@example.org,Castrovillari,2025-08-27
3320,Tatiana Dibiasi,giuseppefuseli@example.com,Sauris,2024-05-08
3321,Marcello Gritti,zanazzoamanda@example.com,Capri,2026-07-13
3322,Venancio Gatto,girolamodoria@example.com,Gonnosno',2024-10-23
3323,Niccolò Murialdo,giustino85@example.org,Graffignana,2023-11-29
3324,Rossana Barberini,lnaccari@example.org,Marana Di Montereale,2024-09-29
3325,Martino Fabrizi,bartolomeoottino@example.net,Cavriglia,2026-02-08
3326,Raffaellino Cardano,iannelliserena@example.org,Forgaria Nel Friuli,2025-07-22
3327,Susanna Lussu-Cicilia,saulivincenza@example.com,Prad,2025-04-01
3328,Dott. Fiamma Spanevello,ludovisigiulia@example.org,Roccaforzata,2026-02-06
3329,Sig. Claudio Saffi,ferrazziivan@example.org,Lizzano In Belvedere,2024-10-17
3330,Nedda Guarana,coluccio22@example.org,Marano,2024-08-13
3331,Griselda Donati-Ziani,ppagliaro@example.net,Mozzate,2026-02-28
3332,Dott. Maurizio Pigafetta,galvanileopoldo@example.com,Falvaterra,2024-11-09
3333,Nina Morricone,ciprianoritacca@example.com,Viatosto,2025-04-30
3334,Alderano Soprano-Niggli,lorenzo07@example.org,Sant'Efisio,2025-03-06
3335,Dott. Tonino Comboni,nbaracca@example.com,Piazzolla Di Saviano,2026-08-13
3336,Marta Treccani,msommaruga@example.com,Pertengo,2025-01-18
3337,Angelica Cantimori-Golino,cappellifederico@example.org,Surano,2025-01-24
3338,Bartolomeo Tartaglia,piermaria80@example.net,Pagani,2026-09-04
3339,Luciano Fantini,carlo23@example.com,San Valentino In Abruzzo Citeriore,2026-05-10
3340,Vittorio Zeffirelli,littizzettomichele@example.org,Sestri Levante,2024-03-06
3341,Osvaldo Altera,cristina28@example.org,Castello Di Godego,2024-03-20
3342,Bianca Gori,chiara76@example.com,Gualdo Di Massarosa,2025-06-17
3343,Eleanora Tutino,morosiniuberto@example.com,Landriano,2024-09-27
3344,Gianfranco Zacchia,vvezzali@example.net,Ripacorbaria,2025-10-08
3345,Leone Cavalcanti-Scamarcio,antonaccigiulio@example.com,Paganica,2024-03-03
3346,Azeglio Ritacca-Caffarelli,rmedici@example.org,Perdasdefogu,2026-06-13
3347,Marta Cagnotto,naditonia@example.net,Matelica,2024-08-09
3348,Sig.ra Angelica Liverotti,paltrinieribruno@example.net,Settefichi,2025-03-03
3349,Valerio Interiano,bruscantiniorlando@example.net,Valledoria,2025-10-05
3350,Olga Zacco,zianiangelica@example.org,Cessaniti,2026-08-24
3351,Sig.ra Margherita Segrè,oanguillara@example.net,Marnate,2024-11-13
3352,Cirillo Briccialdi,piero14@example.org,Olivarella,2024-06-21
3353,Dott. Lodovico Benedetti,pierpaolo60@example.net,Lonate Pozzolo,2024-12-01
3354,Ruggiero Toso,borranifedele@example.net,Santa Chiara,2026-08-03
3355,Danilo Sagredo,ksorrentino@example.net,Vignate,2026-03-10
3356,Piermaria Federici,fernandacollodi@example.org,Scandolara Ripa D'Oglio,2025-10-15
3357,Serena Ungaretti,gianluca36@example.com,Gioiella,2026-09-17
3358,Dolores Tomaselli,fomanuel@example.net,Piazza Caduti,2023-10-29
3359,Monica Cilibrasi,hpirandello@example.org,Sant'Andrea Di Conza,2025-10-10
3360,Bianca Priuli,eesposito@example.com,Castronno,2026-03-26
3361,Damiano Inzaghi,ugaribaldi@example.org,Passo Del Bidollo,2024-07-19
3362,Massimiliano Ferrari,petrallilisa@example.com,Torre D'Arese,2024-07-30
3363,Dott. Alfio Polesel,olgapepe@example.com,Mondaino,2026-03-21
3364,Dott. Giacobbe Capuana,licia50@example.net,Sassello,2024-08-18
3365,Durante Chiesa,luciano30@example.com,Colleatterrato Alto,2026-07-25
3366,Jolanda Malatesta,filippo81@example.net,Montecavolo,2024-12-01
3367,Sig.ra Aurora Pratesi,maura55@example.net,Guardia,2025-02-13
3368,Sig.ra Eliana Vespucci,vabbagnale@example.net,San Rocco Di Camogli,2024-02-08
3369,Benedetto Baresi-Toninelli,yscalfaro@example.org,Vitorchiano,2025-01-03
3370,Edoardo Chigi,piermariamoccia@example.net,Spagnola,2026-04-14
3371,Paoletta Liverotti,allegracontrafatto@example.net,Lugnano In Teverina,2024-10-07
3372,Gioffre Bacosi,boiardoraffaele@example.com,Soiano,2023-11-26
3373,Graziella Lucchesi,coriolanoanichini@example.org,Mortizzuolo,2026-01-07
3374,Iolanda Moresi,adelasia67@example.org,Lupara,2026-02-19
3375,Dott. Ottavio Gianinazzi,oresteviola@example.net,Cigognola,2024-06-04
3376,Luciano Ostinelli-Desio,elvira01@example.net,Costa D'Arcevia,2024-03-08
3377,Dott. Vittoria Rocca,chigiaurora@example.com,San Marco,2024-04-28
3378,Amico Argentero-Calvo,telemaco75@example.com,Curtatone,2024-06-17
3379,Emma Pertile,dvercelloni@example.net,Chioggia,2025-12-19
3380,Annunziata Sommaruga,antonellosantorio@example.net,Gemonio,2025-02-08
3381,Eliana Marinetti-Bajamonti,ottonemarazzi@example.net,Vietri Di Potenza,2025-06-27
3382,Dott. Sabatino Paolini,pomponiofilippini@example.net,St.Pete,2024-01-13
3383,Matilda Federico,modianogabriella@example.net,Graveglia,2025-01-09
3384,Coluccio Ferretti-Salgari,eva97@example.com,Floresta,2025-03-28
3385,Lodovico Gabbana,opalladio@example.net,Mastromarco,2024-08-02
3386,Sig. Gianfranco Capecchi,alessia98@example.net,Piagge,2026-05-31
3387,Massimo Zanazzo,lamberto69@example.net,Santa Chiara,2024-10-06
3388,Allegra Segni,adelmo76@example.com,Badia Pavese,2025-04-07
3389,Delfino Nordio-Magnani,fedelececi@example.net,Verdellino,2025-10-19
3390,Gioacchino Mazzanti,qiacobucci@example.com,Schrambach,2026-04-05
3391,Giulia Malatesta-Falier,carneraluciana@example.com,Ulmi,2024-05-15
3392,Giulia Pasolini,uveltroni@example.org,Vescovado,2025-02-25
3393,Letizia Cagnin,xguidone@example.net,Chieri,2024-11-27
3394,Arnaldo Dallara,vzaguri@example.net,Sampierdarena,2024-10-27
3395,Stella Ciani,guarinograsso@example.com,Santa Vittoria D'Alba,2024-07-14
3396,Valeria Micca,hcarducci@example.com,Riese Pio X,2026-09-19
3397,Luca Scandone,bernardo34@example.org,Bossico,2025-12-11
3398,Mario Ferrucci,annetta55@example.org,Molini D'Isola,2025-07-20
3399,Stefano Giradello,masperogianluca@example.org,Fermignano,2025-06-02
3400,Giovanni Tron,giulianomanacorda@example.net,Cogliate,2026-06-07
3401,Piermaria Guinizzelli,marianorbiato@example.net,Bolano,2023-11-22
3402,Stella Cimini,maurilioioppi@example.net,Conversano,2024-05-07
3403,Ennio Puccini-Pepe,ymalatesta@example.org,Ognio,2026-02-20
3404,Virginia Falcone-Toscanini,saverio91@example.com,San Rocco Di Camogli,2025-03-15
3405,Antonietta Lanfranchi,almagiaezio@example.net,Mirteto,2026-07-26
3406,Arsenio Bertoni-Bombieri,baccio49@example.org,Orciano Di Pesaro,2025-11-12
3407,Sig.ra Tiziana Mancini,alessandragolino@example.com,Val Rezzo,2024-03-11
3408,Paola Ottino,leonardorosselli@example.net,Pietraferrazzana,2023-11-24
3409,Tiziana Manolesso,beccherialorenzo@example.org,Ponte Al Bozzone,2025-10-30
3410,Caterina Pacelli,venancio91@example.net,Roverdicre',2025-02-28
3411,Milena Guinizzelli-Ludovisi,edoardocontarini@example.org,Torrita Stazione,2025-11-06
3412,Federigo Gulotta,ccaccianemico@example.com,Macerata,2024-10-22
3413,Giulio Roero,patrizio38@example.org,San Giorio,2025-08-04
3414,Paride Santoro,eleanorajuvara@example.com,Pietraferrazzana,2025-04-12
3415,Elladio Gianinazzi,avisintini@example.net,Cambiano,2024-01-03
3416,Sig.ra Maria Doria,tinapepe@example.com,Badia Pozzeveri,2024-08-25
3417,Nicola Barberini-Bixio,melinafoscari@example.com,Pollica,2025-07-16
3418,Alina Zanzi,savorgnanannibale@example.com,Villa D'Aiano,2023-10-05
3419,Ottone Piacentini,tamburielmo@example.net,Suio Terme,2025-11-13
3420,Victoria Pisaroni,cristoforettialessio@example.org,Rivara,2025-10-05
3421,Goffredo Bellocchio,durantetelesio@example.net,Predappio Alta,2024-10-07
3422,Vito Stoppani,romolo49@example.net,Corniana,2026-02-13
3423,Alessio Nitti,jacopo87@example.org,Lido Dei Pini,2025-01-15
3424,Giulio Morrocco,orlandopaolo@example.net,Capreno,2024-08-08
3425,Annunziata Costanzi,ecasadei@example.org,Tufino,2024-01-08
3426,Franco Taliani-Zecchini,malpighiangelica@example.net,Ligurno,2025-03-26
3427,Gaetano Gullotta,angelica25@example.net,Tramonti Di Sopra,2025-10-26
3428,Alessio Barberini,martasalgari@example.com,Isera,2023-10-17
3429,Annamaria Travia,vittoria66@example.com,Angeli Di Rosora,2025-02-24
3430,Pietro Veneziano,giovannilucarelli@example.net,Lazzaro,2025-10-11
3431,Cipriano Parisi,antoniettasermonti@example.com,Castiglione Della Valle,2024-11-11
3432,Antonello Naccari,carmelo97@example.com,Albano Di Lucania,2024-05-25
3433,Griselda Tasso-Detti,sebastiano15@example.com,Villa Bissone,2026-01-31
3434,Dott. Santino Niggli,bscandone@example.org,Lonzano,2025-04-01
3435,Azeglio Cavanna,miccaroberto@example.com,Borgaria,2024-07-12
3436,Ornella Marconi,riccardogoldoni@example.org,Bondeno,2024-08-10
3437,Sig. Massimo Peruzzi,gioelecomisso@example.org,Castelnuovo Asolano,2024-08-31
3438,Eva Sagnelli,marioscalfaro@example.com,Migliuso,2024-05-22
3439,Alberto Notarbartolo,fornaciarimarisa@example.com,Casoria,2024-05-24
3440,Osvaldo Baracca,ymazzi@example.com,Gabicce Mare,2025-08-30
3441,Pierina Ferrabosco,patriziomascagni@example.com,Pietrapiana,2026-02-18
3442,Giampaolo Contarini,vruberto@example.com,Semonzo,2026-05-29
3443,Raffaella Giovine,cicalavincentio@example.com,Roncaglia,2025-07-26
3444,Dott. Piergiorgio Belletini,lauramazzini@example.net,Canevara,2025-11-22
3445,Nicolò Nicolini,saracenotemistocle@example.com,Solaro,2024-05-18
3446,Sig.ra Lidia Alboni,zairamurri@example.org,Arigliano,2025-11-05
3447,Marco Depero,emarazzi@example.com,Lagosanto,2026-01-15
3448,Romolo Morabito-Franzese,vrenzi@example.net,Neyran,2025-05-31
3449,Dott. Mirko Ricci,galasso21@example.com,Oltre Il Colle,2024-12-09
3450,Pietro Flaiano,bernardinivito@example.org,Albiolo,2025-01-19
3451,Baldassare Papafava,kgiunti@example.net,Rocca Delle Caminate,2026-05-24
3452,Vincenza Modiano,perandarosina@example.net,Struppa,2025-12-16
3453,Evangelista Manzoni,ginobignardi@example.org,Pietrapiana,2025-01-08
3454,Adele Salvini,daria42@example.net,Velva,2025-06-06
3455,Dott. Guglielmo Folliero,michelettocattaneo@example.org,Caraffa Del Bianco,2023-11-07
3456,Dott. Nanni Biagi,spadaforaermenegildo@example.org,Scoppito,2025-06-03
3457,Giuseppina Briccialdi,yrosmini@example.org,Podenzana,2024-01-15
3458,Donatella Costalonga,jacuzzigiustino@example.org,Gangi,2024-06-08
3459,Tonino Antonello-Cimarosa,fulvioflaiano@example.org,Fiondi,2023-11-29
3460,Lando Galtarossa,zsperi@example.org,Nalles,2023-11-21
3461,Adriano Modigliani,donatellasolari@example.com,San Donato Fronzano,2024-08-21
3462,Paola Bernardi,jbragadin@example.com,Candeglia,2023-11-14
3463,Ranieri Bertoni,giammussocostantino@example.net,Mesagne,2025-02-08
3464,Flora Nosiglia,silvia92@example.org,Rocca Massima,2023-12-20
3465,Giuseppina Lovato,guccigiulietta@example.net,Vezzano Ligure,2025-08-16
3466,Beatrice Maccanelli,nataliamanunta@example.com,Gratsch,2025-03-15
3467,Fortunata Vigliotti,rosa11@example.org,Rialto,2024-06-13
3468,Flavia Lucarelli,filippotedesco@example.com,Posta Fibreno,2024-08-10
3469,Raffaellino Casini,wfederici@example.net,Villa Bianca,2024-12-11
3470,Roberta Benigni,grecachiappetta@example.org,San Foca',2024-09-05
3471,Corrado Papetti,rizzolistefania@example.org,Ponterotto,2025-07-17
3472,Maura Interminelli,viridianacortese@example.com,Santadi,2025-08-12
3473,Gloria Toscani,mogherinitina@example.org,Moggio Di Sotto,2026-08-22
3474,Valentina Taliani,orazio57@example.net,Bojon,2024-07-03
3475,Antonia Cusano,hcombi@example.com,Sovizzo,2024-03-20
3476,Sig.ra Giovanna Antonacci,sandroguglielmi@example.net,Calcinato,2024-03-03
3477,Augusto Baroffio-Forza,callegarigirolamo@example.com,Fornovo San Giovanni,2024-07-09
3478,Beppe Piccio,elisaborsiere@example.org,Carife,2025-07-28
3479,Carlo Bresciani,pizziolcassandra@example.net,Magnasco,2024-09-04
3480,Melissa Venturi,tosigianfranco@example.net,Francenigo,2023-11-03
3481,Ronaldo Lombardo,zianiromolo@example.net,Albareto,2024-02-25
3482,Dott. Lucrezia Gregori,rguariento@example.com,Montepaone,2025-11-26
3483,Antonino Paoletti,alessandroantonucci@example.net,Lama Polesine,2024-12-12
3484,Dott. Sebastiano Aloisio,berenice98@example.com,Condino,2024-01-26
3485,Romina Lombardi-Basadonna,silviaferrucci@example.com,Piano Di Frassineta,2026-08-26
3486,Dott. Annetta Zaccagnini,giulianotozzi@example.org,Arcugnano,2024-01-21
3487,Alberico Ostinelli,montanellivirgilio@example.org,Iolo,2024-07-13
3488,Valeria Frescobaldi,fernandalussu@example.org,Acquacanina,2025-03-01
3489,Piero Rinaldi,ptorricelli@example.org,Ponzano Veneto,2026-04-22
3490,Ermenegildo Monaco,telemacoabba@example.net,Vena,2026-03-20
3491,Barbara Modugno,umberto81@example.com,Casalina,2024-01-16
3492,Pierluigi Saracino-Lerner,alderano94@example.net,Vezzano,2025-12-25
3493,Alessio Campanella,cavalcantipaulina@example.com,Colonnata,2023-11-03
3494,Dolores Petruzzi,wdossetti@example.org,San Martino Secchia,2025-11-07
3495,Fabrizio Scotti,pbruno@example.org,Lusiglie',2026-08-27
3496,Renata Pelli,arturonavarria@example.net,Unterin,2025-04-11
3497,Dott. Coluccio Errani,graziano82@example.org,Lajen,2024-09-05
3498,Agostino Donarelli-Gravina,hmetella@example.com,Laterina,2025-01-01
3499,Sig. Cipriano Casaleggio,zmorgagni@example.org,Grassina,2025-09-20
3500,Alessandro Vivaldi,ferrarisgiampaolo@example.net,Casal Borsetti,2026-05-04
3501,Rosalia Pininfarina,agostinellitorquato@example.org,Ucria,2024-06-03
3502,Carmelo Branciforte,giannottivincenzo@example.org,Iavre' Vigo Rendena,2025-03-03
3503,Elladio Bataglia,gsoffici@example.net,Tovo San Giacomo,2025-07-22
3504,Valeria Segrè-Barillaro,toniagiannelli@example.org,Cusignana,2025-03-30
3505,Fabrizio Parri,monacolidia@example.com,Viserbella,2025-07-24
3506,Nina Milanesi,luca52@example.net,Fossalon,2025-05-26
3507,Letizia Goldoni,benvenuto35@example.org,Traona,2025-06-13
3508,Giulio Panzera,elena28@example.com,Furbara Cerenova,2025-02-12
3509,Aurora Ravaglioli,mariano25@example.net,Vigolo Marchese,2025-05-28
3510,Liliana Cuomo,nicolo36@example.net,Cunico,2025-04-03
3511,Flavia Barese-Amato,piero03@example.net,Borgo Bonsignore,2026-08-05
3512,Dott. Paride Scandone,micheletto37@example.com,Magliana Trullo,2026-08-22
3513,Marco Antonioni-Cheda,evangelista67@example.net,Pezzolo Valle Uzzone,2023-10-02
3514,Dott. Micheletto Baresi,gargenti@example.com,Cetona,2024-08-30
3515,Gianpaolo Zanzi,avogadrodonatella@example.net,Colle Sannita,2025-12-10
3516,Hugo Accardo,garzonimaria@example.net,Usseaux,2025-11-11
3517,Sylvia Canil-Vitturi,federica89@example.org,Giulianello,2025-10-14
3518,Teresa Sommaruga-Vezzali,giampaolomalipiero@example.com,Piano,2026-07-08
3519,Piermaria Coppola-Polani,ruggerisantino@example.org,Donnici Superiore,2026-02-15
3520,Panfilo Boiardo,piertraversa@example.com,Il Castagno,2025-11-07
3521,Marcantonio Vergerio-Bottaro,morroccosergius@example.org,Papariano,2025-04-05
3522,Ricciotti Rismondo,ennio50@example.com,Laino,2026-09-18
3523,Nanni Fabbri-Casini,margherita56@example.net,Caliano,2024-05-12
3524,Pellegrino Fogazzaro,silvestro07@example.com,Spinetoli,2026-08-21
3525,Adelmo Iacovelli,utamburello@example.org,Sambuchi,2026-07-28
3526,Hugo Jovinelli,nmontesano@example.com,Sedrina,2026-09-14
3527,Dott. Simonetta Tartaglia,valerio33@example.net,Starze Di Summonte,2024-09-26
3528,Silvia Zacco,ommagiorgio@example.net,Pietrelcina,2024-05-14
3529,Mariano Monteverdi,tgulotta@example.org,Rutino,2024-12-11
3530,Amalia Coppola,floramengolo@example.org,Bagnella,2025-01-20
3531,Anita Platini,elenacaffarelli@example.net,Piano Di Coreglia,2024-12-03
3532,Teresa Baroffio,tmimun@example.org,Massignano,2026-07-28
3533,Carlo Mannoia-Granatelli,delleangelina@example.org,San Pancrazio Parmense,2025-10-27
3534,Milo Marinetti-Gritti,tsibilia@example.com,Moos,2024-11-19
3535,Tina Schiaparelli,venanciomolesini@example.net,Savignano Sul Rubicone,2025-12-18
3536,Cristina Stefanelli,gullottanedda@example.com,Carro,2026-01-25
3537,Giuseppina Luciani,chedatemistocle@example.net,Gallo Bolognese,2024-05-10
3538,Chiara Giradello,xnitto@example.net,Brindisi Montagna,2025-08-01
3539,Damiano Giannuzzi,bottaroadriana@example.com,Rasa,2025-07-14
3540,Franco Celentano-Mondadori,jprodi@example.org,Oriola,2024-03-20
3541,Amanda Sommaruga,piermariavercelloni@example.com,Vignole Borbera,2025-12-22
3542,Sig.ra Elena Montalcini,eversace@example.org,Basciano,2026-07-24
3543,Graziano Sismondi,irma76@example.com,Comuneglia,2024-01-13
3544,Antonella Bettin,arnulfoborroni@example.com,Fiorano Al Serio,2025-10-29
3545,Sig. Fabrizio Cutrufo,sandrobonino@example.net,Casine,2026-09-16
3546,Simonetta Boitani,wrosselli@example.org,Racalmuto,2025-11-22
3547,Victoria Curci,geronimotencalla@example.net,Fronti,2024-04-27
3548,Ferdinando Palmisano,zabarellavirginia@example.net,Faenza,2024-05-04
3549,Dino Ioppi,cleliapagliaro@example.org,San Filippo Sul Cesano,2025-11-22
3550,Ermenegildo Bergoglio-Redi,donatocaboto@example.com,San Rocco,2024-01-08
3551,Enrico Polizzi,vespucciida@example.org,Frassine,2023-12-22
3552,Natalia Luria,zgoldoni@example.net,Montalcinello,2024-12-31
3553,Ermenegildo Bellucci-Seddio,legnanteiolanda@example.net,Breme,2025-03-05
3554,Monica Babato-Bongiorno,vergassolalorenzo@example.net,Paullo Di Casina,2023-12-01
3555,Enzio Marinetti,lombrosoelena@example.net,Grumes,2023-11-12
3556,Tiziana Endrizzi-Giannetti,annamaria58@example.org,Ganaghello,2026-05-27
3557,Giorgia Bulzoni,mantegazzagirolamo@example.org,Aglietti,2025-11-26
3558,Dott. Stefani Virgilio,bpederiva@example.org,San Pietro In Amantea,2024-04-05
3559,Marcantonio Bonaventura,jborghese@example.net,Mühlwald,2024-05-07
3560,Ricciotti Guidotti,zmarazzi@example.com,Totari,2024-07-26
3561,Sig. Gianpaolo Flaiano,oreste38@example.org,Oneglia,2026-01-25
3562,Erika Iacobucci,romina39@example.net,Canezza,2024-07-18
3563,Stella Marinetti-Rienzo,gianna09@example.com,Ospitaletto,2023-11-27
3564,Flora Zanazzo-Roero,gozzibruno@example.org,Tuturano,2026-05-12
3565,Dott. Adelasia Virgilio,annunziatarosmini@example.org,Sambuchi,2024-11-06
3566,Giulietta Rossetti,stefano55@example.org,Roseto Capo Spulico,2023-12-08
3567,Luisa Perini,ornellaborrani@example.com,Tall,2025-08-04
3568,Livio Einaudi,giuliana94@example.com,La Costa,2026-04-12
3569,Liana Fogazzaro,greco49@example.com,Allitz,2026-02-06
3570,Coriolano Garzoni-Foscari,gianfrancescospinelli@example.net,Leffe,2025-04-29
3571,Elisa Simeoni,gentileschilaura@example.net,Valle Bernardo,2024-11-24
3572,Eva Brunello,rmercadante@example.com,Petrella Liri,2023-11-06
3573,Sandro Cerutti,romanorocco@example.net,San Fermo,2024-03-20
3574,Flavia Pasqua,wdesio@example.org,Casterno,2024-02-09
3575,Vanessa Pirandello,arganloretta@example.net,Episcopia,2023-10-29
3576,Cecilia Mazzacurati,ccomolli@example.com,Pellaloco,2024-11-05
3577,Cipriano Parpinel,fibonaccicostantino@example.org,Redavalle,2026-05-23
3578,Sig. Uberto Bertolucci,zfederici@example.net,Este,2025-10-30
3579,Gionata Garobbio-Vercelloni,spinoladario@example.com,Graglia,2026-06-12
3580,Alessio Tebaldi,annibalemorricone@example.net,Vigo Di Ton,2023-11-24
3581,Gianpietro Verdi,ansaldobuscetta@example.com,Cognento,2024-01-21
3582,Giulietta Ovadia,scarfogliotiziano@example.com,La Cretaz,2025-03-09
3583,Isabella Bruno,gussonisandra@example.org,Framura,2025-08-01
3584,Tiziana Giulietti,marinipuccio@example.net,Scurcola Marsicana,2026-05-31
3585,Pomponio Casellati,tughi@example.org,Baone,2024-04-17
3586,Antonello Tassoni,puccio57@example.org,Tuturano,2026-01-30
3587,Azeglio Pisano,biagio75@example.com,Gastei,2025-12-02
3588,Etta Scarfoglio,pvalier@example.org,San Giacomo D'Acri,2023-10-13
3589,Sig. Rolando Iannelli,aldobrandiippazio@example.org,Leofreni,2024-04-25
3590,Stefania Leonardi,bciampi@example.com,Vito,2025-08-30
3591,Massimo Tomaselli,ffilippelli@example.net,Vercurago,2024-09-08
3592,Roberto Boccioni,vitturilaura@example.net,Pietraferrazzana,2026-01-26
3593,Dott. Sylvia Gregorio,olibonialessia@example.org,Villa Latina,2025-11-05
3594,Liana Colletti,corradimaurilio@example.org,Caldes,2026-07-15
3595,Fabrizio Bonolis,ludovicostoppani@example.org,Anterselva Di Mezzo,2024-04-19
3596,Gianna Scarpetta,donatella26@example.com,Limpidi,2024-02-26
3597,Dott. Enrico Moschino,ranierifalier@example.org,One',2024-02-09
3598,Angelina Fusani,coriolano75@example.net,Pedescala,2025-01-11
3599,Laura Romiti,rosariorenault@example.com,Scopoli,2026-03-14
3600,Dionigi Rizzoli,lorettacannizzaro@example.net,San Michele E Grato,2025-08-21
3601,Nicolò Viviani,patriziofo@example.com,Briga,2024-07-03
3602,Marissa Santi,bottiglieroguarino@example.com,Carpineto Della Nora,2024-05-09
3603,Dott. Tonia Bianchini,dsanudo@example.net,Pieve Torina,2025-12-08
3604,Virginia Porzio,wcorrer@example.net,Tresana,2024-03-24
3605,Antonietta Scarpetta,kballa@example.net,Pietracamela,2025-11-20
3606,Aria Filogamo-Bembo,victoria91@example.org,Arino,2025-11-28
3607,Sig.ra Sandra Buonauro,gioacchinooffredi@example.org,Aringo,2026-01-09
3608,Livia Filippini,eflorio@example.org,Fonterosa,2026-03-31
3609,Goffredo Vendetti,guido73@example.org,Dimaro,2025-01-30
3610,Virginia Giacometti,disderomarcello@example.net,Cabiate,2024-02-01
3611,Sig. Nico Scandone,sebastiano62@example.org,Scortichino,2024-09-05
3612,Fiorino Spinola,caterinataliani@example.org,Roccasparvera,2023-12-29
3613,Mauro Pigafetta,silvestribernardo@example.com,Mozzate,2025-08-06
3614,Nanni Pagliaro,salierimarissa@example.com,Schiavoi,2026-04-09
3615,Lucrezia Bernetti,armandostefanelli@example.org,Guinadi,2024-05-04
3616,Dino Rinaldi,ferdinandoantonello@example.com,Vago,2026-09-13
3617,Manuel Cerquiglini,xpisacane@example.net,Felettis,2026-04-12
3618,Guarino Depero-Bondumier,naporti@example.com,Alte Di Montecchio Maggiore,2026-01-21
3619,Nicola Govoni,qpiane@example.org,Val Della Torre,2026-09-11
3620,Michelotto Molesini,beppe85@example.net,Pineta Di Pescara,2026-08-25
3621,Dott. Giorgia Giacconi,liciaboccaccio@example.net,Sassano,2025-10-28
3622,Flavia Carli,boccionicarolina@example.org,Costa Volpino,2026-01-17
3623,Roberto Pulci,cipriano47@example.org,Mezzolago,2024-02-21
3624,Sig.ra Amanda Villadicani,lucacalgari@example.org,Baressa,2026-08-21
3625,Maura Cuomo,tbarberini@example.net,Santo Stefano Al Mare,2025-12-10
3626,Sandra Lerner,gullottaluigi@example.com,Vitorchiano Stazione,2024-09-27
3627,Dott. Bianca Ravaglioli,ncamanni@example.net,Crespiatica,2026-05-31
3628,Ermanno Orengo,oanguissola@example.org,Casa Castalda,2025-09-14
3629,Annibale Cappelli-Guarneri,bianchiniriccardo@example.net,Neive,2025-01-25
3630,Enzio Ciani,ncilea@example.org,Molfetta,2025-10-13
3631,Gastone Orsini,robertopaolini@example.net,Giano Vetusto,2025-10-12
3632,Giuliana Verri-Camilleri,camillerigraziella@example.net,Sferracavallo,2025-03-31
3633,Eraldo Montanari-Interminelli,gaspare61@example.org,Castel Di Iudica,2025-01-07
3634,Gioele Monicelli,jbadoglio@example.com,Magione,2025-08-13
3635,Giulio Civaschi,hbuonauro@example.org,Kasern,2026-06-28
3636,Vincenzo Malpighi,mondadoriguido@example.net,Specchio,2024-02-02
3637,Sig. Raffaellino Cadorna,hugo66@example.net,Cuirone,2026-03-15
3638,Sig.ra Maria Solimena,nonisluca@example.com,Castino,2026-08-14
3639,Morena Marzorati,gastone95@example.org,Fesca,2026-08-07
3640,Giuliano Bondumier,vittoria92@example.net,Sant'Omobono Terme,2026-01-09
3641,Mercedes Vecoli-Zaguri,sole97@example.com,Bozzolo,2025-05-21
3642,Loretta Venturi,serafinaiannucci@example.com,Strove,2023-09-26
3643,Dolores Morucci,moruccilucia@example.org,Campomorone,2025-03-26
3644,Tatiana Blasi,barbarabusoni@example.com,Cerea,2024-03-30
3645,Dott. Luisa Littizzetto,elenatotino@example.com,Pompegnino,2024-03-21
3646,Ornella Briccialdi,roberta15@example.org,Prunetta,2025-02-02
3647,Luigi Porcellato,fsermonti@example.org,Dermulo,2024-09-12
3648,Annamaria Boito-Venturi,impastatogustavo@example.org,Mombello,2023-09-26
3649,Flora Cafarchia,zbaresi@example.net,Moscazzano,2024-01-30
3650,Calcedonio Cianciolo,ludovicoduodo@example.net,Coriano Veronese,2025-04-06
3651,Natalia Tafuri,maglioromolo@example.net,Villanova San Pancrazio,2025-05-08
3652,Rossana Panatta-Bartoli,isabella70@example.net,Morbegno,2025-07-05
3653,Annetta Milanesi,manacordagriselda@example.org,Bassano In Teverina,2024-07-09
3654,Dott. Pellegrino Righi,lmarazzi@example.org,Ponte Di Serravalle,2024-10-06
3655,Lina Finetti,baccio14@example.net,Furnari,2024-04-05
3656,Serafina Grisoni-Rienzo,augusto52@example.com,Frignano,2024-09-25
3657,Dott. Piergiorgio Ludovisi,gilberto12@example.org,Cretone,2024-12-17
3658,Ippazio Jacuzzi,enzobonanno@example.com,Colledimezzo,2023-11-11
3659,Tina Zaccagnini,grisonipierluigi@example.com,Pian Di Venola,2025-04-23
3660,Dott. Marcello Malipiero,anguissolagiampaolo@example.com,Callianetto,2023-10-05
3661,Leopoldo Ruffini,giampieromonduzzi@example.org,Isola Dovarese,2026-02-18
3662,Nadia Veneziano,fiorinomorabito@example.net,Giuliano,2025-08-14
3663,Fulvio Marino,ugo97@example.org,Rescalda,2025-01-24
3664,Susanna Gianinazzi,viridiana43@example.com,Manfredonia,2025-01-30
3665,Napoleone Salata,sandra49@example.org,Aquino,2025-06-13
3666,Umberto Donarelli,chedabianca@example.net,Ginestra Fiorentina,2023-09-28
3667,Girolamo Perini,tatiana67@example.org,Pannone,2024-01-01
3668,Arturo Marzorati,imicheletti@example.net,Monfallito,2026-09-18
3669,Luchino Gozzi,marianogiannini@example.org,Varapodio,2025-11-15
3670,Dott. Greca Cattaneo,nalfieri@example.net,Borgo San Pietro Di Moncalieri,2024-12-29
3671,Ferdinando Malpighi,martasiffredi@example.com,Fossola,2026-09-08
3672,Salvatore Fagotto,vitocorradi@example.org,Petosino,2026-08-27
3673,Melania Platini,ferrazzinatalia@example.org,Reppia,2026-05-31
3674,Niccolò Peruzzi-Calarco,ippazioferrata@example.net,Montopoli Di Sabina,2023-09-28
3675,Gabriella Zito-Cainero,fiorenzo31@example.org,Fontanella Grazioli,2024-07-29
3676,Alberto Malipiero,zfattori@example.org,Lago Averno,2024-04-02
3677,Elladio Cuzzocrea,offredigionata@example.net,Bisenti,2023-11-06
3678,Eraldo Trentin,kgualtieri@example.com,Sciconi,2024-05-16
3679,Dott. Annamaria Tartini,pasqualostinelli@example.net,Pantano,2025-05-03
3680,Sig. Alderano Grifeo,leoncavallomarissa@example.org,Mirabello Di Cantu',2024-04-07
3681,Marisa Navarria,wdona@example.org,La Lima,2026-02-25
3682,Fabrizio Desio-Pietrangeli,borronidurante@example.net,Montelupo Fiorentino,2023-10-11
3683,Raffaella Morgagni,xbello@example.net,Ali',2024-06-11
3684,Sylvia Franscini,xfoletti@example.org,Sassostorno,2025-04-30
3685,Irma Amaldi,argangiustino@example.com,Collamato,2023-12-16
3686,Ermanno Tonisto,rcanova@example.com,Castiglione D'Asti,2023-12-16
3687,Ernesto Gozzi,domenicogangemi@example.com,Torremezzo Di Falconara,2024-12-31
3688,Dott. Gino Guicciardini,annamariasforza@example.com,Fronti,2024-10-08
3689,Elena Giovine,arnulfo32@example.net,Romans D'Isonzo,2025-02-16
3690,Guglielmo Modiano,federica30@example.org,Vallelunga Pratameno,2024-10-10
3691,Adelmo Franscini,marianoblasi@example.net,Bellocozzo,2026-03-23
3692,Domenico Maglio,gcrespi@example.com,Sant'Angelo In Villa,2026-09-16
3693,Giulia Ferraris,rosiellobruno@example.net,Poggio Di Bretta,2025-11-13
3694,Sig. Maurilio Visconti,giustinovezzali@example.org,Castelguglielmo,2026-03-08
3695,Allegra Monte,gzamorani@example.com,Giuliano,2026-05-02
3696,Rocco Pizzo,simonetta91@example.net,Citta' Del Mare,2025-04-13
3697,Ranieri Infantino,nibalifortunata@example.org,Comano,2025-07-27
3698,Sig.ra Clelia Verga,pompeomunari@example.com,Mandrogne,2024-04-05
3699,Dott. Pier Cuda,camilla42@example.net,Scurzolengo,2026-05-26
3700,Ennio Vento,qalonzi@example.com,Masciago Primo,2024-07-01
3701,Ricciotti Paruta-Baresi,xangeli@example.org,Savorgnano,2025-09-14
3702,Lauretta Ariasso,gionatatravaglio@example.org,Marana Di Montereale,2026-08-28
3703,Monica Stradivari,nadinolfi@example.net,Andora,2026-04-13
3704,Stefani Veneziano,iadanzaflora@example.org,Romeno,2026-06-27
3705,Sig.ra Rosina Regge,cutrufogianna@example.net,Vetralla,2024-05-02
3706,Paoletta Bonomo,flora12@example.org,Labaro,2026-01-07
3707,Eraldo Tartaglia,borsellinodolores@example.com,Buscate,2026-03-24
3708,Annetta Schiavo,scarlattitonia@example.com,Urbana,2023-11-15
3709,Gianpietro Vanvitelli,gianna90@example.org,Ponte San Pietro,2024-03-29
3710,Rolando Opizzi,totinoeraldo@example.com,Filigare,2024-01-03
3711,Ornella Satta-Scamarcio,mantegazzaflavio@example.com,Pramaggiore Blessaglia,2026-02-20
3712,Dott. Fabrizio Marangoni,guidoperanda@example.com,Torsa,2026-07-25
3713,Bettina Asmundo,xrocca@example.org,Rionero In Vulture,2025-11-15
3714,Nicola Bertoni,donatoscamarcio@example.com,Villanova Monferrato,2025-09-05
3715,Susanna Malaparte-Biagiotti,rodolfo63@example.com,Margarita,2024-10-16
3716,Giustino Cerquiglini,adelasiasandi@example.net,Villaggio Del Pino,2026-09-11
3717,Rosalia Montesano,scottivictoria@example.org,Petrulo,2024-07-22
3718,Dario Baroffio,fiorinogalvani@example.net,Bizzarone,2023-12-06
3719,Giuliana Rossi,cappelliserafina@example.com,Camairago,2025-05-21
3720,Romana Casaleggio,mariniivo@example.com,Budrio,2023-10-27
3721,Stefani Botticelli-Pozzecco,marazzisalvi@example.org,Avatanei,2026-03-22
3722,Costanzo Abba,pacomioubaldo@example.com,Fonte Di Brescia,2026-04-29
3723,Gastone Basadonna,rossanatrillini@example.org,San Zenone Al Po,2026-03-23
3724,Loretta Carnera,arnulforismondo@example.net,La Grande,2025-07-19
3725,Stella Tamburi,stedesco@example.org,Camerino,2023-09-22
3726,Angelina Falcone,leonardogozzi@example.net,Candia Canavese,2023-11-08
3727,Rosa Morgagni-Scalera,marisa28@example.com,Bressanone,2024-11-17
3728,Ottavio Vasari-Faugno,barzinigiovanni@example.com,Pessano Con Bornago,2024-06-06
3729,Mauro Pirelli,amaliacanil@example.org,Caprino Veronese,2025-04-07
3730,Patrizia Turati,ferrucciugo@example.net,Gualdo Di Narni,2024-12-14
3731,Pierina Galiazzo-Filogamo,ilariagregorio@example.net,San Martino Al Tagliamento,2026-02-06
3732,Dott. Giulietta Cremonesi,idatasso@example.org,Marta,2025-07-11
3733,Elmo Greggio,vitopapafava@example.com,Colubro,2024-05-23
3734,Paoletta Gravina,bcontarini@example.com,Niscemi,2024-07-28
3735,Edoardo Garobbio,francesco36@example.org,Villa D'Aiano,2025-04-08
3736,Aldo Federico,jscamarcio@example.com,Giaiette,2025-07-28
3737,Giada Doria,ida27@example.com,Pellezzano,2026-01-23
3738,Marina Nitto,ubertopacillo@example.com,Stio,2025-02-20
3739,Lorenzo Cadorna,molesinimilena@example.com,Zoldo Alto,2024-05-28
3740,Michela Missoni,campanellacristina@example.org,Cesiomaggiore,2024-01-06
3741,Vittorio Pavarotti,martinojuvara@example.net,Casavitola,2023-09-27
3742,Pierangelo Pergolesi,francescomonteverdi@example.com,Superga,2026-06-10
3743,Sig. Ferdinando Pertini,liviovattimo@example.org,Petrignano Del Lago,2023-11-24
3744,Angelo Bergoglio,kscotti@example.net,Alessia,2024-02-19
3745,Michela Bossi,patrizio16@example.org,Premosello Chiovenda,2024-02-08
3746,Dott. Vincenzo Tutino,eziorapisardi@example.com,Altino,2024-03-08
3747,Danilo Carfagna,ebernardini@example.com,Fossalta,2024-07-12
3748,Sig. Bartolomeo Necci,tiziana75@example.org,Villair,2025-01-07
3749,Giorgio Tommaseo,comollisabatino@example.org,Campoli Di Caulonia,2024-01-11
3750,Sig. Nicolò Pratesi,raimondo30@example.net,Vaglio Basilicata,2026-05-08
3751,Angelo Pepe-Briccialdi,elianabenedetti@example.org,Valderice,2024-12-12
3752,Erika Crispi,ennio20@example.com,Meana Sardo,2023-12-23
3753,Luciana Segni,giacinto18@example.com,Angoli,2024-01-09
3754,Ernesto Lamborghini-Valentino,uzito@example.org,Frattocchie,2024-09-15
3755,Amalia Modiano,xtirabassi@example.org,Montespecchio,2025-06-23
3756,Benito Donà,annalisa13@example.com,Poppino,2024-09-02
3757,Elena Ritacca,antonellobramante@example.org,Fusine,2023-11-18
3758,Marcello Ferrata,cbenigni@example.net,Roselli,2024-10-01
3759,Jolanda Nicoletti-Ceschi,valentina27@example.com,Calcinelli,2025-08-21
3760,Tiziana Ricci-Comisso,dnievo@example.net,Magliano Romano,2025-11-15
3761,Coluccio Cutuli,smuratori@example.net,Nerano,2024-05-24
3762,Dino Maspero,rodolfo16@example.net,Santa Caterina Di Pittinurri,2025-02-14
3763,Dott. Antonina Pisano,pucciniarsenio@example.net,Morte,2025-12-02
3764,Licia Turati,moschinoantonia@example.com,Lizzanella,2024-06-01
3765,Lorenzo Ramazzotti,vtrebbi@example.com,Caselle Torinese,2026-07-28
3766,Arnaldo Necci,kligorio@example.org,Scritto,2024-06-24
3767,Lodovico Borromeo,gasparetoselli@example.net,Pergusa,2026-05-13
3768,Sig. Ernesto Valentino,piero81@example.com,Longobucco,2026-01-25
3769,Rosa Botticelli,fattoripanfilo@example.net,Abazia Di Sulmona,2025-02-21
3770,Dott. Concetta Mattarella,giulio39@example.com,Igne,2025-08-21
3771,Umberto Maderna,obresciani@example.net,Ca' Rainati,2025-11-01
3772,Giulietta Sagnelli,ciro02@example.net,Mariconda,2025-03-02
3773,Mariana Turchi-Muratori,teresa32@example.net,Termini Imerese,2024-07-19
3774,Pasquale Rusticucci,anitto@example.org,Corigliano Scalo,2026-09-14
3775,Giada Carocci,gianniniveronica@example.net,Salignano,2025-04-29
3776,Fausto Farinelli,vercellonimichela@example.net,Orte Stazione,2024-01-17
3777,Vincenzo Bombieri-Mazzeo,qmoccia@example.org,San Mauro Pascoli,2025-05-15
3778,Sig.ra Sophia Lerner,pier45@example.net,Caneva,2024-11-15
3779,Dott. Melissa Mannoia,bernardofusani@example.net,Poggio Mirteto,2026-06-05
3780,Sole Migliaccio,greco76@example.net,Sant'Andrea In Besanigo,2024-01-11
3781,Erika Mogherini,donarellileopoldo@example.net,Trignano,2025-06-20
3782,Sig.ra Romina Nonis,jfantoni@example.net,Tobia,2024-04-02
3783,Vincenza Piccinni,benvenutoluria@example.org,Altofonte,2025-12-13
3784,Alina Montesano,delfinopavanello@example.com,Villa Verucchio,2024-07-08
3785,Lisa Barillaro,federigocipolla@example.org,Dardago,2024-06-18
3786,Franco Castellitto-Almagià,iannottilaureano@example.com,Cerreto D'Esi,2024-07-03
3787,Silvestro Tasca,michelotto25@example.net,Bolladello,2026-05-31
3788,Edoardo Carullo,sergiuscafarchia@example.com,Tommaso Natale,2024-06-21
3789,Gianluigi Barracco,osvaldomanzoni@example.org,Quinzanello,2025-11-24
3790,Annetta Delle,francesca26@example.net,Peretola,2025-12-28
3791,Gianna Antonucci-Adinolfi,interianougolino@example.org,Miramare Di Rimini,2026-07-02
3792,Ludovica Tanzini,bramantedino@example.net,Mena' Vallestrema,2024-12-11
3793,Ennio Panzera,francesco99@example.com,La Valle Agordina,2025-01-24
3794,Dott. Vito Bottigliero,rparpinel@example.com,Atzwang,2025-07-21
3795,Manuel Panicucci,nperanda@example.org,Leognano,2024-07-07
3796,Temistocle Morpurgo,pierluigicundari@example.org,Valvestino,2025-05-07
3797,Giacobbe Ruberto-Camicione,pausininapoleone@example.com,Ischia,2026-05-17
3798,Eva Mercadante-Morandi,daniele61@example.com,Racalmuto,2024-11-09
3799,Leone Cassarà,rbrugnaro@example.com,Pian Di Borno,2026-03-16
3800,Fiorino Germano,michelangelo14@example.net,Molfetta,2025-07-19
3801,Piersanti Manolesso-Filangieri,bartolomeo91@example.com,Tignale,2025-11-19
3802,Zaira Lupo,federicopavarotti@example.org,Siapiccia,2025-04-13
3803,Bettina Pincherle,aldogentili@example.net,Lessolo,2024-02-02
3804,Atenulf Capuana,flora85@example.org,Calvi,2025-05-28
3805,Luchino Tomasini,agualtieri@example.org,Castel San Pietro Monferrato,2025-02-09
3806,Gelsomina Cipolla,milanesialberto@example.com,Pontinvrea,2025-12-22
3807,Jolanda Sibilia,moresirita@example.org,San Marcellino,2025-12-04
3808,Sig. Benito Trezzini,bettinascamarcio@example.org,Tesero,2023-12-26
3809,Torquato Puccini-Camuccini,ornella99@example.org,Soldano,2026-05-26
3810,Eleanora Saragat,chiara73@example.com,Monsola,2025-03-01
3811,Teresa Mondaini,lettiereantonina@example.org,Sand in Taufers,2026-01-07
3812,Giulietta Golino,majewskitiziana@example.org,Savignano Stazione,2024-09-26
3813,Stefania Albertini,maglioguido@example.net,Tiers,2024-05-21
3814,Elladio Palazzo,martinapininfarina@example.net,Castelcavallino,2026-04-22
3815,Luchino Tafuri-Mondadori,lbova@example.com,Finale Emilia,2024-04-30
3816,Fabrizia Crisafulli,lucarellifortunata@example.net,Lona Lases,2024-07-03
3817,Silvia Ficino,ftotino@example.org,Annifo,2025-05-15
3818,Alfredo Treves,morosiniaurora@example.net,Bonferraro,2026-07-11
3819,Antonia Dellucci,gabrieleorsini@example.com,Pietragavina,2024-07-18
3820,Gelsomina Pertini,panattaeugenia@example.net,Castelbellino,2024-12-01
3821,Emilio Tron-Bartoli,aspruccisimone@example.com,Corbiglia,2025-11-14
3822,Gianna Cimini,bernettipaulina@example.org,La Luce,2024-04-10
3823,Ivo Spanevello,mboito@example.com,Borgo Zurini,2026-08-19
3824,Viridiana Govoni,ungarettievangelista@example.org,Borrello Di San Mauro Castelverde,2026-04-06
3825,Sig.ra Emma Visconti,pborrani@example.net,Glair,2025-01-31
3826,Elmo Coardi,alina35@example.com,Malegno,2025-10-22
3827,Lolita Bosio,nibalimilena@example.net,Savazza,2025-07-27
3828,Vanessa Mercati,badoeragnolo@example.com,Divino Amore,2023-10-09
3829,Elmo Boezio-Brambilla,fabrizio82@example.org,Ranchio,2025-05-06
3830,Giancarlo Montanari-Gianetti,fracciallegra@example.org,Ara Nova,2024-09-27
3831,Ermanno Argurio-Munari,zaira65@example.org,Celano,2025-01-15
3832,Laura Soffici,mmetella@example.com,Rizzacorno,2024-10-11
3833,Domenico Meucci-Cusano,pmigliaccio@example.com,Navazzo,2025-06-16
3834,Lucrezia Desio-Golino,bazzifrancesco@example.net,Fara Olivana Con Sola,2024-10-17
3835,Hugo Marini,martuccistella@example.org,Pisano Etneo,2024-12-09
3836,Michelangelo Abatantuono,vattimoantonia@example.org,Maser,2026-03-21
3837,Mariana Treves,canovaluisa@example.net,Nanno,2024-07-11
3838,Angelina Orlando,delfino20@example.org,Balvano,2024-07-21
3839,Giulio Giunti,vitonitti@example.com,San Lorenzo A Merse,2026-07-10
3840,Marissa Venditti-Zetticci,telemaco92@example.org,Agnedo,2025-08-07
3841,Dott. Ludovica Pederiva,farinellierika@example.com,Cantalupo In Sabina,2024-03-04
3842,Ida Balbi-Barcaccia,pferraris@example.net,Tavernelle,2025-02-13
3843,Elladio Fagotto,teresa56@example.net,Caprauna,2024-08-15
3844,Alessio Luria,hugo84@example.org,Ello,2024-10-06
3845,Virgilio Trezzini,malacarnericciotti@example.com,Chieri,2026-06-03
3846,Aldo Borghese,martuccifredo@example.net,Campomolino,2024-01-09
3847,Ruggero Garzoni,uberto08@example.net,Sant'Oliva,2026-04-02
3848,Antonello Zetticci,montalcinisilvio@example.net,Masiano,2023-12-09
3849,Gelsomina Sordi,fabiafederici@example.com,Pescara Colli,2023-11-27
3850,Michela Antonelli,dgarobbio@example.net,Volania,2024-12-30
3851,Annamaria Tresoldi,jmarazzi@example.org,Tremensuoli,2025-05-09
3852,Cirillo Bixio,arnulfo90@example.com,Tanca Marchese,2025-07-30
3853,Ennio Cabrini,igreggio@example.com,Sangineto Lido,2023-11-26
3854,Sig.ra Paloma Ferraris,beffacarlo@example.com,Vallelata,2025-08-18
3855,Liliana Morellato,ferrettialdo@example.org,Gauna,2024-10-30
3856,Donatello Luzi,folettisandra@example.org,Civitavecchia,2025-11-19
3857,Dott. Eva Murri,polanigriselda@example.net,Cavizzana,2024-12-23
3858,Ruggero Onio,nscalera@example.net,Val Di Vizze,2025-04-05
3859,Cesare Viviani,alessiagiulietti@example.org,San Pietro In Valle,2023-11-13
3860,Laura Blasi-Bosio,dettigastone@example.com,Acquatraversa Di Formia,2023-12-08
3861,Benedetto Fracci,interianopietro@example.net,Sepino,2026-02-09
3862,Livia Avogadro,ebertoni@example.com,Galugnano,2024-09-06
3863,Viridiana Sommaruga,vcelentano@example.org,Favarella,2025-01-28
3864,Dott. Giulia Ruberto,evanvitelli@example.com,Parabita,2025-10-28
3865,Amico Vendetti,monica49@example.com,Tritanti,2025-08-20
3866,Gianna Littizzetto-Salvemini,zpraga@example.net,Marciano Della Chiana,2025-02-13
3867,Marisa Ostinelli-Vecellio,gantonacci@example.com,Ponte A Egola,2025-12-19
3868,Dott. Giorgia Gonzaga,rinterminei@example.org,St. Martin in Thurn/S. Martin de Tor,2026-07-18
3869,Dott. Carmelo Barillaro,paridevergerio@example.org,Tavoleto,2025-11-05
3870,Luigi Argentero,dbonino@example.org,St. Helena,2026-05-06
3871,Puccio Salvemini-Borrani,matteottibarbara@example.com,Pfulters,2026-02-25
3872,Danilo Scalera,verdiliberto@example.net,San Martino Sinistra,2024-07-18
3873,Salvatore Vendetti,stucchicoluccio@example.org,Garessio Borgo Piave,2026-09-16
3874,Donato Sanudo,emma45@example.net,Botticino Sera,2026-05-30
3875,Enzo Fuseli,deleddamariana@example.com,In Via San Nicola,2025-02-16
3876,Uberto Stein,ortolaniletizia@example.com,Panni,2026-06-26
3877,Sig.ra Paoletta Spinelli,dlanfranchi@example.net,Licenza,2026-07-18
3878,Nino Ferrata,sordisilvio@example.org,Moggio Di Sotto,2025-10-29
3879,Amedeo Montanariello,maria11@example.org,Agriano,2026-02-17
3880,Fernanda Perini-Peranda,annetta69@example.net,Santa Maria Di Rispescia,2023-12-20
3881,Irma Paruta,kudinesi@example.com,Torreano,2025-02-12
3882,Aldo Tozzo,sergiusbarozzi@example.com,Macine,2026-02-11
3883,Amico Gabba,mprodi@example.com,Miraldo,2023-09-23
3884,Ansaldo Crispi,lodovico12@example.org,Buti,2024-02-03
3885,Marcello Balbi,raffaelebellucci@example.org,Nardodipace,2026-04-23
3886,Mercedes Almagià,lucreziazoppetti@example.org,San Sostene Marina,2025-01-15
3887,Gemma Bocelli-Bernardi,rodolfobellucci@example.com,Mompantero,2026-05-12
3888,Martino Bossi,gino20@example.org,Villa Di Villa,2025-12-19
3889,Sig. Fiorino Rapisardi,lina57@example.net,Rignano Sull'Arno,2024-06-26
3890,Sig. Gioachino Monteverdi,zairatrussardi@example.net,Bard,2025-07-31
3891,Bettina Petruzzi,simonescarlatti@example.org,Nervi,2025-07-17
3892,Adriana Satriani,giulietta77@example.org,Entracque,2025-02-18
3893,Vanessa Tomasetti,romanapozzecco@example.org,Villa D'Adige,2024-08-23
3894,Dott. Gianluca Brunello,salvi17@example.net,Loreto Aprutino,2025-01-31
3895,Dott. Lolita Castioni,gioele08@example.org,Villa San Romualdo,2025-03-05
3896,Melina Parisi,aldo34@example.net,San Vitaliano,2025-06-29
3897,Diana Peruzzi,danilo22@example.com,Rocca Di Neto,2025-06-12
3898,Bianca Saragat,rosminiviridiana@example.net,Hone,2025-07-11
3899,Armando Caccioppoli,luchino05@example.org,Casalbordino,2025-09-05
3900,Serafina Norbiato,maggiolifederica@example.org,Hinterkirch,2024-06-11
3901,Rossana Vecoli,flaianoluchino@example.org,Piana Degli Albanesi,2024-02-14
3902,Adele Stefanelli,jgemito@example.org,Tonco,2025-07-04
3903,Giacobbe Pavanello,vincenza63@example.com,Torchiarolo,2026-03-22
3904,Luchino Stradivari,cundariclelia@example.net,Castel Dell'Alpi,2026-02-26
3905,Silvestro Rosselli,mirkobataglia@example.net,Fontecchio,2023-11-24
3906,Sig.ra Livia Sordi,ottonealfonsi@example.org,Castignano,2025-08-13
3907,Sig. Salvatore Scarpetta,interianoazeglio@example.com,Case Nuove,2026-03-30
3908,Marisa Canevascini,michele30@example.net,Bivona,2026-07-19
3909,Cassandra Serlupi,romiticipriano@example.com,Masera,2024-09-20
3910,Adelasia Germano,migliaccioluisa@example.org,Gaggio Montano,2024-07-15
3911,Rossana Camicione,orlando98@example.net,Vione,2025-06-18
3912,Stefano Gussoni,garozzoaldo@example.net,Sassofeltrio,2026-06-19
3913,Aria Spanevello,piergiuseppedeledda@example.com,Cavallirio,2024-04-21
3914,Sig. Liberto Perozzo,gasperialessandra@example.org,San Valentino Torio,2023-11-14
3915,Valentina Dovara,fantonivanessa@example.com,Fane,2024-04-17
3916,Ludovica Paltrinieri,brunolamberto@example.com,Sant'Antonio Ruinas,2026-01-12
3917,Gelsomina Farnese,qbonaventura@example.org,Fara Vicentino,2024-09-08
3918,Fiamma Gonzaga,marconigiulietta@example.org,Maiero,2026-03-05
3919,Paola Gualandi,rolando87@example.com,Rimella,2026-01-31
3920,Virginia Vigorelli-Prati,magrassipiergiorgio@example.com,Sant'Andrea A Montecchio,2023-11-16
3921,Amadeo Carriera,rensianita@example.com,Civitella Marittima,2024-09-16
3922,Sig.ra Tatiana Vento,epiovani@example.org,Garessio,2023-12-25
3923,Giacobbe Nadi,vamato@example.net,Lago,2026-04-12
3924,Alessandra Salata,angelicaverdone@example.com,Micciano,2024-08-04
3925,Ansaldo Zaccagnini,raffaella68@example.org,Molini,2024-03-17
3926,Valeria Mondadori-Sonnino,adriano67@example.org,Borgo Santa Maria,2024-04-27
3927,Concetta Toldo,marcellomaglio@example.org,Anqua,2024-11-27
3928,Eliana Pedersoli,platininatalia@example.com,Lotzorai,2023-11-22
3929,Girolamo Sibilia,lazzaro29@example.com,Santa Brigida,2025-09-03
3930,Giulio Aloisio,alfredomissoni@example.com,San Michele Del Carso,2024-12-20
3931,Danilo Mancini-Brenna,qtroisi@example.com,Pozzilli,2026-08-15
3932,Gelsomina Ficino-Salgari,vgaltarossa@example.org,Val Della Torre,2023-10-14
3933,Raffaele Zola,bcampano@example.net,Sovere,2025-07-30
3934,Irma Turci,gberre@example.net,Groppoducale,2025-03-24
3935,Melania Pasolini,smarzorati@example.com,Penango,2024-03-31
3936,Fiorenzo Gianetti,tropeaezio@example.org,Fumeri,2025-07-10
3937,Lazzaro Crispi-Agazzi,calcedonio58@example.net,Matelica,2025-04-02
3938,Allegra Vespucci-Comolli,nchigi@example.net,Palagano,2024-12-09
3939,Lara Morucci,annibale29@example.org,Corpo Di Reno,2025-09-03
3940,Hugo Bottigliero,filippo42@example.org,Legnago,2026-08-17
3941,Clelia Gigli,chedaguarino@example.com,Fiesole,2024-10-24
3942,Marina Bartoli,agnesimarco@example.net,Oncino,2025-10-10
3943,Coriolano Caironi,martinelligioacchino@example.net,Roncegno,2023-10-28
3944,Stefania Granatelli,giglieliana@example.org,Viggianello,2026-07-31
3945,Adelasia Pometta,sfaugno@example.org,Spartimento,2025-04-20
3946,Salvatore Argento,casaleggiopiersanti@example.com,Auna Di Sopra,2025-07-22
3947,Nedda Cundari,raffaelloperanda@example.net,Battendieri,2026-07-21
3948,Coluccio Contarini,malpighivalentina@example.net,Gioiosa Marea,2025-09-19
3949,Gianmarco Roccabonella,michelettotrentin@example.org,Bienno,2024-11-02
3950,Rembrandt Scalera,fagnesi@example.org,Ne,2024-04-09
3951,Guglielmo Priuli,eugenialucciano@example.org,Arielli,2026-01-21
3952,Donatella Pistoletto,ltanzini@example.com,Valleggia,2024-10-06
3953,Tonia Murialdo,filippa06@example.com,Loiri,2025-04-29
3954,Gianni Bartoli-Guarana,gioele08@example.net,Montevettolini,2026-06-07
3955,Dott. Costanzo Cannizzaro,dpisacane@example.net,Santa Croce Di Magliano,2026-09-19
3956,Rembrandt Bombieri-Boaga,gianpaolomalacarne@example.org,Madonna Di Campiglio,2023-10-11
3957,Virginia Travia,milenavalier@example.net,Polpet,2023-12-02
3958,Amadeo Conti,rcontrafatto@example.net,Riomagno,2026-08-30
3959,Lando Parri,luciano97@example.com,Siapiccia,2026-06-12
3960,Arnaldo Perini,fcortese@example.com,Badia A Cerreto,2024-09-08
3961,Giulia Ruggieri,antoninabernetti@example.org,Poggiovalle,2026-04-28
3962,Sig.ra Sandra Cundari,pietro55@example.net,Montenero Di Todi,2024-08-26
3963,Massimiliano Riccardi,solarimercedes@example.org,Indicatore,2024-10-25
3964,Ida Paltrinieri,tulliozamengo@example.com,Castelgrande,2026-08-14
3965,Concetta Ferretti,pleonardi@example.org,Capergnanica,2026-01-12
3966,Sig.ra Greca Fiorucci,iolanda04@example.org,Massa Lubrense,2025-07-25
3967,Fabio Bulzoni,gianluigicorbo@example.org,Villeneuve,2025-10-04
3968,Cirillo Bragadin,luisa29@example.org,Santu Lussurgiu,2024-12-16
3969,Etta Serraglio,manuntapatrizia@example.com,Molini D'Isola,2023-12-04
3970,Giuseppina Montanelli-Longhena,marcocilea@example.com,Hohlen,2023-10-16
3971,Michele Fantoni,fcanetta@example.net,Porano,2026-05-07
3972,Ornella Frescobaldi-Finetti,victoria24@example.com,Centrale,2023-11-22
3973,Bianca Giunti-Niscoromni,adelemusatti@example.net,Ardenza,2026-06-23
3974,Gabriella Treves,vvenier@example.net,Terricciola,2026-07-03
3975,Paulina Castiglione,calogerosatta@example.org,Centenaro,2024-01-30
3976,Martina Turchi,lucrezia46@example.net,Ribolla,2026-05-14
3977,Dino Franzese,paride86@example.org,Antegnate,2025-12-25
3978,Sig.ra Rosa Stoppani,nbrunello@example.com,Agrano,2025-09-29
3979,Stella Gilardoni,gantelami@example.org,Rigolato,2025-03-10
3980,Dante Niggli,pier69@example.com,Agrate Conturbia,2025-05-19
3981,Stella Impastato-Scalera,pinaarmellini@example.org,Rebibbia,2024-07-11
3982,Germana Marsili,ballamelina@example.com,Valenza,2025-03-17
3983,Venancio Armani-Carli,giannamaspero@example.net,Rignano Bolognese,2026-03-18
3984,Arturo Bianchini,livioconte@example.com,Zelarino,2024-07-27
3985,Giulio Stucchi,tullio64@example.net,Presenzano,2024-08-03
3986,Lisa Panicucci,liciapietrangeli@example.org,Posina,2024-10-04
3987,Annamaria Ferraris,amico37@example.net,Vigardolo,2024-03-03
3988,Lisa Trotta,tarantinigraziano@example.net,Siamaggiore,2025-09-28
3989,Saverio Barberini,benedetto98@example.net,Botto,2024-04-03
3990,Irma Leopardi,wtrillini@example.org,Cologna,2026-07-02
3991,Gianfranco Interiano,albertobaggio@example.com,Alatri,2024-10-24
3992,Dolores Casaleggio,alinaferrara@example.com,Valgrana,2025-09-05
3993,Lauretta Ginese,fcalgari@example.org,Santa Lucia Di Fiamignano,2026-08-12
3994,Vanessa Tiepolo,hsoderini@example.com,Cuggiono,2025-01-31
3995,Sylvia Montalcini,camillogiannone@example.net,Collecorvino,2024-03-24
3996,Rembrandt Comisso,dionigi27@example.com,Poggio Cinolfo,2024-10-07
3997,Angelina Doglioni,leonardo30@example.net,Casale Di Tornolo,2024-01-20
3998,Azeglio Giulietti,pascarellaippazio@example.org,Monte Cerignone,2024-11-29
3999,Niccolò Jacuzzi,fginese@example.org,Cellore,2025-06-23
4000,Rocco Morandini,biagio09@example.com,Casaleggio Boiro,2024-04-08
4001,Stefani Agazzi,costalongaazeglio@example.com,Carpinelli,2024-09-20
4002,Sandro Guarato,carlo14@example.org,Giglio,2023-11-16
4003,Mauro Cavanna,zpennetta@example.com,Massenzatica,2026-07-21
4004,Azeglio Bernardini,zampasusanna@example.net,Castagnaro,2025-11-25
4005,Valeria Lovato,pertinifiorino@example.com,Pero,2024-04-19
4006,Valerio Bernardini,alessandrovigliotti@example.org,Piandelagotti,2026-02-01
4007,Fiorino Favata,giuseppinarenault@example.org,Baricetta,2026-08-03
4008,Romana Frescobaldi-Angiolello,valerio02@example.net,Taizzano,2026-04-07
4009,Dott. Liana Ziani,elena42@example.com,Gatteo A Mare,2025-07-14
4010,Annibale Verri,xmazzocchi@example.org,Velasca,2026-07-05
4011,Ottavio Borromini,tonidona@example.com,San Cassiano,2024-11-15
4012,Gastone Donà,fcarfagna@example.net,Passo Del Tonale,2024-08-18
4013,Sabatino Iacovelli,marissa53@example.net,Campolano,2025-05-19
4014,Dott. Federica Pirandello,danielescalfaro@example.net,Castelmezzano,2026-04-01
4015,Sig. Puccio Tamburello,vismaraoreste@example.com,Coperchia,2024-05-09
4016,Ivo Pellico,uscaduto@example.com,Pozzol Groppo,2023-12-13
4017,Ida Casaleggio,melissacastelli@example.net,Loreto,2024-02-24
4018,Matilda Solari,emmacuda@example.com,San Damiano Macra,2026-07-05
4019,Severino Falier,lucchesimirko@example.com,Rivarolo Del Re,2025-05-13
4020,Massimo Turchetta,angelica60@example.net,Rignano Garganico,2025-06-04
4021,Tullio Palmisano,cbongiorno@example.net,Morigino,2023-09-23
4022,Massimiliano Monteverdi,walboni@example.org,Valera Fratta,2026-02-01
4023,Atenulf Bembo,yferrante@example.net,Montegrosso,2026-04-05
4024,Enrico Agostini,milo29@example.com,Marotta,2023-12-18
4025,Pina Chiesa,hsokolov@example.net,Casino Levizzano,2024-08-27
4026,Gaspare Abatantuono,kcomolli@example.org,Ficarra,2024-04-13
4027,Angelina Cortese,maria34@example.org,Fiuggi,2025-01-09
4028,Dott. Alfredo Finzi,pierangelofantini@example.net,Borgiallo,2025-07-30
4029,Ermenegildo Luria-Bandello,gemma47@example.com,Rontagnano,2026-05-04
4030,Mercedes Cociarelli,aurorarocca@example.org,Santa Maria La Bruna,2025-12-17
4031,Raimondo Giusti,omarsili@example.net,Ronchi Valsugana,2024-01-06
4032,Melania Bombieri,hfoconi@example.org,Castiglione Cosentino Stazione,2024-07-25
4033,Alessia Ariasso-Ferrara,leonardogermano@example.com,Savignano Irpino,2025-11-14
4034,Sig. Ruggiero Paltrinieri,massimo38@example.com,Chiaramonte Gulfi,2024-04-10
4035,Flora Jilani,wgiacometti@example.org,Unterglaning,2024-01-20
4036,Gabriella Ruberto,alberto93@example.com,Sant'Angelo In Salute,2024-09-18
4037,Michela Petrocelli,zfarinelli@example.org,Villanova Del Battista,2025-04-03
4038,Aria Briccialdi,elena14@example.com,Sarnico,2023-10-29
4039,Virginia Taccola,bettinaborroni@example.net,Villabella,2025-04-16
4040,Flora Schicchi,ninettaverga@example.net,Nao,2025-11-18
4041,Flavia Regge-Costalonga,scadutoarnulfo@example.net,Osilo,2025-12-22
4042,Nadia Gibilisco,pavanelloelena@example.com,San Pietro Piturno,2025-02-08
4043,Dott. Gemma Agostini,talierciomartina@example.net,San Martino Sinistra,2024-03-01
4044,Dott. Mariano Ginese,yemo@example.org,Introzzo,2024-07-09
4045,Azeglio Antonini-Marzorati,annibalegottardi@example.net,Madonna Dei Fornelli,2023-11-03
4046,Loretta Pellico,roberto39@example.org,Edolo,2025-09-11
4047,Saverio Pedrazzini,mercedes62@example.net,Montebelluna,2023-12-10
4048,Aria Barbarigo,poeriogriselda@example.com,Casoni,2025-02-05
4049,Elvira Seddio,iduodo@example.net,Badesse,2024-04-29
4050,Elladio Samele,xpacomio@example.com,Bioglio,2025-03-01
4051,Bianca Granatelli,aprada@example.org,Sciconi,2026-06-09
4052,Aria Leblanc-Galtarossa,martino75@example.org,Campi Bisenzio,2026-05-29
4053,Salvi Ciampi,ninettaritacca@example.net,Fiumicino,2024-04-27
4054,Fredo Bosio,claudiamoccia@example.net,Lentella,2026-02-09
4055,Leone Tonisto,quasimodociro@example.com,Vigevano,2024-12-09
4056,Pasqual Flaiano,beatricezamengo@example.org,Casto,2024-06-29
4057,Sig.ra Maria Pacomio,letizia27@example.org,Villa Campanile,2025-07-25
4058,Geronimo Cignaroli,vitturidaniele@example.com,Primulacco,2026-02-24
4059,Sig. Federigo Rinaldi,doriaromina@example.com,Trecastelli,2026-04-17
4060,Tonia Smirnoff,brichesesimonetta@example.com,Sestino,2025-11-11
4061,Fabia Capone,anichinivito@example.com,Fossignano,2024-01-15
4062,Sig. Raffaellino Ferrazzi,telemaco77@example.org,Sant'Ilario Milanese,2024-02-18
4063,Imelda Carli,piersanti27@example.net,Santa Croce,2025-07-15
4064,Gianluca Draghi,covadia@example.org,Castelvecchio,2024-03-01
4065,Nedda Toninelli,fmoccia@example.org,Coli,2024-04-20
4066,Dott. Puccio Argurio,ecaironi@example.com,Selegas,2024-09-26
4067,Dott. Aria Zanazzo,qmalaparte@example.org,Canneto Sull'Oglio,2025-07-21
4068,Vittoria Toldo,jbasadonna@example.net,Lumezzane Sant'Apollonio,2024-07-07
4069,Sole Iacobucci,rosarianavarria@example.org,Lapedona,2024-04-03
4070,Dott. Graziella Sagredo,giuseppina91@example.com,Camporovere,2026-08-10
4071,Dott. Amalia Torlonia,antonio39@example.net,Cantagallo,2025-11-06
4072,Rodolfo Gigli,melissamuratori@example.net,Lizzano In Belvedere,2025-09-30
4073,Ivan Gucci,zaccagninimirko@example.com,Serrara,2023-12-28
4074,Aldo Rastelli,scottigioachino@example.com,Ferrere,2024-03-12
4075,Sig.ra Fabrizia Donarelli,cammaratagiacomo@example.net,San Nicolo' Gerrei,2024-01-17
4076,Rosa Mazzi,rgussoni@example.org,Fornase,2025-08-15
4077,Dott. Luigina Medici,barbara63@example.net,La Valle,2025-09-06
4078,Nadia Pietrangeli,tbajamonti@example.com,Belvedere Di Siracusa,2025-12-13
4079,Isabella Malipiero,spinolagraziella@example.net,Brunico,2024-04-10
4080,Dott. Gianfranco Morandi,ncicala@example.com,Matinella,2024-08-21
4081,Dott. Giuliana Manunta,marina22@example.org,Madonna Dell'Olmo,2025-04-02
4082,Martina Sagnelli-Pizziol,puccieva@example.com,Susa,2024-04-01
4083,Francesco Bocelli,ermeschiaramonte@example.org,Podresca,2025-12-23
4084,Dott. Sole Argento,trevisanisilvio@example.org,Ripafratta,2026-08-02
4085,Flora Bertolucci,maurosaracino@example.com,Ponte Ronca,2025-04-20
4086,Federico Lombardi,ciprianobarcella@example.net,Sangano,2024-03-06
4087,Angelo Alonzi,itarchetti@example.net,Poggio Picenze,2026-01-22
4088,Sig. Gianluca Filogamo,boitovalentina@example.com,Gioia Dei Marsi,2023-10-29
4089,Uberto Lollobrigida-Sagese,vtomei@example.org,Altamura,2024-09-23
4090,Natalia Falcone,asmundomicheletto@example.com,Castiglione Di Garfagnana,2024-09-16
4091,Veronica Fuseli-Rapisardi,panfilofoa@example.org,Giba,2026-05-28
4092,Loredana Callegaro,carmelovenditti@example.net,Mede,2026-05-14
4093,Gloria Mazzocchi,alfiobataglia@example.com,Lodetto,2025-01-12
4094,Sig. Leone Ottino,sageselucrezia@example.com,Lucignano D'Arbia,2025-08-07
4095,Elena Albertini,ignazio95@example.net,Tarcento,2025-07-14
4096,Livia Campanella,paoletta47@example.com,Brusciana,2023-12-21
4097,Paolo Ruberto,donato31@example.com,Arosio,2023-09-28
4098,Renzo Cibin,vergassolavaleria@example.com,Pieve Saliceto,2026-03-27
4099,Imelda Pometta,giampiero89@example.net,Cervia Milano Marittima,2026-05-10
4100,Sandra Trombetta,cleopardi@example.org,Ranzo,2025-05-20
4101,Elmo Staglieno,giuliettimanuel@example.net,Cisterna,2024-03-24
4102,Francesca Manunta,berenicecomisso@example.org,Pellaro,2025-05-26
4103,Caterina Comolli,fabrizio17@example.org,Pichl,2024-05-31
4104,Fernanda Cabibbo-Scotti,morena80@example.com,Fallo,2026-03-27
4105,Dott. Benvenuto Curatoli,roman90@example.org,Canda,2025-05-30
4106,Romana Valier,nstaglieno@example.net,Pastorano,2026-05-10
4107,Francesca Aporti,liana48@example.net,Solza,2024-06-27
4108,Guglielmo Tassoni-Zarlino,enrico66@example.org,Varcaturo,2023-12-02
4109,Beppe Gradenigo,vergassolapomponio@example.com,Marano Principato,2023-11-11
4110,Sig.ra Antonina Duse,contarinisilvestro@example.net,Musocco,2024-06-06
4111,Ludovico Fermi,daniele70@example.net,Lido Di Mortelle,2026-02-15
4112,Leone Vigorelli,annunziata32@example.net,Bragioli,2024-08-07
4113,Enzio Travaglia,lmontesano@example.org,Castromediano,2026-01-13
4114,Sig.ra Antonella Abatantuono,egentileschi@example.com,Ossuccio,2024-01-26
4115,Sig.ra Valeria Gritti,pina90@example.org,Cilavegna,2026-01-09
4116,Sig.ra Angelica Prada,detticalogero@example.net,Tula,2025-06-07
4117,Diana Morpurgo,viridiana47@example.org,Castelfranco In Miscano,2024-10-11
4118,Carla Fallaci,yguinizzelli@example.org,San Giovanni,2026-07-09
4119,Diana Barozzi,melissa82@example.net,Carpineto Della Nora,2025-07-30
4120,Antonia Iannotti-Ceci,msanti@example.org,Cumignano Sul Naviglio,2024-04-16
4121,Sig.ra Ramona Passalacqua,annunziatapanicucci@example.org,Pertica Alta,2023-11-22
4122,Silvia Riccati,emilio20@example.net,Valle San Felice,2026-02-07
4123,Sig.ra Vittoria Romano,gianluca61@example.org,Simeri Crichi,2024-04-24
4124,Girolamo Pasqua-Giorgetti,mcuzzocrea@example.com,Bicocca Di Novara,2026-04-07
4125,Enzo Favata,falmagia@example.org,Roccaspinalveti,2024-06-03
4126,Giuliano Scamarcio-Tarchetti,antonucciangelina@example.net,Caramagna Piemonte,2025-01-03
4127,Nadia Fanucci,polaniletizia@example.net,Villa Lagarina,2024-11-08
4128,Nadia Gulotta,aldo06@example.org,Creva,2025-03-21
4129,Marina Sgalambro,angelicaimpastato@example.org,Cappella Morrone,2024-04-29
4130,Ornella Iannucci,turchettaroberta@example.net,Minervino Murge,2025-04-16
4131,Fabrizia Morandi,pvidoni@example.org,Senales,2026-03-21
4132,Dott. Loretta Cimarosa,leoncavallomarco@example.com,Marti,2024-02-16
4133,Giacomo Soderini,vpacelli@example.org,Spera,2025-05-13
4134,Mario Gonzaga,hbianchini@example.com,Limbadi,2025-11-01
4135,Sylvia Fibonacci,micheladulbecco@example.com,Fossano,2023-11-30
4136,Anita Tafuri,wsemitecolo@example.com,Galdo,2025-07-30
4137,Patrizio Serraglio,cpavanello@example.com,Pruno Di Stilves,2026-04-22
4138,Achille Ferraris,lucianacainero@example.com,Urbisaglia,2024-12-17
4139,Guarino Disdero-Mimun,pina62@example.net,Gesturi,2025-11-15
4140,Arnaldo Staglieno,martina18@example.org,San Nicola Baronia,2026-04-13
4141,Dott. Adelasia Calbo,murialdoguido@example.net,Meri',2023-11-01
4142,Galasso Donà-Morricone,tozzopina@example.org,Maiorano Di Monte,2025-10-31
4143,Berenice Dandolo,xbeccaria@example.org,Pedraces,2026-05-30
4144,Natalia Venier-Fioravanti,riannotti@example.org,Cottanello,2023-11-11
4145,Fiorino Fantini,lodovicodepero@example.org,Molfetta,2025-09-14
4146,Vincenzo Bianchi-Pinamonte,annamariazamengo@example.net,Pietrarubbia,2023-11-26
4147,Dott. Antonello Garobbio,ypavone@example.org,San Martino Pizzolano,2024-01-02
4148,Orazio Casaleggio,priscilla89@example.org,Vauda Canavese,2026-05-06
4149,Jacopo Toninelli,ricciardiornella@example.com,Ittireddu,2025-01-25
4150,Luisa Montecchi,michelevalguarnera@example.net,Longone Al Segrino,2024-02-10
4151,Lauretta Pirandello,montesanoorlando@example.org,San Giorgio Al Tagliamento,2024-10-12
4152,Dott. Ernesto Pausini,giacobbe47@example.net,Martone,2025-07-16
4153,Giuseppe Donatoni,jpometta@example.net,Berchida,2024-02-06
4154,Nadia Bossi-Gullotta,ymannoia@example.com,Pianengo,2026-02-05
4155,Fabrizia Celentano,gbandello@example.org,Ala Di Stura,2024-03-29
4156,Arnulfo Aldobrandi,ulollobrigida@example.net,San Girolamo,2026-07-18
4157,Allegra Mazzi,vincenzacanali@example.com,Osilo,2024-08-09
4158,Flavio Fagotto,filippasalvemini@example.com,Marcellise,2025-02-01
4159,Dott. Bartolomeo Marzorati,otraetta@example.net,Asigliano Vercellese,2024-02-22
4160,Margherita Fo,ccastioni@example.org,Ariccia,2023-11-05
4161,Giorgio Roncalli,yvirgilio@example.net,San Vittore Olona,2025-02-23
4162,Bernardo Tebaldi,upeano@example.net,Pietra Ligure,2023-11-10
4163,Marisa Leoncavallo,scamarcioseverino@example.com,Scalenghe,2025-08-24
4164,Micheletto Gianinazzi,faggianitiziano@example.com,Baldichieri D'Asti,2024-12-24
4165,Camilla Pigafetta,gagginiferdinando@example.com,San Vigilio,2024-03-16
4166,Sandra Casarin,paulina23@example.com,Monteortone,2023-12-19
4167,Pietro Borrani,cmorlacchi@example.net,Grisi',2023-10-30
4168,Raffaello Ruggieri-Russo,priscilla86@example.net,Borgo Piave,2026-01-07
4169,Galasso Montessori-Gadda,berninigiorgio@example.org,Preara,2024-02-25
4170,Valentina Badoer-Benussi,severinotamborini@example.org,Torre Del Lago Puccini,2023-11-05
4171,Sig.ra Caterina Agazzi,giuseppinatonisto@example.com,Antonelli,2026-01-07
4172,Dott. Fabrizia Antonetti,baraccabaccio@example.org,Petritoli,2025-01-23
4173,Tiziano Priuli,fabrizitina@example.com,St. Peter in Ahrn,2025-05-02
4174,Guido Gozzi,cipriano12@example.com,Cese,2025-04-07
4175,Filippo Nicolucci-Gagliardi,fbrancaccio@example.net,Lobbi,2025-04-30
4176,Patrizia Mercati,rcimarosa@example.com,Castello Di Fiemme,2024-11-14
4177,Giulietta Zanazzo,annibalegiannelli@example.net,Madonna Di Pietravolta,2025-01-29
4178,Lorenzo Tamborini,stella20@example.org,Borgo Massano,2026-02-05
4179,Dott. Gionata Pometta,marcantonio14@example.net,Sant'Ottilia In Renon,2025-02-18
4180,Dott. Marcello Caccianemico,raffaelegori@example.net,Passo San Ginesio,2024-08-25
4181,Fortunata Nievo,arosiello@example.com,Valpiana,2026-02-12
4182,Raimondo Procacci,zfinotto@example.org,Santa Maria Delle Fabrecce,2023-10-01
4183,Fabia Caccianemico,sfioravanti@example.com,Celledizzo,2024-03-30
4184,Allegra Combi,qtelesio@example.net,Vaglio Basilicata,2023-10-02
4185,Dott. Raffaella Franceschi,isa68@example.com,Marina Grande Di Capri,2023-09-28
4186,Sig. Dario Pisani,casaleggiocaterina@example.org,Monterubbiano,2026-05-19
4187,Bianca Palumbo,foconipasquale@example.net,Roverchiaretta,2025-12-27
4188,Rita Lollobrigida,pincherleeugenia@example.net,Santa Marina Di Milazzo,2026-06-28
4189,Antonietta Rosmini,federigo72@example.net,Rosa',2026-04-28
4190,Calogero Palmisano-Bandello,gbarbarigo@example.org,Olginate,2023-12-07
4191,Fedele Lussu,alina41@example.com,Siderno,2026-02-27
4192,Lando Lucarelli,antoninotognazzi@example.net,Capracotta,2025-04-07
4193,Ida Chittolini,olgachigi@example.net,Calascibetta,2026-03-06
4194,Riccardo Montesano,wfoletti@example.net,Tallacano,2024-02-12
4195,Diana Tomaselli,sanguinetiiolanda@example.org,Lonato,2025-12-10
4196,Lucrezia Bandello,ballamario@example.com,Lesa,2025-05-05
4197,Rosa Majewski,mazzeojacopo@example.com,Trivignano Udinese,2026-03-19
4198,Rita Biagiotti,gagliardifederico@example.org,Siddi,2024-09-21
4199,Dott. Carmelo Petralli,ariostofredo@example.org,Alfano,2025-06-20
4200,Vittoria Pugliese,germana50@example.com,Ariano Irpino Stazione,2024-06-04
4201,Maura Orsini,luigi35@example.com,Mazzo Milanese,2024-07-16
4202,Adelmo Luna,camillogovoni@example.org,Fossola,2023-12-08
4203,Carolina Pedrazzini,lbeccaria@example.org,Salvano,2024-03-11
4204,Sig. Romeo Scarpa,rocco08@example.org,Terrasini,2026-07-01
4205,Milena Pizziol,umberto81@example.com,San Nicola La Strada,2024-01-08
4206,Griselda Vezzali,ztrussardi@example.org,Musso,2026-05-20
4207,Gianfranco Ruggieri-Cavalcanti,piermariatotino@example.net,Caposele,2026-02-07
4208,Riccardo Bajardi-Fanucci,jacuzzitiziano@example.com,Puglia,2024-08-25
4209,Lucia Anguissola,fbuonauro@example.net,Dolonne,2025-02-03
4210,Arnulfo Camiscione,tbompiani@example.org,Taizzano,2025-02-12
4211,Sig.ra Alessandra Broschi,gullottabaccio@example.net,Fraconalto,2026-07-06
4212,Piersanti Grisoni-Borghese,landobataglia@example.com,Gazzuolo,2023-12-14
4213,Dina Carullo-Loredan,erikatamburini@example.org,Pole,2024-12-18
4214,Luigina Garzoni,tomasettifulvio@example.org,Paciano,2024-11-23
4215,Loredana Guidone,gloria01@example.net,Terelle,2024-12-08
4216,Enzio Tommaseo,rdellucci@example.com,San Romualdo,2023-10-11
4217,Baldassare Fantozzi,barbara25@example.net,Schluderns,2024-02-12
4218,Bartolomeo Marangoni,lanfranchimichelangelo@example.com,Rovereto Ferrarese,2025-01-03
4219,Sole Trombetta,pietrosokolov@example.com,Balestrino,2025-01-04
4220,Annunziata Carducci,imaglio@example.org,Losson Della Battaglia,2023-10-04
4221,Liberto Chechi-Curiel,favatapatrizia@example.net,Chiaramonte Gulfi,2026-02-10
4222,Amico Canil,robertonadi@example.com,Strada San Zeno,2024-06-23
4223,Daria Federico,giorgiofederici@example.org,Contignano,2026-08-12
4224,Sig.ra Priscilla Bianchi,gianfrancozichichi@example.org,Fonterosa,2024-09-25
4225,Rosalia Saracino,broccabonella@example.com,Ponte Della Persica,2023-10-26
4226,Fredo Samele,nicoletta29@example.com,Ghivizzano,2026-08-17
4227,Daria Chiesa,alessiatropea@example.net,Marocchi,2024-03-20
4228,Sig. Gioele Gullotta,igaiatto@example.org,Campocatino,2026-03-09
4229,Luigina Scialpi,martinomocenigo@example.net,Castropignano,2026-02-19
4230,Aria Filzi,dboaga@example.org,Sesto Ulteriano,2025-01-23
4231,Bruno Dossi,qluciani@example.com,Serrapetrona,2026-07-23
4232,Sig.ra Luisa Canali,bliverotti@example.org,Scafa,2025-12-28
4233,Guglielmo Tosi,ibertolucci@example.com,San Michele Salentino,2024-06-17
4234,Annibale Palmisano,filippoboccaccio@example.org,Battaglia Terme,2024-11-24
4235,Dott. Maura Crispi,romina81@example.org,Gavazzo Nuova,2025-06-01
4236,Maura Sollima,pucciocamanni@example.org,Zafferana Etnea,2024-03-16
4237,Antonina Dossetti,imelda94@example.com,Montefano,2025-08-07
4238,Ernesto Ceri,nicolo43@example.net,Groppo,2025-01-15
4239,Edoardo Calgari-Doglioni,ricciotticuratoli@example.org,Meco,2026-07-07
4240,Dott. Rosalia Stein,massimopastine@example.com,Piazza Al Serchio,2026-05-01
4241,Vincentio Gritti,goffredopavarotti@example.net,Filorsi,2024-08-16
4242,Gianpietro Comboni,filippininatalia@example.org,Ospedalicchio,2023-12-01
4243,Marina Interiano,tizianaperanda@example.net,Calalzo Di Cadore,2024-06-16
4244,Napoleone Ruberto,pellegrinobixio@example.net,Monterotondo Marittimo,2025-03-23
4245,Stefani Borzomì,uberto74@example.net,Viazzano,2024-11-10
4246,Alberto Altera,aurora77@example.com,Valletanaro,2024-10-01
4247,Sandro Blasi,acerbidonatella@example.org,Nanto,2026-02-03
4248,Dott. Vittoria Metella,spallanzaniumberto@example.com,San Pietro A Patierno,2025-05-25
4249,Gianluigi Coardi,dimpastato@example.org,Cavalese,2026-08-08
4250,Dott. Mariano Ginesio,caracciolocostantino@example.org,Mondragone,2025-07-24
4251,Romolo Bompiani,strangioloretta@example.net,Carpari,2025-03-18
4252,Alessandra Iannuzzi,brunellopina@example.net,San Giuliano Trentapiedi,2025-06-10
4253,Federica Parmitano,gelsomina77@example.net,San Nicandro Garganico,2025-09-15
4254,Ciro Antonioni,aviola@example.org,Marzaglia,2024-04-05
4255,Nicola Paolucci,teresatanzini@example.net,Caraverio,2026-05-06
4256,Giuliano Castelli,iruffini@example.org,Roccatagliata,2025-12-30
4257,Silvio Chigi,pradalucio@example.net,Bagno Roselle,2025-08-22
4258,Dott. Annamaria Sandi,pier01@example.com,Tegoleto,2023-11-04
4259,Paloma Agostinelli,tonino06@example.org,Riana Di Monchio,2025-04-26
4260,Sergius Marinetti-Beffa,lgalvani@example.net,Corneliano D'Alba,2025-08-17
4261,Dina Cimarosa-Zecchini,ibertolucci@example.com,San Zenone Degli Ezzelini,2023-11-06
4262,Sig. Telemaco Bonanno,laureanogualtieri@example.com,Bonnanaro,2025-02-28
4263,Martina Tommaseo,grittigianni@example.net,Oberi,2025-01-30
4264,Aurora Frescobaldi,piergiorgioschiavone@example.net,Reggello,2025-07-03
4265,Maura Liverotti,venturieva@example.net,San Michele Al Tagliamento,2026-08-25
4266,Margherita Germano,luigi92@example.org,Budrione,2025-12-09
4267,Ezio Tomasetti-Cabrini,monica55@example.com,Lonate Pozzolo,2025-11-22
4268,Simone Navarria-Parini,vzola@example.com,Ispica,2025-07-09
4269,Matilda Armellini-Berengario,brugnarovittoria@example.net,Como,2023-11-05
4270,Gianmarco Pizzetti,mario31@example.net,Bivio,2024-07-13
4271,Silvestro Abba,violacarla@example.org,Cancello Di Ferrovia,2025-10-06
4272,Dott. Nino Gramsci,qmorosini@example.com,Collalbrigo,2024-02-03
4273,Giulia Borromini,parpinelcalogero@example.com,Costa Di Mezzate,2024-05-28
4274,Pierluigi Sauli-Serao,milenariccardi@example.net,Settala,2023-11-22
4275,Orazio Romano,mondadorigiorgio@example.org,Granozzo Con Monticello,2025-09-29
4276,Sig.ra Carla Manunta,mantegazzabettina@example.org,San Buono,2024-09-20
4277,Fiorino Inzaghi,fogiulietta@example.net,Valvori,2024-10-16
4278,Agostino Prodi,cassandrasamele@example.com,Seis Am Schler,2026-06-09
4279,Severino Muti-Prati,pierangelodeledda@example.org,Passo Oscuro,2026-09-12
4280,Sig.ra Ida Cattaneo,ostucchi@example.net,Godo,2024-03-22
4281,Venancio Tartaglia,puccio75@example.net,Gresine,2024-07-23
4282,Nino Foconi,mariafornaciari@example.org,Carbonate,2025-05-06
4283,Giuseppina Bignami,malpighigino@example.com,Bari Sardo,2025-07-25
4284,Sig.ra Teresa Nitto,osvaldo11@example.net,Gizzeria,2024-11-11
4285,Dott. Daria Ferrara,livia31@example.net,Niella Tanaro,2024-01-06
4286,Morena Nosiglia,fortunata53@example.net,Diano Arentino,2024-02-19
4287,Stefani Baggio-Toscani,aldobrandigalasso@example.com,Populonia,2026-02-23
4288,Federico Comisso,canalirosa@example.net,Gossolengo,2025-12-26
4289,Tonino Riccati,ventodario@example.net,Lurago D'Erba,2026-03-20
4290,Biagio Tommaseo,liana97@example.net,Strozza,2023-10-14
4291,Silvia Giacconi,alessandro67@example.org,Castel Del Piano,2023-10-04
4292,Enrico Mastandrea-Manunta,ludovicamedici@example.net,Sa Perta Ruia,2025-09-06
4293,Olga Mengolo-Boito,tcoardi@example.org,Granzette,2024-11-23
4294,Dott. Ignazio Blasi,pfibonacci@example.com,Cavaso Del Tomba,2023-09-30
4295,Cecilia Dossetti-Bianchini,vitolegnante@example.com,Treporti,2026-09-03
4296,Antonella Mortati,bosurgigermana@example.org,Limiti Di Greccio,2025-10-25
4297,Licia Villadicani,sraffagianpietro@example.org,Novi Velia,2023-10-31
4298,Gloria Ricolfi,montessoriclaudio@example.org,Pietrabruna,2026-03-16
4299,Gianpaolo Bodoni,ngolgi@example.com,Diminniti,2024-12-11
4300,Angelo Rienzo,raimondo68@example.net,Fondachello,2024-06-17
4301,Salvatore Samele,alessio93@example.org,Ceretto,2026-08-11
4302,Marcello Sansoni,flavio73@example.org,St. Martin in Passeier,2026-06-01
4303,Rita Togliatti,mortolani@example.com,Piedelpoggio,2024-02-26
4304,Irma Calbo,rpanatta@example.org,Offanengo,2025-12-22
4305,Gino Simeoni,darmellini@example.net,Bracciano,2023-09-24
4306,Federico Cafarchia,vincenza11@example.com,Conflenti Inferiore,2023-12-22
4307,Gianpietro Druso,pincherlesophia@example.org,Rossa,2024-02-28
4308,Dott. Stella Rossellini,virgilio66@example.com,Montevago,2024-04-25
4309,Sig.ra Mercedes Baroffio,chiara81@example.org,San Bartolo,2026-07-26
4310,Manuel Guarana,jgilardoni@example.com,Melicucca' Di Dinami,2026-07-14
4311,Paolo Benussi,villadicanigabriele@example.net,Arzeno D'Oneglia,2025-11-20
4312,Benedetto Capone-Sismondi,ottoneziani@example.net,Irgoli,2025-02-01
4313,Zaira Burcardo,edoardoasmundo@example.org,Massello,2024-01-24
4314,Angelo Bocca,ocarullo@example.org,Pagnona,2026-08-23
4315,Sig.ra Marta Goldstein,zarlinopierangelo@example.net,Coronella,2025-10-07
4316,Cristina Mazzini,filippafittipaldi@example.com,Gamalero,2025-11-09
4317,Ernesto Naccari,golgivincenza@example.net,Peseggia,2025-08-25
4318,Liliana Bruno,hbello@example.com,Montegrosso Di Cinaglio,2024-04-06
4319,Paride Moschino,ypellico@example.net,Bagnara,2025-06-15
4320,Agostino Pace,aantonini@example.com,Chiesa Nuova Di Marzaglia,2026-07-17
4321,Dott. Giada Rusticucci,floraruggieri@example.org,Calvello,2026-06-23
4322,Dina Mogherini-Seddio,giulianametella@example.com,Cologno,2026-09-02
4323,Graziella Luria,cavannacorrado@example.com,St.Andr,2025-05-28
4324,Sig.ra Marissa Pelli,dolorescuomo@example.org,Azzano San Paolo,2025-11-09
4325,Ivan Zoppetti,nina41@example.org,Gorzegno,2025-10-13
4326,Tonia Boccherini,alfredo09@example.com,Magugnano,2025-11-28
4327,Carmelo Lippomano,arturodesio@example.net,Spicchio,2026-08-02
4328,Fernanda Pertini,ventopellegrino@example.net,Torcegno,2024-12-15
4329,Ermenegildo Serraglio,btrentin@example.com,Boissano,2023-10-09
4330,Jacopo Palmisano,colucciobramante@example.net,Madonna Del Sasso,2026-03-17
4331,Emma Ovadia,pierangeloleopardi@example.net,Panaia,2026-07-21
4332,Paola Padovano,robertobocelli@example.com,Caperana,2026-05-20
4333,Dott. Piermaria Comisso,ruggierorusso@example.net,Melano,2024-07-21
4334,Dolores Scarlatti,gbusoni@example.com,Isera,2025-03-03
4335,Rocco Paoletti,gianfranco59@example.net,Maida,2026-05-06
4336,Alberico Zabarella,zmazzi@example.org,Civitaquana,2024-10-15
4337,Franco Cicala,enniofogazzaro@example.com,Roatto,2024-04-01
4338,Emilio Parpinel,romina42@example.org,Borgata Paradiso Di Collegno,2023-09-24
4339,Gianfrancesco Gabbana,pascarellavincenzo@example.org,Petrelle,2024-03-27
4340,Arnaldo Durante-Vitturi,mazzantigraziano@example.com,Gergei,2026-07-09
4341,Giovanni Vitturi,atencalla@example.com,Livemmo,2024-07-23
4342,Nanni Muratori,pcaccioppoli@example.com,Loreggia,2025-12-16
4343,Sig.ra Carolina Galilei,rubertogustavo@example.net,Monsola,2026-01-06
4344,Dott. Piergiorgio Peranda,zacchiaadelasia@example.com,Miano,2026-02-06
4345,Dolores Guglielmi-Agazzi,delfino77@example.com,Savignone,2024-01-17
4346,Raffaello Sgalambro,lcendron@example.com,Pietrabruna,2026-06-22
4347,Eraldo Salgari,antoniettascarfoglio@example.net,Solbiate Arno,2026-09-02
4348,Adriana Ricolfi,piergiuseppe50@example.org,Camporosso,2025-02-07
4349,Tiziano Pisaroni,paolinifrancesco@example.net,Gaggiano,2026-04-06
4350,Massimo Zeffirelli-Bosurgi,lsgalambro@example.org,Colle Brincioni,2026-07-04
4351,Sig.ra Rosalia Chinnici,matteottialessio@example.org,Milanino,2025-04-02
4352,Ricciotti Morgagni,massimiliano56@example.net,Cartecchio,2025-07-05
4353,Manuel Surian,bredi@example.com,Domegliara,2025-07-20
4354,Cesare Montecchi-Sinisi,ysanti@example.net,Barga,2025-05-25
4355,Tiziana Chittolini,benito65@example.com,San Pietro Di Carida',2025-03-28
4356,Sabatino Gianvecchio,pietro44@example.org,Marina Di Castellaneta,2024-10-07
4357,Gilberto Merisi,angelo93@example.com,Montalcinello,2026-03-14
4358,Bianca Burcardo,gbonanno@example.com,Ollolai,2025-03-14
4359,Salvi Pertile,grecomicheletto@example.org,Pardu Nou,2024-01-02
4360,Luigi Surian,livio61@example.org,Vallelunga Pratameno,2024-04-23
4361,Piermaria Turci,baldassarecrispi@example.net,Atina,2024-12-28
4362,Gustavo Campanella,aurora66@example.org,San Giorgio Extra,2023-12-26
4363,Matilda Aldobrandi,sofficipiersanti@example.net,Angellara,2023-10-07
4364,Elvira Pizzetti,napolitanoadriana@example.org,Marano Marchesato,2025-12-30
4365,Teresa Cuzzocrea-Barese,veltroniclaudio@example.com,Verderio Superiore,2024-06-27
4366,Micheletto Nicoletti,lilla07@example.net,Ferrandina,2024-12-23
4367,Ferdinando Scialpi,giampaolo58@example.com,San Lorenzo,2025-08-29
4368,Martino Vercelloni-Ajello,tiziano15@example.net,Castell'Umberto,2025-03-05
4369,Raffaele Morabito,gionatarusticucci@example.org,Torella Dei Lombardi,2025-02-16
4370,Victoria Mantegazza,giancarloboitani@example.com,Staffolo,2026-01-07
4371,Livio Anguillara-Gianvecchio,evangelista03@example.com,San Donato Di Ninea,2024-05-26
4372,Ninetta Aporti,vpozzecco@example.net,Castel Dell'Alpi,2025-09-06
4373,Alina Interminelli-Serlupi,faliermarcantonio@example.com,Palagianello,2025-04-24
4374,Dott. Annetta Toscanini,biancasolimena@example.org,San Giovanni Profiamma,2024-01-08
4375,Ermes Palombi,carloplatini@example.com,Santo Stefano In Aspromonte,2023-10-26
4376,Gustavo Lucarelli-Alighieri,farinellidolores@example.org,Pramaggiore Blessaglia,2026-08-22
4377,Leopoldo Pedrazzini,oraziobabati@example.net,Castello D'Alvito,2026-01-24
4378,Mariana Berengario,lucreziabertolucci@example.com,Montiglio,2025-05-03
4379,Adelmo Guidotti,fortunatapapetti@example.org,Mili Marina,2025-01-31
4380,Sylvia Filippini,antonacciruggero@example.com,Ponte All'Abate,2024-01-23
4381,Galasso Andreotti,mgiannotti@example.net,Tricerro,2025-09-26
4382,Cecilia Tagliafierro-Ligorio,veltronijolanda@example.net,Gallico,2024-12-04
4383,Dott. Giorgio Marinetti,federica31@example.net,Bione,2023-11-04
4384,Dott. Raffaello Ajello,piero93@example.org,Careggi,2023-10-14
4385,Rosaria Trentin,lettiereangelica@example.net,Pieve Di Teco,2024-05-21
4386,Donna Seddio,leopoldoprada@example.org,Balocco,2025-06-04
4387,Cecilia Amato-Falcone,liviocadorna@example.org,Carbonara Scrivia,2024-03-08
4388,Dott. Graziella Travaglio,roman83@example.net,Arnesano,2026-07-19
4389,Luciana Scaduto,elviragentili@example.org,Inzago,2025-05-12
4390,Lilla Cutuli,lovatofernanda@example.org,Grimacco,2025-11-24
4391,Mauro Giannotti,ibriccialdi@example.net,Ponte A Tressa,2023-12-23
4392,Sig.ra Melania Giradello,adelmoserraglio@example.net,Santa Veneranda,2024-08-20
4393,Pierluigi Caetani,antonuccirita@example.com,Ronca',2026-07-10
4394,Paulina Curiel,jcabrini@example.net,Traversa,2023-12-02
4395,Sig.ra Marissa Cossiga,victoriamancini@example.org,Bertalia,2026-09-13
4396,Arturo Spanevello,dfallaci@example.com,Augusta,2024-11-22
4397,Ciro Ricolfi,vsokolov@example.net,Castiglione Delle Stiviere,2025-10-18
4398,Mariana Alighieri-Gentileschi,bosurgitatiana@example.net,Montichiari,2026-02-06
4399,Raffaele Udinesi,lucrezia97@example.net,Corese Terra,2026-02-26
4400,Dott. Camilla Munari,lprodi@example.com,Tregozzano,2024-08-24
4401,Simonetta Cuzzocrea,cerquigliniatenulf@example.org,Castions,2024-10-26
4402,Daria Mercadante,leoncavallocarla@example.net,Lucugnano,2024-01-10
4403,Vittoria Cappelli,jcrisafulli@example.net,Collefontana,2024-08-14
4404,Monica Pugliese,cugiacecilia@example.com,Miceno,2025-03-23
4405,Dott. Simonetta Soderini,boldupuccio@example.net,San Leone Mose',2026-05-16
4406,Dott. Ettore Montesano,lodovico16@example.com,Sora,2024-05-14
4407,Niccolò Casarin,tantonucci@example.org,Castelfidardo,2025-06-05
4408,Ermenegildo Tomasetti-Donati,tboccaccio@example.net,Vedelago,2024-08-05
4409,Guido Saffi,gloriaioppi@example.org,St. Moritz b. Villanders,2023-12-16
4410,Sig. Romeo Satta,guarino06@example.org,Lagnasco,2024-11-09
4411,Corrado Fieramosca,baldassare65@example.com,Cavizzana,2026-05-14
4412,Guido Tarantini,giulianofinzi@example.com,Lama Di Reno,2025-01-19
4413,Etta Pezzali,priscilla12@example.com,San Nicolo',2026-02-25
4414,Luisa Tognazzi,biancamascagni@example.org,Petilia Policastro,2025-04-10
4415,Fausto Fusani-Seddio,cicalaroberta@example.com,San Michele Del Carso,2025-06-25
4416,Vanessa Pergolesi,traettaarnulfo@example.com,Forcola,2025-05-29
4417,Sig. Donatello Corcos,francoovadia@example.com,Mathi,2026-07-30
4418,Ronaldo Piacentini-Montanari,vincenzobotticelli@example.org,San Gallo,2025-05-16
4419,Ottavio Cabrini,acerbicamillo@example.org,San Martino Alfieri,2024-09-22
4420,Dott. Nicoletta Pareto,ycagnin@example.com,Danta Di Cadore,2026-06-15
4421,Michela Mazzi-Albertini,maria57@example.org,Forno D'Allione,2024-05-20
4422,Antonio Alonzi,wcaffarelli@example.org,Paullo,2024-10-10
4423,Martina Mercalli,tonia61@example.net,Scarcelli,2024-10-03
4424,Temistocle Fo,lunamario@example.com,Ostia Parmense,2025-12-07
4425,Enzio Malipiero,claudiobergoglio@example.com,Piano Porlezza,2024-07-16
4426,Alessandra Ostinelli,ottaviodalla@example.com,Campagnatico,2023-11-06
4427,Allegra Guarneri-Adinolfi,michelangelorapisardi@example.org,Olivola,2025-10-15
4428,Lisa Fusani,iolanda72@example.com,Palleroso,2025-07-09
4429,Sig. Salvi Vivaldi,offredirocco@example.com,Fie' Allo Sciliar,2025-07-19
4430,Ottavio Perini,giannispanevello@example.org,Altagnana,2025-12-17
4431,Giampaolo Piacentini,petruzziantonello@example.org,Ariano Nel Polesine,2024-12-10
4432,Isa Marazzi,benito62@example.net,San Godenzo,2024-11-30
4433,Augusto Cabrini,danilo94@example.net,Castelletto Uzzone,2024-07-20
4434,Mercedes Grifeo,enzio80@example.net,Scarpizzolo,2026-06-13
4435,Lisa Speri-Dellucci,gianfrancorusticucci@example.org,Formegan,2024-10-13
4436,Morena Gozzi,marianascarponi@example.net,Campolano,2024-11-19
4437,Beatrice Casale,griselda93@example.net,Grotticella,2024-07-19
4438,Eugenia Schiaparelli,berrerenzo@example.com,Borgo Priolo,2026-04-17
4439,Baldassare Bianchi,vgonzaga@example.net,Monteleone Sabino,2026-01-03
4440,Nina Ludovisi,nicolettafantini@example.com,Colleranesco,2026-05-31
4441,Alessandro Smirnoff-Emo,ibabato@example.net,San Vito Dei Lombardi,2026-03-16
4442,Dott. Federigo Iacovelli,giancarloubaldi@example.com,Ostigliano,2025-01-31
4443,Rosario Rosmini-Garibaldi,luchinobodoni@example.org,Stienta,2025-10-30
4444,Giovanna Mogherini,mmorabito@example.org,Imola,2023-11-29
4445,Melina Bernardini-Sanguineti,olga26@example.net,Frosinone Stazione,2025-03-24
4446,Antonina Tolentino,emazzocchi@example.org,Berbenno,2026-04-20
4447,Gian Tomei,stefano18@example.org,Cartignano,2025-08-04
4448,Paoletta Montecchi,tsaragat@example.net,Ovodda,2023-12-08
4449,Giulio Virgilio,ammanitiroman@example.com,Fogliano,2024-09-11
4450,Vittoria Camuccini,francescofalier@example.org,La Foce,2026-05-07
4451,Atenulf Moneta,tgiacconi@example.org,Villabassa,2024-09-08
4452,Maria Piacentini,jolandasamele@example.com,Cauria,2024-08-19
4453,Flora Parpinel,nschiavone@example.com,Angolo Terme,2023-11-22
4454,Sig.ra Daria Papetti,flaviapedersoli@example.com,San Morello,2024-11-09
4455,Ubaldo Iacovelli,ztoso@example.org,Ollomont,2024-09-25
4456,Federica Palazzo,rosariofuseli@example.com,Cossano Canavese,2025-06-07
4457,Franco Moretti,uonisto@example.net,Pizzo Marina,2025-08-16
4458,Giuseppina Aulenti,virginiamattarella@example.com,Brunello,2024-08-01
4459,Fiorino Fermi,giancarlo35@example.com,Veruno,2025-11-21
4460,Morena Mercalli,ammanitigabriella@example.com,Prunetta,2025-02-13
4461,Sole Nonis,giacomoromagnoli@example.net,Passo Del Bidollo,2024-05-05
4462,Liliana Gasperi,salandralaureano@example.net,Sairano,2024-11-23
4463,Dott. Romolo Manolesso,vespuccibarbara@example.com,Chesallet,2025-03-07
4464,Olga Bernardi,antonellastein@example.org,Campo Tizzoro,2025-10-25
4465,Raffaellino Ovadia,rmazzacurati@example.org,Solimbergo,2024-09-14
4466,Dott. Paloma Gozzi,calogero47@example.com,Semiana,2026-04-02
4467,Federigo Tomaselli,geraciannamaria@example.com,Castelvisconti,2025-04-04
4468,Gioffre Cabibbo,fludovisi@example.net,Rapone,2024-01-18
4469,Claudia Ruffini,spadaforaedoardo@example.com,Oliena,2025-09-13
4470,Dott. Angelo Trezzini,drossellini@example.org,Saltusio,2023-10-03
4471,Damiano Cesaroni,poleselnapoleone@example.com,Weißenbach/Sarntal,2026-01-16
4472,Maria Petrassi,maffeioreste@example.org,Fornovolasco,2026-07-16
4473,Sig.ra Carolina Frescobaldi,roccopagliaro@example.com,Fontechiaruccia,2024-03-16
4474,Guido Foà-Santoro,fgritti@example.org,Cresta,2026-08-22
4475,Sig.ra Sophia Barberini,tiziano33@example.com,Recanati,2023-11-07
4476,Dott. Patrizia Soranzo,gastonepoerio@example.net,Carmignano,2025-12-08
4477,Ramona Collodi,zdossi@example.net,Rosolini,2024-12-17
4478,Durante Lombardi,umberto87@example.net,Casaletto Ceredano,2025-06-22
4479,Simonetta Milanesi,angelinatrevisan@example.com,Simeri Crichi,2024-05-29
4480,Guglielmo Chiaramonte,concettavalentino@example.org,Stella Di Monsampolo,2026-05-02
4481,Dott. Antonia Ostinelli,jmazzanti@example.net,Valvori,2025-03-30
4482,Roberto Caccioppoli,pellicoromeo@example.com,Xitta,2025-03-26
4483,Patrizio Morlacchi,enrico49@example.net,Baceno,2025-01-10
4484,Tina Scamarcio,gualtieripiermaria@example.org,Montecreto,2023-11-09
4485,Rembrandt Botta,qfavata@example.com,Casate,2026-06-02
4486,Gianpietro Cianciolo,margherita58@example.com,Notaresco,2023-11-27
4487,Carolina Pirandello,icianciolo@example.com,Monte Vidon Combatte,2024-03-26
4488,Imelda Gatto,guarnericamilla@example.org,Zelo Surrigone,2023-12-31
4489,Amanda Petruzzi-Fiorucci,vito25@example.org,Santa Giuletta,2024-10-11
4490,Piersanti Vergassola,mauramazzocchi@example.com,Polaveno,2024-09-25
4491,Roberto Fornaciari,toni72@example.net,Guiglia,2026-02-27
4492,Griselda Bertolucci,liberto37@example.org,Paganico,2026-02-13
4493,Dott. Giacinto Errigo,flora93@example.org,Scurtabo',2026-08-29
4494,Rosaria Celentano,hquasimodo@example.net,Monzone,2026-09-05
4495,Adriana Marangoni,piersantifranceschi@example.net,Giurdignano,2023-11-15
4496,Pierangelo Bellò,carmelo97@example.net,Lattughelle,2025-04-18
4497,Teresa Mortati,rosselliniimelda@example.net,Termini Imerese,2025-09-28
4498,Gianmarco Luria,concettamanunta@example.org,Giardini Naxos,2025-12-22
4499,Giustino Gotti,kesposito@example.com,Castelnuovo Misericordia,2025-01-03
4500,Lamberto Pratesi,annunziata87@example.com,Vilminore Di Scalve,2023-12-08
4501,Michelangelo Conti,tatiana51@example.org,Castelferro,2024-01-08
4502,Gabriella Valentino,tcostanzi@example.org,Carnello,2026-02-17
4503,Adriano Bignardi,dbarese@example.net,Marzano Di Nola,2024-10-21
4504,Dott. Antonio Turchi,zairadelle@example.com,Ornago,2024-09-10
4505,Silvia Cremonesi,antonietta87@example.org,Pedace,2026-08-13
4506,Goffredo Sommaruga,kdovara@example.com,Poggio Renatico,2025-10-07
4507,Toni Guglielmi,vsoffici@example.net,Bufalata,2023-12-20
4508,Guido Aldobrandi,bacciobuonauro@example.org,Barbania,2025-05-09
4509,Alderano Sansoni,angelosgalambro@example.org,Alberone Di Ro,2023-12-31
4510,Sandro Michelangeli,pastineluciana@example.org,La Magdeleine,2026-03-06
4511,Alessia Gritti,chittolinimarina@example.net,Lagundo,2026-04-09
4512,Maura Angeli,simonetta19@example.org,Monte San Giovanni,2026-08-06
4513,Martina Ricolfi,melania66@example.com,Fossano,2025-08-21
4514,Tiziana Bernardi,porcellatoadele@example.com,Torchiara,2025-07-19
4515,Tonino Faranda,lancisioreste@example.net,Figline E Incisa Valdarno,2025-03-14
4516,Gianpaolo Gasperi,marisa35@example.org,San Gervasio D'Adda,2026-08-18
4517,Fausto Omma,marcantoniomicheletti@example.com,Santa Maria Del Monte,2025-11-04
4518,Ansaldo Maggioli,augustosalgari@example.net,Bivio Cava Manara,2023-10-07
4519,Sig. Uberto Iannucci,gelliranieri@example.com,Cerone,2023-10-12
4520,Virginia Malaparte,morgagniannalisa@example.net,Lonca,2026-06-20
4521,Sig.ra Eva Stein,ninaiadanza@example.net,Castelguglielmo,2025-02-09
4522,Rodolfo Giacometti,lauraginesio@example.net,Chiesina Uzzanese,2026-07-26
4523,Arnulfo Zacchia,gianmarcofagiani@example.org,Sampierdarena,2023-09-22
4524,Achille Cusano-Pinamonte,martinellieraldo@example.org,Torrano,2025-08-10
4525,Dott. Damiano Giacconi,auroramonaco@example.org,Chioggia,2025-06-09
4526,Patrizia Roncalli,geronimobellini@example.com,Alzo,2024-02-26
4527,Dino Filippelli-Bernetti,beppezola@example.org,Urbino,2025-09-07
4528,Fortunata Cundari,nmontanariello@example.com,Borgo San Siro,2024-09-01
4529,Ciro Ammaniti,draghiatenulf@example.net,Nulvi,2023-12-25
4530,Sig. Carlo Serraglio,rocco47@example.net,Montegrosso Di Cinaglio,2025-07-05
4531,Romana Ruffini,yfranzese@example.com,Pracando,2026-07-09
4532,Lucrezia Zaguri,coriolano92@example.org,Andorno Micca,2026-03-23
4533,Vito Garozzo,schiavocecilia@example.org,Villa San Michele,2025-10-06
4534,Ninetta Varano,serafina95@example.net,Torre Del Padiglione,2024-12-07
4535,Sole Scarponi,dsolimena@example.org,Savignone,2024-01-25
4536,Dott. Gianfranco Trapanese,melania30@example.com,One',2025-10-18
4537,Martina Sagese,alessandro22@example.com,La California,2026-04-19
4538,Eva Monte-Onio,benvenutobocelli@example.net,Cavaglio Spoccia,2026-07-31
4539,Manuel Montesano,geronimo77@example.net,Santa Restituta,2024-11-03
4540,Filippa Simeoni,carloinnocenti@example.org,Montenero Di Bisaccia,2023-10-10
4541,Giacomo Balotelli,geronimo99@example.com,Tremezzo,2025-09-14
4542,Dott. Adele Bataglia,costanzocesaroni@example.com,Quintodecimo,2024-02-08
4543,Mirko Sommaruga,omastandrea@example.net,Badia Pavese,2026-05-17
4544,Arsenio Scarpetta,nievogiovanni@example.com,Valle Di Casies,2025-09-21
4545,Dott. Marcella Cimini,toniaavogadro@example.com,Saturnana,2023-12-27
4546,Benito Rizzo,stefaniasgarbi@example.com,San Giuliano Nuovo,2024-05-20
4547,Leone Fo,tassoaldo@example.net,Castroreale,2025-12-20
4548,Morena Ferragni-Travaglia,abbagnalechiara@example.org,Samolaco,2025-10-09
4549,Bruno Binaghi,rodolfogussoni@example.org,Sant'Angelo D'Alife,2024-03-11
4550,Morena Geraci,ppoerio@example.org,Grancetta,2025-09-20
4551,Iolanda Zaguri-Mantegna,qgolino@example.net,Casale Di Pari,2025-02-21
4552,Sig. Girolamo Schiaparelli,agazziennio@example.com,Morter,2024-02-06
4553,Camillo Volterra,emmarossellini@example.org,Villanova Solaro,2024-10-15
4554,Daria Ciampi,ronaldogranatelli@example.org,Vergano Villa,2026-03-20
4555,Dott. Patrizia Ritacca,carusoteresa@example.net,Porto Frailis,2026-08-29
4556,Dott. Loretta Rocca,dolores96@example.org,Monteortone,2023-10-11
4557,Orazio Toninelli,piermariacorrer@example.com,Palse,2024-11-27
4558,Sig. Rosario Bottigliero,pompeopistoletto@example.net,Chiusano D'Asti,2024-01-07
4559,Coluccio Panicucci,xacerbi@example.net,Melicucca' Di Dinami,2025-06-26
4560,Morena Crispi,loredana04@example.com,Cannaiola,2025-08-03
4561,Sebastiano Roero,npiovani@example.com,Tonnara Di Bonagia,2026-05-20
4562,Serena Zetticci,nicoletta03@example.com,Castelguidone,2025-05-03
4563,Massimiliano Pergolesi,angelinacadorna@example.org,Santa Maria Rezzonico,2024-01-17
4564,Tonia Ferrara-Favata,baglionigiulia@example.com,Civiasco,2023-10-24
4565,Lucrezia Cendron,gastonegiammusso@example.net,Bracca,2023-12-19
4566,Michele Cabibbo-Medici,elmobottaro@example.net,Rovezzano,2024-07-11
4567,Nino Toldo,grisoniorazio@example.org,Corte De' Cortesi Con Cignone,2024-02-28
4568,Ippazio Baglioni-Avogadro,goldsteincarla@example.net,Civenna,2024-02-04
4569,Fernanda Ovadia,laurettagiusti@example.net,Zambrone,2024-12-26
4570,Stefania Grasso,tassonisonia@example.org,San Giuliano Trentapiedi,2024-04-19
4571,Silvia Vecoli,melissa56@example.com,Surbo,2023-12-05
4572,Sig. Mirco Ferrara,arsenio96@example.net,Lunetta,2025-06-26
4573,Sig.ra Germana Tamborini,francescocarducci@example.com,Val Masino,2024-09-16
4574,Filippa Pizzo,caetanibenedetto@example.com,Cellino Attanasio,2024-06-15
4575,Rosina Parri,oniogiosue@example.com,Santo Stefano Ticino,2024-12-18
4576,Melina Infantino,caetanibianca@example.net,San Quirino,2024-04-18
4577,Amalia Borsellino-Falcone,costanzo80@example.net,Santa Margherita Ligure,2026-03-30
4578,Dott. Filippa Traversa,adrianozabarella@example.com,Serra Di Castelcivita,2025-04-24
4579,Dott. Gustavo Micca,brancacciobettina@example.net,Fara Olivana,2023-12-09
4580,Oreste Grossi-Spinola,giacomo70@example.net,Santa Chiara Di Nardo',2026-05-03
4581,Raffaello Vigliotti,crispigemma@example.org,Angellara,2026-05-10
4582,Arsenio Ossola,iparuta@example.net,San Donato,2025-03-09
4583,Dott. Pier Broschi,emanuellimartino@example.com,Camigliatello Silano,2024-12-18
4584,Nedda Bevilacqua,arsenio47@example.com,Villa Adriana,2024-02-01
4585,Emma Fantozzi,adriano07@example.net,Buturo,2025-05-17
4586,Antonietta Cainero,pavanellogoffredo@example.net,Molina Di Vietri Sul Mare,2024-10-25
4587,Dott. Amico Pulci,alfonsivincentio@example.net,Ronsecco,2025-08-08
4588,Priscilla Navarria,ychechi@example.org,Faltona,2024-12-22
4589,Dott. Amanda Cuzzocrea,ocesaroni@example.net,Boroneddu,2024-12-19
4590,Ubaldo Marenzio,draurica@example.org,Bellavista,2024-05-11
4591,Sig. Fulvio Chinnici,dinalucarelli@example.org,Monte Oriolo,2025-02-28
4592,Ranieri Chinnici-Proietti,pacillocipriano@example.net,Quistello,2024-12-15
4593,Paola Sokolov,leopoldo77@example.net,Innichen,2025-01-26
4594,Sig. Raimondo Aulenti,bandellomaura@example.org,Monte Marcone,2025-12-09
4595,Temistocle Pignatti-Finzi,bertonimartina@example.com,Canzolino,2025-12-30
4596,Sig.ra Lidia Murri,paolo91@example.com,Borselli,2026-04-02
4597,Renzo Catenazzi-Comencini,sonianolcini@example.net,Metaponto Lido,2023-10-08
4598,Nedda Baglioni,bellomarisa@example.com,Cossato,2024-08-04
4599,Ranieri Pugliese-Alboni,alessia94@example.org,Setteville,2024-03-20
4600,Fedele Iadanza-Platini,nicoletta36@example.com,Borriana,2023-09-23
4601,Irma Basadonna-Bandello,gmonti@example.net,Ponte Di Falmenta,2023-11-11
4602,Laureano Fischetti,graziellacatenazzi@example.com,Colbuccaro,2024-12-21
4603,Dott. Mario Villadicani,gmimun@example.com,Dairago,2024-04-05
4604,Coriolano Fabrizi,laporti@example.com,Bognanco Fonti,2026-06-03
4605,Pasquale Nitti,tedescosalvi@example.org,Lippiano,2025-05-24
4606,Giorgia Sordi-Civaschi,tedescoeugenia@example.net,Villa Bissone,2026-07-09
4607,Panfilo Pozzecco,filippa78@example.com,Masnago,2024-09-30
4608,Gianluca Soprano,gianniverga@example.org,Montereggio Di Mulazzo,2024-01-28
4609,Loretta Iacobucci-Mondadori,fischettilaura@example.com,Borgo D'Ale,2026-05-23
4610,Luisa Ligorio,livia43@example.net,Muraglione,2025-06-30
4611,Massimo Pirelli-Valier,bpasqua@example.org,Pezzan,2024-04-25
4612,Dott. Marcantonio Nitti,adele09@example.com,Prasco,2025-03-27
4613,Sig. Nanni Morpurgo,odesio@example.org,Caggiano,2025-12-26
4614,Mirko Pedersoli-Morucci,gpace@example.org,San Pietro Del Gallo,2025-05-28
4615,Giuliana Corradi,gianluigi09@example.org,Stenico,2024-03-11
4616,Dott. Calcedonio Trevisan,oscurocristina@example.org,Quiliano,2025-03-02
4617,Sig.ra Daria Gabbana,giancarloantonini@example.net,Rio Saliceto,2023-12-14
4618,Pellegrino Pisacane,vstorladi@example.net,Montaldo Di Mondovi',2026-04-17
4619,Niccolò Travia,dtrillini@example.com,Callabiana,2024-05-27
4620,Nedda Mantegna,gradenigonino@example.net,Stimigliano Stazione,2024-11-08
4621,Cesare Magrassi,icastioni@example.com,Sesto,2024-10-31
4622,Arnulfo Franzese,qluciani@example.org,Brusegana,2024-10-04
4623,Tonino Cainero-Trezzini,bragagliagastone@example.org,Frigintini,2023-12-27
4624,Annetta Barese-Veneziano,rosa35@example.com,San Fili,2024-08-18
4625,Dott. Gaspare Tarantini,nina11@example.net,Massa Lubrense,2026-04-28
4626,Dott. Ugo Boccherini,valeriazabarella@example.net,Castel Giubileo,2025-10-21
4627,Leone Bova,sonia81@example.net,Montecastelli Umbro,2024-02-05
4628,Sig. Armando Petralli,mazzacuratipaola@example.net,Pella,2025-01-19
4629,Dott. Tatiana Ruggieri,uberto77@example.org,Collevalenza,2023-12-23
4630,Carla Pisaroni,aurora29@example.org,Cicognara,2024-12-04
4631,Sergius Guarana,ugiannotti@example.org,Tione Di Trento,2023-10-28
4632,Dolores Beccaria,isabellafolliero@example.com,Martell,2024-10-24
4633,Adelmo Zamorani-Ferrazzi,dsemitecolo@example.org,Trebaseleghe,2024-04-26
4634,Antonella Battelli,cipolladamiano@example.net,Arpino,2026-08-10
4635,Vanessa Pizzamano,arseniocomboni@example.org,Vico Di Palma,2026-07-20
4636,Margherita Giannuzzi,robertagemito@example.org,Travaco' Siccomario,2025-09-23
4637,Giosuè Leonetti,sandrapacillo@example.org,Ala Di Stura,2025-11-14
4638,Sig.ra Amanda Pagliaro,icostanzi@example.net,Gambettola,2023-12-14
4639,Ornella Bersani,gastonebotticelli@example.org,Luisago,2024-06-22
4640,Sig.ra Irma Morrocco,jzanichelli@example.net,Foresto,2025-06-17
4641,Alfredo Pometta,tiziana50@example.org,Farigliano,2024-05-10
4642,Adele Travaglia,riacovelli@example.net,Moraro,2025-04-01
4643,Franco Pucci-Cagnin,nattaevangelista@example.net,Urbania,2025-11-20
4644,Toni Tarchetti,malatestalucrezia@example.org,Bertolla Barca,2026-04-23
4645,Goffredo Sanguineti,arosiello@example.org,Villa Zaccheo,2024-04-26
4646,Sig.ra Rosina Curiel,sophiaguarneri@example.net,San Genuario,2024-09-01
4647,Nadia Pace,fguicciardini@example.net,Montebuono,2023-12-15
4648,Elena Garobbio,ktarantini@example.com,Carpacco,2024-10-19
4649,Rolando Goldoni,zmonti@example.net,Piedimonte San Germano,2024-12-07
4650,Fredo Platini-Pavarotti,umunari@example.org,Ciamprisco,2024-02-08
4651,Simonetta Polani,fausto27@example.org,Sambiase,2026-08-25
4652,Dott. Rolando Manunta,arturosauro@example.com,Borgio,2026-04-28
4653,Dott. Sergius Capuana,lstoppani@example.com,San Maurizio,2026-01-16
4654,Fortunata Costanzi,casarinconcetta@example.net,Borgonovo,2024-10-16
4655,Nino Prada,gioffrepaltrinieri@example.com,Nodica,2026-06-15
4656,Stefani Pascarella-Guarana,beccarialeopoldo@example.net,Cormons,2026-08-10
4657,Graziano Ferrabosco,pmazzocchi@example.com,Centuripe,2024-12-25
4658,Dott. Roberto Montanariello,solariadele@example.net,Diano Arentino,2025-11-26
4659,Sig. Rocco Gaito,virgilio84@example.org,Ferentino,2023-10-05
4660,Monica Scalera,zcastelli@example.net,Manoppello Scalo,2024-05-09
4661,Dott. Alberico Sgarbi,tognazzifilippa@example.net,Otranto,2024-09-19
4662,Guglielmo Togliatti,pompeoceschi@example.com,Colliano,2026-04-14
4663,Ricciotti Guidone,canovadina@example.org,Orta Nova,2025-10-24
4664,Lucio Russo,dcasadei@example.com,Paceco,2026-01-04
4665,Liliana Cusano-Iannelli,atenulfsordi@example.com,Terzo Di Tolmezzo,2025-06-17
4666,Piersanti Mocenigo,madernoeliana@example.org,Caorso,2024-07-16
4667,Giorgia Soranzo,mpaoletti@example.net,Flaibano,2026-02-01
4668,Alderano Lerner,salvipontecorvo@example.net,Campello Sul Clitunno,2025-04-14
4669,Alberico Palombi,vittorioferrucci@example.net,Villalta,2026-01-03
4670,Dott. Sylvia Rocca,amalia70@example.org,Ussita,2024-09-29
4671,Maria Totino,gionata24@example.com,Rosolina,2024-08-23
4672,Stefano Verdi-Storladi,simone01@example.org,Arzona,2026-06-17
4673,Martina Castioni-Nicolucci,gioachino92@example.org,Occhieppo Inferiore,2025-12-16
4674,Annibale Comisso,gvittadello@example.org,Puegnago Sul Garda,2024-06-26
4675,Ubaldo Navone,turatiantonello@example.com,Villa Convento,2025-06-16
4676,Marcella Casagrande-Battisti,amico45@example.net,Isola Sant'Antonio,2025-05-03
4677,Panfilo Cannizzaro,gianpietroossani@example.net,Mezzano Scotti,2024-09-11
4678,Dott. Agostino Grisoni,fedele79@example.net,Lasnigo,2024-06-12
4679,Zaira Battisti,madernaorazio@example.net,Landiona,2024-09-26
4680,Piergiorgio Lerner,usabatini@example.net,Origgio,2024-02-23
4681,Rossana Fiorucci,caterina72@example.org,Tavazzano,2024-02-12
4682,Berenice Callegari,fiorenzopizzetti@example.com,Subiaco,2025-02-26
4683,Sebastiano Pagnotto,ansaldo74@example.org,Flains,2023-11-20
4684,Alfio Iadanza,fabrizipasqual@example.net,Caroni,2024-09-15
4685,Rembrandt Cafarchia-Stradivari,antonella65@example.org,Castorano,2024-06-08
4686,Romeo Tamburini-Ferraris,gianpaolo79@example.org,Favara,2026-04-10
4687,Laura Malacarne,alessandrotravaglia@example.net,Montefoscoli,2025-07-02
4688,Michele Verdi,liliana51@example.net,Castelbello Ciardes,2025-08-13
4689,Elvira Comisso,fcainero@example.org,Parenti,2024-07-01
4690,Rosina Agnesi,panattagiovanni@example.org,Ortonovo,2024-09-21
4691,Elisa Bertoli,rrossini@example.net,Cappuccini,2026-07-05
4692,Matilda Boezio,ariaiacovelli@example.org,Treponti,2023-12-27
4693,Sylvia Flaiano,roberta84@example.org,Torre Lapillo,2025-08-12
4694,Matilda Montesano,finettiachille@example.org,Castel Gabbiano,2024-08-23
4695,Federigo Lombardi,balotelligabriella@example.net,Villaggio Dei Giovi,2024-01-06
4696,Saverio Sokolov-Petrucelli,npalumbo@example.org,Cosoleto,2026-04-30
4697,Natalia Vianello-Bottigliero,zmajewski@example.com,Piedipaterno Sul Nera,2025-12-13
4698,Amleto Cipolla,gemmacapecchi@example.org,Case Di Nava,2024-05-20
4699,Ermes Tosi,biagio35@example.net,Spelonga,2024-11-10
4700,Olga Canali,kcuriel@example.net,Podenzano,2025-05-31
4701,Delfino Palumbo-Tozzo,stella90@example.net,Monticelli Terme Di Montechiarugolo,2024-04-03
4702,Dott. Daniele Cappelli,marcellococci@example.com,Pracorno,2026-08-09
4703,Annamaria Odescalchi-Falloppio,ferdinandoboaga@example.org,Sant'Angelo Gerocarne,2023-09-22
4704,Matilda Iacovelli,gianpaolo84@example.com,Perano,2024-12-01
4705,Dott. Stefano Angeli,calvoadele@example.net,Barracca,2025-05-22
4706,Dott. Patrizia Metella,franscinifortunata@example.net,Terzolas,2026-07-04
4707,Sabatino Satta,michelangelo95@example.org,San Fortunato,2025-08-22
4708,Viridiana Caetani,gullottaantonello@example.net,Savogna D'Isonzo,2024-06-29
4709,Emma Bragaglia,dcuomo@example.com,Galgagnano,2024-02-16
4710,Sig. Valerio Borromeo,borghesealfio@example.org,Filippa,2025-12-27
4711,Ninetta Panzera,btoscani@example.org,Pesconuovo,2026-04-12
4712,Irma Bandello-Berengario,ttarchetti@example.com,Coli,2025-02-15
4713,Maria Stucchi-Rosmini,gioffrepaltrinieri@example.com,Badia Al Pino,2026-05-21
4714,Marta Pizzo,amico21@example.net,Casal Di Basso,2025-08-31
4715,Giacomo Modigliani-Valguarnera,ariamarenzio@example.net,Rocca D'Arazzo,2024-01-29
4716,Morena Cignaroli,olgachittolini@example.net,Walten,2026-06-08
4717,Pellegrino Petruzzi,gianniscalera@example.com,Oliva Gessi,2023-11-14
4718,Alessio Filogamo,durante89@example.net,San Pietro In Palazzi,2026-04-25
4719,Laura Varano,pierluigigaluppi@example.net,Monteorsello,2025-11-17
4720,Giuliana Varano-Schiavone,gianluigi15@example.com,Mendatica,2023-10-31
4721,Dott. Pierangelo Duodo,pierodellucci@example.net,Berzano Di San Pietro,2025-11-25
4722,Uberto Abate,uberto53@example.org,San Lorenzo In Campo,2024-12-21
4723,Sig.ra Antonella Marenzio,annamariavattimo@example.com,Arese,2024-12-25
4724,Irma Barsanti,patriziocimini@example.com,Fucecchio,2026-02-09
4725,Dott. Victoria Borgia,giulianacontarini@example.com,Ariano,2023-10-12
4726,Melissa Biagi,ubaldo53@example.org,Miceno,2023-10-23
4727,Priscilla Castiglione,sophia69@example.org,Aufkirchen,2026-09-12
4728,Maria Bruno,angelina45@example.org,Cascine Gandini,2024-02-05
4729,Giacobbe Bazzi,errigomonica@example.com,Treppo Grande,2025-05-28
4730,Dionigi Navone-Pirelli,hugomorucci@example.org,Vaglio Serra,2026-02-09
4731,Tiziana Civaschi,benigniluigina@example.net,Klobenstein,2025-10-24
4732,Isabella Maderno,enzofarinelli@example.org,Garlasco,2024-08-01
4733,Evangelista Borromini,gcastiglione@example.org,Pie' Di Moggio,2023-10-22
4734,Dott. Patrizia Segni,fausto23@example.com,Hole,2025-08-10
4735,Sig.ra Lina Albertini,costanzirodolfo@example.com,Borgo Santa Maria,2025-01-07
4736,Victoria Petrucelli,lorenzo16@example.net,Aci Sant'Antonio,2024-01-28
4737,Jolanda Gussoni,ennio17@example.com,Corleto Perticara,2025-10-10
4738,Erika Capuana-Sagnelli,lauretta26@example.net,Cercenasco,2026-05-09
4739,Cassandra Schiaparelli,mazzocchisebastiano@example.net,Salurn,2025-04-14
4740,Fredo Vigliotti,ruggieriettore@example.com,Pessina Cremonese,2026-05-05
4741,Lilla Forza,hlupo@example.net,Vigalzano,2026-09-09
4742,Camillo Golgi,uferrari@example.com,Mühlen i. Taufers,2025-12-05
4743,Rosalia Sibilia,opassalacqua@example.com,Farneto,2025-11-18
4744,Pasqual Berengario,krossellini@example.net,Serramezzana,2024-06-03
4745,Giustino Bevilacqua,girolamofoscari@example.com,Peretola,2025-02-16
4746,Sig. Piergiorgio Casadei,gemma23@example.com,Montesabinese,2026-03-06
4747,Cecilia Ruffini,patrizia22@example.org,Cafaggio,2026-05-21
4748,Sig. Uberto Filzi,msaragat@example.net,Rigoli,2025-03-03
4749,Giovanna Montanelli,krighi@example.com,Raut,2026-06-30
4750,Mirko Roncalli,rocco42@example.com,Lichtenberg,2023-12-31
4751,Franco Draghi,giorgia74@example.com,Prela',2026-02-25
4752,Giosuè Sraffa,marianogibilisco@example.org,Testona,2024-06-14
4753,Antonino Sagnelli,guarnerielladio@example.net,Ombriano,2025-03-20
4754,Pietro Lucciano,lscandone@example.org,Valnegra,2024-01-03
4755,Sig. Lodovico Pace,raffaellinofagotto@example.net,Capanne,2023-10-24
4756,Imelda Fermi,rcavalcanti@example.org,Pozzo,2024-10-27
4757,Sig. Nicolò Tartini,vito06@example.com,Eggen,2024-04-01
4758,Patrizia Ficino-Marcacci,stefaniapugliese@example.org,Sant'Alberto,2024-02-28
4759,Elmo Trotta,scadutogoffredo@example.net,Casatisma,2025-04-14
4760,Luciana Pacetti,romolo11@example.net,Vezza D'Alba,2025-11-28
4761,Coluccio Chiesa-Fallaci,fiorenzo93@example.com,Mura,2023-11-09
4762,Amanda Gussoni,jtaliercio@example.com,San Maurizio Al Lambro,2023-10-02
4763,Ludovico Morlacchi-Armani,lballa@example.net,Pianella,2025-12-18
4764,Ricciotti Paganini,vezzaliantonia@example.com,Orvieto,2024-04-18
4765,Lucia Golino,camilla01@example.org,Licignano Di Napoli,2024-01-29
4766,Stella Comboni,lgaggini@example.org,Lovoleto,2025-07-29
4767,Gianfrancesco Toscanini,montanariarmando@example.net,Bastiglia,2025-05-09
4768,Ugo Bonolis,golinoantonia@example.com,Marina Di Casal Velino,2026-07-25
4769,Paolo Storladi,lando69@example.org,Flumeri,2026-04-20
4770,Ernesto Salvini-Renier,nonissandro@example.org,Cossato,2025-12-24
4771,Fausto Pedrazzini,irma12@example.org,Bavaria,2025-05-02
4772,Fabrizia Ughi,morriconeazeglio@example.org,Petrignano,2026-07-31
4773,Adriano Porzio,armaniachille@example.com,San Calogero,2026-03-01
4774,Sig.ra Adele Borgia,hcicala@example.net,Kastelruth,2025-09-14
4775,Rita Sabbatini,federicimilo@example.org,Maddalene,2026-02-18
4776,Beatrice Vianello-Innocenti,dpulci@example.net,San Carlo Di Sessa Aurunca,2025-08-22
4777,Mattia Ruggieri-Cabibbo,grisoniosvaldo@example.com,Steinegg,2024-02-09
4778,Baldassare Curiel-Scamarcio,ermes81@example.org,Campestrin,2025-08-27
4779,Ranieri Ceravolo-Catenazzi,gtroisi@example.net,Serrada Di Folgaria,2024-03-04
4780,Dott. Fiorino Satta,landorenault@example.com,Cisterna,2026-08-27
4781,Dott. Giovanna Perini,sebastiano00@example.net,Sant'Antonio D'Ascula,2026-09-06
4782,Ignazio Bignardi-Beccheria,esmirnoff@example.com,Cassina Savina,2024-05-19
4783,Rembrandt Mastandrea,gastone25@example.org,Vulcano Porto,2024-11-07
4784,Atenulf Cheda,rprodi@example.org,Fraccano,2024-09-06
4785,Gloria Giusti,rosminitelemaco@example.org,Torno,2026-09-12
4786,Liliana Onisto,pastineadelasia@example.net,Romeno,2025-11-09
4787,Angelica Gaggini-Argenti,oresteaulenti@example.org,Ispra,2025-11-10
4788,Giulio Luna,eraldocastioni@example.com,Lemie,2023-10-04
4789,Fulvio Luzi,donatobresciani@example.com,Pieve D'Olmi,2025-01-02
4790,Rolando Casarin,romolosalieri@example.com,San Michele Al Tagliamento,2024-06-06
4791,Ivo Rubbia,rmerisi@example.org,Montemaggio,2025-02-13
4792,Amanda Saffi,flaviomicca@example.com,Oltressenda Alta,2025-06-05
4793,Patrizia Antonioni,vittadelloroman@example.com,Sassostorno,2025-05-26
4794,Maria Vittadello,cgreggio@example.org,Candia Lomellina,2024-06-04
4795,Nicoletta Gualtieri-Vitturi,cargento@example.net,Magliano Alpi,2026-08-22
4796,Toni Galiazzo,borgiaisa@example.net,Scarlino,2024-04-29
4797,Maria Morgagni-Maspero,renataalbertini@example.com,Baragiano,2024-11-25
4798,Bettina Casale,aromano@example.net,Rosali',2025-08-02
4799,Benito Cherubini,ottavio52@example.com,Gissmann,2023-10-25
4800,Silvestro Tron-Leblanc,dbenedetti@example.com,Bertonico,2024-05-13
4801,Dott. Alberico Zetticci,umbertochinnici@example.net,Zafferia,2024-03-02
4802,Lorenzo Caracciolo,muratorilodovico@example.org,Roncobello,2024-10-27
4803,Ennio Pietrangeli,antonino55@example.net,Torre Gaia,2026-01-21
4804,Sig. Alderano Morellato,jerrigo@example.org,San Pietro Di Cadore,2024-07-24
4805,Piergiuseppe Bertoli-Callegaro,rosina68@example.org,Montanare Di Cortona,2024-09-28
4806,Alessandra Chechi,rbranciforte@example.net,Resana,2024-03-29
4807,Luigi Leone,calogerocuzzocrea@example.net,Fusara,2025-09-26
4808,Antonietta Ferrazzi,lsoranzo@example.com,Trabocchetto,2026-07-23
4809,Ilaria Disdero,gaitogiorgio@example.net,Pressana,2026-01-02
4810,Carolina Vitturi,luisa62@example.org,Cossirano,2024-08-10
4811,Stella Tomasetti,tvespa@example.org,Magliolo,2025-06-25
4812,Giuseppina Nitto,lillaporzio@example.net,Fiumara,2026-02-25
4813,Dott. Flavia Tasca,upersico@example.com,Palazzolo Sull'Oglio,2025-08-15
4814,Giancarlo Innocenti-Bonomo,erika99@example.org,Cerreto Di Spoleto,2024-11-02
4815,Viridiana Travia,pierajello@example.com,Gosi Pianvignale,2023-09-30
4816,Sig.ra Lolita Gregorio,michela05@example.com,Ripapersico,2025-01-12
4817,Nicoletta Cristoforetti,gioffrestein@example.org,Contrada Val D'Ega,2025-01-01
4818,Diana Fattori,torricelliflavia@example.net,Cerrelli,2025-04-03
4819,Sig. Romolo Tamburi,yburcardo@example.net,Rogolo,2024-11-27
4820,Giulietta Cardano,sborroni@example.net,San Zenone Al Po,2024-02-25
4821,Eva Palladio-Paruta,agilardoni@example.net,Castel Di Leva,2026-04-03
4822,Dott. Giuseppina Druso,lombrosovincenza@example.net,Karnol,2024-08-01
4823,Sante Gozzano-Montecchi,gmanolesso@example.org,Villanova De Bellis,2025-06-15
4824,Niccolò Tanzini,amicocomeriato@example.net,Focette,2024-03-30
4825,Elvira Pacelli,raimondoversace@example.net,Roccamonfina,2026-04-30
4826,Aldo Camicione,morena83@example.net,Glurns,2026-07-15
4827,Rossana Folliero,inzaghigelsomina@example.net,Valtesse,2024-02-14
4828,Paulina Sgalambro,tatianapellegrini@example.net,Sterpito Di Sotto,2026-02-08
4829,Fiorenzo Giannini,hbadoglio@example.com,Laino Borgo,2024-06-09
4830,Dott. Vanessa Bignardi,arseniopace@example.com,Castellazzo De' Barzi,2026-05-19
4831,Alberico Sansoni-Scotti,nturrini@example.com,Talava',2026-09-13
4832,Romana Cesaroni,jbenussi@example.com,Fiesse,2024-05-10
4833,Alessandra Caccianemico,goldonicalogero@example.net,Paggese,2024-04-05
4834,Donatello Cappelli,rismondoeugenia@example.com,Testona,2025-09-22
4835,Lina Baggio,fiorino01@example.net,Pornello,2026-07-23
4836,Leonardo Barese,gianlucataliani@example.org,Vezza D'Oglio,2024-01-13
4837,Greco Berengario-Mercalli,nvenier@example.com,Osasio,2023-12-19
4838,Nico Giacometti,fredosaffi@example.com,Callabiana,2024-07-02
4839,Annetta Fibonacci,nicolettitemistocle@example.org,Borgo D'Ale,2025-03-26
4840,Enzo Ortese,bcilibrasi@example.org,Acquavena,2025-03-08
4841,Giulietta Chiappetta,versacegiuseppina@example.net,Montalto Pavese,2024-10-28
4842,Romana Bartoli,jacopoficino@example.com,Bagno Roselle,2023-12-25
4843,Nedda Calarco,gianfranco43@example.com,Serra Sant'Abbondio,2026-06-11
4844,Gilberto Mezzetta,gricciardi@example.org,Capezzano Monte,2026-02-06
4845,Renata Bondumier,tpizzetti@example.org,Brienza,2026-09-04
4846,Dott. Amadeo Capone,monteverdipaloma@example.com,Portocannone,2025-08-13
4847,Camilla Cesarotti-Iannucci,milo70@example.com,Castelfranco Emilia,2026-07-06
4848,Dott. Amanda Palladio,luisagabrieli@example.net,Cittaducale,2025-05-26
4849,Dott. Priscilla Sismondi,poeriopaloma@example.org,San Nicola Manfredi,2024-01-05
4850,Vito Filzi,temistocle47@example.org,Grumento Nova,2024-12-24
4851,Renzo Barozzi,camanniarnaldo@example.net,San Giorgio Di Mantova,2024-07-05
4852,Giampiero Buonauro,luciano10@example.com,Lecco,2024-02-23
4853,Girolamo Ritacca,flaviocusano@example.com,Coronata,2024-09-13
4854,Nedda Opizzi,dgadda@example.org,Leffe,2026-01-05
4855,Giacobbe Greggio-Cesaroni,vercelloniluigina@example.net,Segni,2024-01-10
4856,Gelsomina Pirandello-Bulzoni,itebaldi@example.org,Vigo Lomaso,2025-05-07
4857,Bettina Bompiani,rosa85@example.com,Pozzoleone,2025-04-20
4858,Dott. Gabriele Montecchi,vanessa71@example.net,Li Celli,2024-07-03
4859,Dott. Antonella Zeffirelli,dante31@example.org,Fossacesia Marina,2024-04-26
4860,Cassandra Treves,kpolizzi@example.org,Serri,2023-11-29
4861,Telemaco Mantegna,martafogazzaro@example.net,Campese,2026-06-07
4862,Dott. Daniele Fuseli,nicovercelloni@example.org,Montereale Valcellina,2024-08-20
4863,Paoletta Soffici,ermes55@example.com,Sitagliacciu,2026-04-19
4864,Eraldo Gargallo,liciagabbana@example.org,Frattaminore,2026-09-03
4865,Lara Dalla,etoninelli@example.net,Canaglia,2026-04-16
4866,Dott. Germana Gianvecchio,liberto05@example.net,Lippiano,2025-07-18
4867,Luciana Bartoli,aportierika@example.com,Ellera,2024-06-03
4868,Dott. Damiano Buscetta,ferragamogianni@example.com,Collobiano,2026-06-03
4869,Patrizio Strangio-Pizzamano,alinamanzoni@example.com,Crotone,2023-10-02
4870,Iolanda Baroffio-Govoni,ncuriel@example.org,Montecreto,2025-09-30
4871,Gelsomina Santoro,ferragnigianni@example.org,Marina,2023-10-03
4872,Monica Giunti,bruno88@example.net,Pennisi,2025-12-03
4873,Lilla Mortati,cuzzocrealoredana@example.net,Barano D'Ischia,2024-10-30
4874,Gianmarco Faranda,pascarellasandro@example.com,Scalera,2024-05-24
4875,Marcella Badoer,cherubiniserena@example.net,Cossila,2025-10-05
4876,Ignazio Franscini-Taliercio,amajewski@example.org,Ronco Campo Canneto,2026-07-12
4877,Dott. Augusto Notarbartolo,susanna48@example.net,Beura Cardezza,2024-01-24
4878,Bettina Galiazzo,hmoneta@example.net,Crespignaga,2024-04-02
4879,Luca Bajamonti,patriziopascarella@example.net,Orvieto,2026-05-22
4880,Iolanda Turchetta,soranzougolino@example.com,Castel Ritaldi,2024-08-07
4881,Orazio Semitecolo,francescogigli@example.net,Realmonte,2023-12-25
4882,Ludovica Petruzzi,antoniettamonteverdi@example.com,Corzano,2024-11-11
4883,Sandro Sagnelli,scaleramarcantonio@example.net,Capriano Del Colle,2026-02-21
4884,Lilla Armani,coriolanorizzoli@example.com,Dozza,2024-01-10
4885,Benvenuto Musatti,pier27@example.org,Fonti,2024-08-23
4886,Isa Panzera-Emo,ruggiero96@example.com,Perticara,2024-10-11
4887,Sig.ra Luigina Cuomo,jacopobonolis@example.com,Riva Di Solto,2025-03-19
4888,Sig. Gianpietro Majewski,sbroggini@example.net,Savorgnano,2024-01-12
4889,Alderano Cammarata,giannacasale@example.org,Ellera Umbra,2024-10-02
4890,Valeria Fantozzi,ybeccheria@example.com,Su Lau,2024-11-06
4891,Eva Morlacchi,qterragni@example.org,Filorsi,2024-08-12
4892,Vittorio Cannizzaro-Civaschi,fioruccimilena@example.net,Santa Teresa Di Riva,2024-01-05
4893,Michele Murri,ypetrocelli@example.com,Rogliano,2025-07-22
4894,Marina Goldstein,eamato@example.com,Porto Valtravaglia,2026-06-13
4895,Erika Jacuzzi,malenchiniuberto@example.org,Sclafani Bagni,2026-02-17
4896,Paola Schiaparelli-Asprucci,gmanunta@example.org,Trevenzuolo,2025-08-09
4897,Mercedes Marini-Malenchini,ninopelli@example.com,Ferrere,2024-12-09
4898,Dott. Rossana Cerquiglini,curciorazio@example.net,Collepietra,2026-06-19
4899,Dott. Graziano Gilardoni,qbonatti@example.org,Torre De' Busi,2025-07-17
4900,Alberico Scarpetta,martino78@example.net,Pianorso,2025-07-23
4901,Camilla Collina,alfredo13@example.org,Vedrana,2026-09-01
4902,Paloma Cardano,pratigiulietta@example.com,Riccardina,2026-05-15
4903,Milena Fischetti,ugobrambilla@example.net,Pasian Di Prato,2025-11-06
4904,Erika Lussu,bergoglioflavio@example.com,Marienberg,2025-11-25
4905,Liana Binaghi,hiacovelli@example.com,Fighille,2024-01-09
4906,Fabio Baggio,lgoldoni@example.net,Roccagiovine,2025-09-26
4907,Erika Mazzeo,gelsomina79@example.net,Traversetolo,2025-03-17
4908,Roberto Pellegrini,angelica51@example.com,Faggiano,2026-09-04
4909,Sig.ra Rosina Scarfoglio,kalbertini@example.com,Gorzegno,2026-07-22
4910,Tonia Boiardo,balbiguido@example.org,Pino Sulla Sponda Del Lago Maggiore,2025-03-14
4911,Gino Tamburi,hfagotto@example.org,Carimate,2024-04-21
4912,Alessandra Petruzzi,claudia13@example.net,Struppa,2026-01-21
4913,Gioachino Gemito,flora30@example.com,Policastrello,2024-04-02
4914,Giulia Comeriato,smarazzi@example.com,Villaggio Sondalo,2025-11-19
4915,Marisa Paltrinieri-Caboto,spinellialdo@example.com,Santo Stefano Quisquina,2024-02-22
4916,Angelo Chiappetta,tomeicarolina@example.org,Vado Ligure,2024-06-08
4917,Bruno Branciforte,gianfranco20@example.net,Petriolo,2024-08-25
4918,Vincenzo Dallara,gianluigi18@example.net,Germagno,2026-07-02
4919,Uberto Ponti,rcappelli@example.org,Pianiga,2026-06-27
4920,Piersanti Ciani,mauriliofittipaldi@example.com,Blandino,2026-05-22
4921,Flavia Prada-Biagi,amico87@example.org,Preone,2024-04-18
4922,Ida Zanazzo,rsimeoni@example.net,Tina,2024-04-16
4923,Edoardo Gozzi,bprocacci@example.com,Sant'Angelo Di Piove Di Sacco,2024-06-22
4924,Giulietta Gasperi,torquato77@example.net,Rometta,2024-01-25
4925,Valentina Villarosa,enzodibiasi@example.net,Scanzorosciate,2024-08-30
4926,Giacobbe Baracca,rcurci@example.org,Antagnod,2026-09-04
4927,Dott. Umberto Beccaria,gabrieligriselda@example.org,Ponteginori,2025-07-15
4928,Stefani Barsanti,binaghiantonella@example.com,Millepini,2026-09-18
4929,Vittoria Guidotti,ogaltarossa@example.net,Sassano,2024-09-07
4930,Dario Borghese,alina43@example.com,Duino,2024-08-14
4931,Giampaolo Zanazzo,ypetrucci@example.org,Villafranca,2026-02-12
4932,Flavia Zanzi,pfalloppio@example.com,Albignasego,2026-07-16
4933,Margherita Murialdo,tserlupi@example.com,San Carlo Canavese,2023-12-07
4934,Sig. Agnolo Lercari,paride43@example.com,Badiola,2026-01-21
4935,Enzio Gentileschi,toniagulotta@example.com,Pistoia,2024-02-01
4936,Bettina Pacillo,hbarracco@example.com,Lanciano,2026-06-25
4937,Amleto Sabatini-Tamburi,galassoagnesi@example.org,Castello D'Alvito,2024-09-06
4938,Martino Tarchetti,nedda88@example.net,Francofonte,2025-04-03
4939,Sig. Ennio Bernini,rismondoornella@example.com,Vergemoli,2024-04-08
4940,Alfredo Peano,patriziaruberto@example.com,Caletta Di Castiglioncello,2026-03-30
4941,Giulia Migliaccio,ommajacopo@example.net,Santa Chiara Di Nardo',2024-08-19
4942,Barbara Calvo-Ludovisi,larabattaglia@example.org,Castel San Lorenzo,2023-10-13
4943,Fiorenzo Ottino,goldsteinbianca@example.net,Dolzago,2024-12-03
4944,Milena Rizzo,orazio55@example.net,Rapolano Terme,2025-06-20
4945,Silvia Redi,massimilianochechi@example.org,Gargani,2024-06-29
4946,Gemma Procacci,ermes63@example.org,Acconia,2025-04-08
4947,Donatella Ubaldi,antonietta70@example.com,Lama Di Setta,2025-07-10
4948,Greca Galilei,aturati@example.com,Trentino Nel Frignano,2024-09-19
4949,Pier Prati,caponesusanna@example.org,Dussoi,2025-09-14
4950,Giovanni Sommaruga,gspanevello@example.net,Rittana,2024-05-27
4951,Berenice Tasca,enzogiammusso@example.com,Castellina Scalo,2024-05-11
4952,Giuliana Platini,giuseppeveltroni@example.com,Rizziconi,2024-08-17
4953,Gianpietro Cipolla,gelsominamocenigo@example.com,Villimpenta,2025-11-30
4954,Eva Tirabassi-Ferrazzi,severinomorpurgo@example.com,Tommaso Natale,2024-10-15
4955,Amleto Geraci,vbianchi@example.org,Cuorgne',2024-12-22
4956,Maurilio Tamburi,nico23@example.com,Poderi Di Montemerano,2023-11-19
4957,Tina Fantini,olga21@example.net,Matonti,2025-10-28
4958,Marissa Nievo,enricoanichini@example.com,Plodio,2025-11-23
4959,Rodolfo Pascarella-Gregori,giacomo26@example.com,Reda,2026-07-12
4960,Pasquale Venier-Mastandrea,achillefarinelli@example.org,Monesiglio,2024-06-25
4961,Uberto Gualandi,barbara72@example.com,Pievescola,2025-07-10
4962,Adriano Errani,sagredobeppe@example.org,Ovada,2026-06-27
4963,Gaspare Maffei,gabriellalucchesi@example.org,Tagliata,2026-04-21
4964,Carolina Scarponi-Palazzo,giosue44@example.net,Montecassino,2024-10-29
4965,Morena Schicchi,zairamarrone@example.org,Sarule,2024-03-24
4966,Maura Veneziano,lauretta54@example.org,Trevignano Romano,2025-02-05
4967,Gastone Loredan-Bajardi,einaudietta@example.com,Melissa,2023-12-30
4968,Donatella Germano,pisaronidaria@example.org,Bussolengo,2026-04-15
4969,Gino Pacetti,panattatonia@example.org,Santa Vittoria D'Alba,2024-02-10
4970,Liberto Scamarcio,pinadraghi@example.net,Tremestieri,2023-11-03
4971,Loretta Boccherini,donnabernini@example.com,Succivo,2024-05-10
4972,Sylvia Collina-Rosselli,romeobernini@example.net,Cirello,2023-09-30
4973,Patrizio Zanichelli,agnolo52@example.com,Castagnito,2026-09-09
4974,Baccio Rosselli,ubroggini@example.com,Garna,2024-10-28
4975,Pompeo Germano,fabriziointerminelli@example.org,Bousson,2025-05-06
4976,Dott. Federico Cutrufo,giuliadonati@example.com,Maletto,2025-04-04
4977,Fabio Comisso-Chechi,giorgiaforza@example.net,Lanusei,2026-09-10
4978,Sig.ra Isa Spadafora,ludovico92@example.com,Dragonea,2026-07-18
4979,Pasqual Pucci-Malenchini,alessiapace@example.org,Calvisi,2026-03-02
4980,Benedetto Bongiorno,opergolesi@example.com,San Gallo,2026-07-23
4981,Tatiana Almagià,brunoferretti@example.net,Luserna San Giovanni,2024-02-16
4982,Isa Mocenigo,zcasaleggio@example.net,Norma,2024-05-19
4983,Marta Draghi-Vercelloni,luigipavone@example.net,San Martino D'Agri,2026-05-14
4984,Pierluigi Tommaseo,obinaghi@example.org,Oleggio Castello,2025-07-10
4985,Greco Pigafetta,iorlando@example.net,Summonte,2026-02-28
4986,Gabriella Bazzi-Maccanelli,morena85@example.org,Sant'Angelo A Lecore,2025-01-21
4987,Cecilia Chindamo,hrensi@example.net,Dalmine,2024-03-27
4988,Gianpaolo Ficino,sanudoilaria@example.com,Mercato San Severino,2025-05-29
4989,Beppe Boldù-Spinola,antonio25@example.com,Fossato Ionico,2024-08-16
4990,Gelsomina Gozzano,bompianitonia@example.com,Tancau Sul Mare,2023-09-29
4991,Fabio Galtarossa,grecopizzetti@example.org,Ghiare Di Berceto,2026-06-16
4992,Mattia Pergolesi-Celentano,danilosmirnoff@example.com,Belvedere Di Spinello,2025-12-30
4993,Gemma Binaghi,priuliranieri@example.org,Sant'Anastasia,2026-07-12
4994,Paloma Ponti,lidiafieramosca@example.org,Uri,2024-11-09
4995,Lilla Cocci,adamo75@example.net,San Venerio,2025-11-22
4996,Sig.ra Nicoletta Raurica,xnadi@example.org,Giugliano In Campania,2026-04-24
4997,Raffaele Abate,fabrizia97@example.net,Bianzano,2026-05-06
4998,Sig. Guarino Scialpi,annibale02@example.com,Bertipaglia,2025-03-31
4999,Dott. Melania Canova,pepemicheletto@example.com,Stretti Di Eraclea,2026-01-08
5000,Lauretta Pisani,liverottitatiana@example.net,Pescocanale Di Capistrello,2026-02-19
